mol_name;atom_idx;Atom_Symbol;label;xenosom_prob_mean;xenosom_n_voti_positivi;xenosom_y_pred_ensemble;gnnsom_score;fame3r_prediction;fame3r_prediction_binary;smiles
DBAJAC;0;C;0;0,0049562049563974;0;0;0,029488;0,736;1;c1ccc2c(c1)ccc1nc3ccc4ccccc4c3cc12
DBAJAC;1;C;0;0,006321167666465;0;0;0,019717;0,072;0;c1ccc2c(c1)ccc1nc3ccc4ccccc4c3cc12
DBAJAC;2;C;0;0,0021900988649576;0;0;0,101159;0,104;0;c1ccc2c(c1)ccc1nc3ccc4ccccc4c3cc12
DBAJAC;3;C;0;0,0067155294120311;0;0;0,137093;0,0;0;c1ccc2c(c1)ccc1nc3ccc4ccccc4c3cc12
DBAJAC;4;C;1;0,018111340329051;0;0;0,32268;0,004;0;c1ccc2c(c1)ccc1nc3ccc4ccccc4c3cc12
DBAJAC;5;N;1;0,0133688692003488;0;0;0,757763;0,5;1;c1ccc2c(c1)ccc1nc3ccc4ccccc4c3cc12
DBAJAC;6;C;1;0,018111340329051;0;0;0,307177;0,24;0;c1ccc2c(c1)ccc1nc3ccc4ccccc4c3cc12
DBAJAC;7;C;0;0,0067155294120311;0;0;0,142714;0,12;0;c1ccc2c(c1)ccc1nc3ccc4ccccc4c3cc12
DBAJAC;8;C;0;0,0021900988649576;0;0;0,096221;0,004;0;c1ccc2c(c1)ccc1nc3ccc4ccccc4c3cc12
DBAJAC;9;C;0;0,006321167666465;0;0;0,016917;0,056;0;c1ccc2c(c1)ccc1nc3ccc4ccccc4c3cc12
DBAJAC;10;C;0;0,0049562049563974;0;0;0,018873;0,004;0;c1ccc2c(c1)ccc1nc3ccc4ccccc4c3cc12
DBAJAC;11;C;1;0,0122389455325901;0;0;0,147347;0,12;0;c1ccc2c(c1)ccc1nc3ccc4ccccc4c3cc12
DBAJAC;12;C;1;0,0032921991543844;0;0;0,304076;0,24;0;c1ccc2c(c1)ccc1nc3ccc4ccccc4c3cc12
DBAJAC;13;C;1;0,0122389455325901;0;0;0,131311;0,004;0;c1ccc2c(c1)ccc1nc3ccc4ccccc4c3cc12
DBAJAC;14;C;0;0,0017184015596285;0;0;0,041599;0,5;1;c1ccc2c(c1)ccc1nc3ccc4ccccc4c3cc12
DBAJAC;15;C;0;0,0017269580275751;0;0;0,019748;0,736;1;c1ccc2c(c1)ccc1nc3ccc4ccccc4c3cc12
DBAJAC;16;C;0;0,0017295494093559;0;0;0,021881;0,072;0;c1ccc2c(c1)ccc1nc3ccc4ccccc4c3cc12
DBAJAC;17;C;0;0,0019420488504692;0;0;0,05739;0,104;0;c1ccc2c(c1)ccc1nc3ccc4ccccc4c3cc12
DBAJAC;18;C;0;0,0019420488504692;0;0;0,044525;0,0;0;c1ccc2c(c1)ccc1nc3ccc4ccccc4c3cc12
DBAJAC;19;C;0;0,0017295494093559;0;0;0,025849;0,004;0;c1ccc2c(c1)ccc1nc3ccc4ccccc4c3cc12
DBAJAC;20;C;0;0,0017269580275751;0;0;0,011708;0,056;0;c1ccc2c(c1)ccc1nc3ccc4ccccc4c3cc12
DBAJAC;21;C;0;0,0017184015596285;0;0;0,024494;0,004;0;c1ccc2c(c1)ccc1nc3ccc4ccccc4c3cc12
O6-benzylguanine;0;N;0;0,0181913584470748;0;0;0,113096;0,072;0;Nc1nc(OCc2ccccc2)c2[nH]cnc2n1
O6-benzylguanine;1;C;1;0,0079202964901924;0;0;0,077839;0,024;0;Nc1nc(OCc2ccccc2)c2[nH]cnc2n1
O6-benzylguanine;2;N;1;0,0077618684619665;0;0;0,128499;0,016;0;Nc1nc(OCc2ccccc2)c2[nH]cnc2n1
O6-benzylguanine;3;C;0;0,0261541252955794;0;0;0,006104;0,056;0;Nc1nc(OCc2ccccc2)c2[nH]cnc2n1
O6-benzylguanine;4;N;0;0,0122177519835531;0;0;0,035215;0,028;0;Nc1nc(OCc2ccccc2)c2[nH]cnc2n1
O6-benzylguanine;5;C;0;0,0198023507371544;0;0;0,15075;0,072;0;Nc1nc(OCc2ccccc2)c2[nH]cnc2n1
O6-benzylguanine;6;N;0;0,010260834544897;0;0;0,180681;0,004;0;Nc1nc(OCc2ccccc2)c2[nH]cnc2n1
O6-benzylguanine;7;N;0;0,0081219665706157;0;0;0,118036;0,0;0;Nc1nc(OCc2ccccc2)c2[nH]cnc2n1
O6-benzylguanine;8;C;0;0,0135973896831274;0;0;0,282421;0,012;0;Nc1nc(OCc2ccccc2)c2[nH]cnc2n1
O6-benzylguanine;9;O;0;0,0017507438315078;0;0;0,431945;0,008;0;Nc1nc(OCc2ccccc2)c2[nH]cnc2n1
O6-benzylguanine;10;C;0;0,0216381462290883;0;0;0,008491;0,012;0;Nc1nc(OCc2ccccc2)c2[nH]cnc2n1
O6-benzylguanine;11;C;0;0,000901614036411;0;0;0,559093;0,0;0;Nc1nc(OCc2ccccc2)c2[nH]cnc2n1
O6-benzylguanine;12;C;0;0,0038322930049616;0;0;0,033867;0,02;0;Nc1nc(OCc2ccccc2)c2[nH]cnc2n1
O6-benzylguanine;13;C;0;0,001410967123229;0;0;0,024056;0,128;0;Nc1nc(OCc2ccccc2)c2[nH]cnc2n1
O6-benzylguanine;14;C;0;0,0016766975284554;0;0;0,03181;0,66;1;Nc1nc(OCc2ccccc2)c2[nH]cnc2n1
O6-benzylguanine;15;C;0;0,0013960623939055;0;0;0,007387;0,044;0;Nc1nc(OCc2ccccc2)c2[nH]cnc2n1
O6-benzylguanine;16;C;0;0,0016766975284554;0;0;0,024432;0,056;0;Nc1nc(OCc2ccccc2)c2[nH]cnc2n1
O6-benzylguanine;17;C;0;0,001410967123229;0;0;0,022036;0,008;0;Nc1nc(OCc2ccccc2)c2[nH]cnc2n1
cisapride;0;C;0;0,0038587754766922;0;0;0,105203;0,16;0;COc1cc(N)c(Cl)cc1C(=O)N[C@]1CCN(CCCOc2ccc(F)cc2)C[C@]1OC
cisapride;1;C;0;0,0017836206941865;0;0;0,049499;0,004;0;COc1cc(N)c(Cl)cc1C(=O)N[C@]1CCN(CCCOc2ccc(F)cc2)C[C@]1OC
cisapride;2;C;0;0,0018702348228543;0;0;0,01066;0,008;0;COc1cc(N)c(Cl)cc1C(=O)N[C@]1CCN(CCCOc2ccc(F)cc2)C[C@]1OC
cisapride;3;C;1;0,0034062626305967;0;0;0,017758;0,172;0;COc1cc(N)c(Cl)cc1C(=O)N[C@]1CCN(CCCOc2ccc(F)cc2)C[C@]1OC
cisapride;4;C;0;0,0018702348228543;0;0;0,007033;0,008;0;COc1cc(N)c(Cl)cc1C(=O)N[C@]1CCN(CCCOc2ccc(F)cc2)C[C@]1OC
cisapride;5;C;0;0,0017836206941865;0;0;0,057785;0,028;0;COc1cc(N)c(Cl)cc1C(=O)N[C@]1CCN(CCCOc2ccc(F)cc2)C[C@]1OC
cisapride;6;F;1;0,0011685470410156;0;0;0,098843;0,008;0;COc1cc(N)c(Cl)cc1C(=O)N[C@]1CCN(CCCOc2ccc(F)cc2)C[C@]1OC
cisapride;7;O;0;0,0010399242164567;0;0;0,182778;0,0;0;COc1cc(N)c(Cl)cc1C(=O)N[C@]1CCN(CCCOc2ccc(F)cc2)C[C@]1OC
cisapride;8;C;0;0,0005162001732969;0;0;0,120788;0,012;0;COc1cc(N)c(Cl)cc1C(=O)N[C@]1CCN(CCCOc2ccc(F)cc2)C[C@]1OC
cisapride;9;C;0;0,0003837362281046;0;0;0,042009;0,004;0;COc1cc(N)c(Cl)cc1C(=O)N[C@]1CCN(CCCOc2ccc(F)cc2)C[C@]1OC
cisapride;10;C;0;0,000333862521802;0;0;0,032306;0,068;0;COc1cc(N)c(Cl)cc1C(=O)N[C@]1CCN(CCCOc2ccc(F)cc2)C[C@]1OC
cisapride;11;N;0;0,0003597230082959;0;0;0,071402;0,004;0;COc1cc(N)c(Cl)cc1C(=O)N[C@]1CCN(CCCOc2ccc(F)cc2)C[C@]1OC
cisapride;12;C;0;0,0003038783077499;0;0;0,042738;0,068;0;COc1cc(N)c(Cl)cc1C(=O)N[C@]1CCN(CCCOc2ccc(F)cc2)C[C@]1OC
cisapride;13;C;0;0,0003986790252383;0;0;0,017962;0,052;0;COc1cc(N)c(Cl)cc1C(=O)N[C@]1CCN(CCCOc2ccc(F)cc2)C[C@]1OC
cisapride;14;C;0;0,0009395228524226;0;0;0,018596;0,028;0;COc1cc(N)c(Cl)cc1C(=O)N[C@]1CCN(CCCOc2ccc(F)cc2)C[C@]1OC
cisapride;15;C;0;0,0004966805514413;0;0;0,013006;0,264;0;COc1cc(N)c(Cl)cc1C(=O)N[C@]1CCN(CCCOc2ccc(F)cc2)C[C@]1OC
cisapride;16;C;0;0,0003293296264018;0;0;0,026011;0,18;0;COc1cc(N)c(Cl)cc1C(=O)N[C@]1CCN(CCCOc2ccc(F)cc2)C[C@]1OC
cisapride;17;O;0;0,0003619120994699;0;0;0,023971;0,184;0;COc1cc(N)c(Cl)cc1C(=O)N[C@]1CCN(CCCOc2ccc(F)cc2)C[C@]1OC
cisapride;18;C;0;0,0002953467381303;0;0;0,020804;0,036;0;COc1cc(N)c(Cl)cc1C(=O)N[C@]1CCN(CCCOc2ccc(F)cc2)C[C@]1OC
cisapride;19;N;0;0,0014113290351815;0;0;0,370474;0,116;0;COc1cc(N)c(Cl)cc1C(=O)N[C@]1CCN(CCCOc2ccc(F)cc2)C[C@]1OC
cisapride;20;C;0;0,0024846171028912;0;0;0,681145;0,068;0;COc1cc(N)c(Cl)cc1C(=O)N[C@]1CCN(CCCOc2ccc(F)cc2)C[C@]1OC
cisapride;21;O;0;0,0022868768544867;0;0;0,136977;0,024;0;COc1cc(N)c(Cl)cc1C(=O)N[C@]1CCN(CCCOc2ccc(F)cc2)C[C@]1OC
cisapride;22;C;0;0,0048053113278001;0;0;0,069166;0,048;0;COc1cc(N)c(Cl)cc1C(=O)N[C@]1CCN(CCCOc2ccc(F)cc2)C[C@]1OC
cisapride;23;C;0;0,0055678650736808;0;0;0,007055;0,04;0;COc1cc(N)c(Cl)cc1C(=O)N[C@]1CCN(CCCOc2ccc(F)cc2)C[C@]1OC
cisapride;24;C;0;0,003105220850557;0;0;0,013331;0,26;0;COc1cc(N)c(Cl)cc1C(=O)N[C@]1CCN(CCCOc2ccc(F)cc2)C[C@]1OC
cisapride;25;C;0;0,0078640875406563;0;0;0,066871;0,008;0;COc1cc(N)c(Cl)cc1C(=O)N[C@]1CCN(CCCOc2ccc(F)cc2)C[C@]1OC
cisapride;26;C;0;0,0056886259000748;0;0;0,062816;0,04;0;COc1cc(N)c(Cl)cc1C(=O)N[C@]1CCN(CCCOc2ccc(F)cc2)C[C@]1OC
cisapride;27;C;0;0,0055197826586663;0;0;0,036394;0,048;0;COc1cc(N)c(Cl)cc1C(=O)N[C@]1CCN(CCCOc2ccc(F)cc2)C[C@]1OC
cisapride;28;Cl;0;0,0020147220930084;0;0;0,087504;0,232;0;COc1cc(N)c(Cl)cc1C(=O)N[C@]1CCN(CCCOc2ccc(F)cc2)C[C@]1OC
cisapride;29;N;0;0,0058344863820821;0;0;0,322192;0,1;0;COc1cc(N)c(Cl)cc1C(=O)N[C@]1CCN(CCCOc2ccc(F)cc2)C[C@]1OC
cisapride;30;O;0;0,0010722648061346;0;0;0,072427;0,02;0;COc1cc(N)c(Cl)cc1C(=O)N[C@]1CCN(CCCOc2ccc(F)cc2)C[C@]1OC
cisapride;31;C;0;0,0005194803350605;0;0;0,05438;0,212;0;COc1cc(N)c(Cl)cc1C(=O)N[C@]1CCN(CCCOc2ccc(F)cc2)C[C@]1OC
indole;0;C;0;0,001759982749354;0;0;0,079196;0,544;1;c1ccc2[nH]ccc2c1
indole;1;C;0;0,0018751831143163;0;0;0,068566;0,452;1;c1ccc2[nH]ccc2c1
indole;2;C;0;0,0031366918003186;0;0;0,137026;0,268;0;c1ccc2[nH]ccc2c1
indole;3;C;0;0,007729422301054;0;0;0,057301;0,048;0;c1ccc2[nH]ccc2c1
indole;4;C;0;0,0097043253481388;0;0;0,055502;0,444;1;c1ccc2[nH]ccc2c1
indole;5;C;0;0,0018361990107223;0;0;0,075923;0,58;1;c1ccc2[nH]ccc2c1
indole;6;C;1;0,0049018314573913;0;0;0,64437;0,356;1;c1ccc2[nH]ccc2c1
indole;7;C;1;0,0061411924660205;0;0;0,380789;0,04;0;c1ccc2[nH]ccc2c1
indole;8;N;0;0,0131397620774805;0;0;0,402673;0,224;0;c1ccc2[nH]ccc2c1
cj_12_458;0;C;0;0,0060717456042766;0;0;0,004813;0,42;1;COc1ccc(C(C)=C)cc1CN[C@]1[C@@]2CCN(CC2)[C@@]1C(c1ccccc1)c1ccccc1
cj_12_458;1;C;0;0,0015637179021723;0;0;0,013422;0,264;0;COc1ccc(C(C)=C)cc1CN[C@]1[C@@]2CCN(CC2)[C@@]1C(c1ccccc1)c1ccccc1
cj_12_458;2;C;0;0,0017172187566757;0;0;0,019994;0,344;1;COc1ccc(C(C)=C)cc1CN[C@]1[C@@]2CCN(CC2)[C@@]1C(c1ccccc1)c1ccccc1
cj_12_458;3;C;0;0,001400940172607;0;0;0,033301;0,008;0;COc1ccc(C(C)=C)cc1CN[C@]1[C@@]2CCN(CC2)[C@@]1C(c1ccccc1)c1ccccc1
cj_12_458;4;C;0;0,0017172187566757;0;0;0,028201;0,06;0;COc1ccc(C(C)=C)cc1CN[C@]1[C@@]2CCN(CC2)[C@@]1C(c1ccccc1)c1ccccc1
cj_12_458;5;C;0;0,0015637179021723;0;0;0,017785;0,068;0;COc1ccc(C(C)=C)cc1CN[C@]1[C@@]2CCN(CC2)[C@@]1C(c1ccccc1)c1ccccc1
cj_12_458;6;C;0;0,0012829078768845;0;0;0,219394;0,02;0;COc1ccc(C(C)=C)cc1CN[C@]1[C@@]2CCN(CC2)[C@@]1C(c1ccccc1)c1ccccc1
cj_12_458;7;C;0;0,0060717456042766;0;0;0,00693;0,02;0;COc1ccc(C(C)=C)cc1CN[C@]1[C@@]2CCN(CC2)[C@@]1C(c1ccccc1)c1ccccc1
cj_12_458;8;C;0;0,0015637179021723;0;0;0,017015;0,764;1;COc1ccc(C(C)=C)cc1CN[C@]1[C@@]2CCN(CC2)[C@@]1C(c1ccccc1)c1ccccc1
cj_12_458;9;C;0;0,0017172187566757;0;0;0,025799;0,008;0;COc1ccc(C(C)=C)cc1CN[C@]1[C@@]2CCN(CC2)[C@@]1C(c1ccccc1)c1ccccc1
cj_12_458;10;C;0;0,001400940172607;0;0;0,033857;0,088;0;COc1ccc(C(C)=C)cc1CN[C@]1[C@@]2CCN(CC2)[C@@]1C(c1ccccc1)c1ccccc1
cj_12_458;11;C;0;0,0017172187566757;0;0;0,020842;0,068;0;COc1ccc(C(C)=C)cc1CN[C@]1[C@@]2CCN(CC2)[C@@]1C(c1ccccc1)c1ccccc1
cj_12_458;12;C;0;0,0015637179021723;0;0;0,017287;0,128;0;COc1ccc(C(C)=C)cc1CN[C@]1[C@@]2CCN(CC2)[C@@]1C(c1ccccc1)c1ccccc1
cj_12_458;13;C;0;0,0005538736353628;0;0;0,127168;0,124;0;COc1ccc(C(C)=C)cc1CN[C@]1[C@@]2CCN(CC2)[C@@]1C(c1ccccc1)c1ccccc1
cj_12_458;14;C;0;0,0004543260962236;0;0;0,176946;0,068;0;COc1ccc(C(C)=C)cc1CN[C@]1[C@@]2CCN(CC2)[C@@]1C(c1ccccc1)c1ccccc1
cj_12_458;15;C;0;0,0004476504313061;0;0;0,015444;0,144;0;COc1ccc(C(C)=C)cc1CN[C@]1[C@@]2CCN(CC2)[C@@]1C(c1ccccc1)c1ccccc1
cj_12_458;16;C;0;0,0003256250667618;0;0;0,022936;0,096;0;COc1ccc(C(C)=C)cc1CN[C@]1[C@@]2CCN(CC2)[C@@]1C(c1ccccc1)c1ccccc1
cj_12_458;17;C;0;0,0003045474091777;0;0;0,059656;0,144;0;COc1ccc(C(C)=C)cc1CN[C@]1[C@@]2CCN(CC2)[C@@]1C(c1ccccc1)c1ccccc1
cj_12_458;18;N;0;0,0003918966714991;0;0;0,102484;0,068;0;COc1ccc(C(C)=C)cc1CN[C@]1[C@@]2CCN(CC2)[C@@]1C(c1ccccc1)c1ccccc1
cj_12_458;19;C;0;0,0003256250667618;0;0;0,029891;0,112;0;COc1ccc(C(C)=C)cc1CN[C@]1[C@@]2CCN(CC2)[C@@]1C(c1ccccc1)c1ccccc1
cj_12_458;20;C;0;0,0003045474091777;0;0;0,080106;0,06;0;COc1ccc(C(C)=C)cc1CN[C@]1[C@@]2CCN(CC2)[C@@]1C(c1ccccc1)c1ccccc1
cj_12_458;21;N;0;0,0003892659340635;0;0;0,486691;0,008;0;COc1ccc(C(C)=C)cc1CN[C@]1[C@@]2CCN(CC2)[C@@]1C(c1ccccc1)c1ccccc1
cj_12_458;22;C;0;0,0005843779887072;0;0;0,205494;0,012;0;COc1ccc(C(C)=C)cc1CN[C@]1[C@@]2CCN(CC2)[C@@]1C(c1ccccc1)c1ccccc1
cj_12_458;23;C;0;0,0025136573356576;0;0;0,023157;0,004;0;COc1ccc(C(C)=C)cc1CN[C@]1[C@@]2CCN(CC2)[C@@]1C(c1ccccc1)c1ccccc1
cj_12_458;24;C;0;0,002037825260777;0;0;0,082438;0,02;0;COc1ccc(C(C)=C)cc1CN[C@]1[C@@]2CCN(CC2)[C@@]1C(c1ccccc1)c1ccccc1
cj_12_458;25;C;0;0,0203165515325963;0;0;0,011754;0,004;0;COc1ccc(C(C)=C)cc1CN[C@]1[C@@]2CCN(CC2)[C@@]1C(c1ccccc1)c1ccccc1
cj_12_458;26;C;0;0,0021044451859779;0;0;0,030836;0,012;0;COc1ccc(C(C)=C)cc1CN[C@]1[C@@]2CCN(CC2)[C@@]1C(c1ccccc1)c1ccccc1
cj_12_458;27;C;0;0,0020623443066142;0;0;0,015622;0,008;0;COc1ccc(C(C)=C)cc1CN[C@]1[C@@]2CCN(CC2)[C@@]1C(c1ccccc1)c1ccccc1
cj_12_458;28;C;0;0,002911032247357;0;0;0,009685;0,012;0;COc1ccc(C(C)=C)cc1CN[C@]1[C@@]2CCN(CC2)[C@@]1C(c1ccccc1)c1ccccc1
cj_12_458;29;O;0;0,0009711124061141;0;0;0,021359;0,004;0;COc1ccc(C(C)=C)cc1CN[C@]1[C@@]2CCN(CC2)[C@@]1C(c1ccccc1)c1ccccc1
cj_12_458;30;C;0;0,0005133173632202;0;0;0,0451;0,02;0;COc1ccc(C(C)=C)cc1CN[C@]1[C@@]2CCN(CC2)[C@@]1C(c1ccccc1)c1ccccc1
cj_12_458;31;C;1;0,0098214883357286;0;0;0,066862;0,004;0;COc1ccc(C(C)=C)cc1CN[C@]1[C@@]2CCN(CC2)[C@@]1C(c1ccccc1)c1ccccc1
cj_12_458;32;C;0;0,0029939976288005;0;0;0,008418;0,012;0;COc1ccc(C(C)=C)cc1CN[C@]1[C@@]2CCN(CC2)[C@@]1C(c1ccccc1)c1ccccc1
cj_12_458;33;C;1;0,0123925820924341;0;0;0,225383;0,0;0;COc1ccc(C(C)=C)cc1CN[C@]1[C@@]2CCN(CC2)[C@@]1C(c1ccccc1)c1ccccc1
furan;0;C;1;0,0022917515365406;0;0;0,253606;0,068;0;c1ccoc1
furan;1;C;1;0,0022917515365406;0;0;0,281491;0,068;0;c1ccoc1
furan;2;C;1;0,0034988468047231;0;0;0,674429;0,908;1;c1ccoc1
furan;3;O;0;0,0046507405815646;0;0;0,316763;0,048;0;c1ccoc1
furan;4;C;1;0,0034988468047231;0;0;0,65783;0,908;1;c1ccoc1
nifedipine;0;C;0;0,0287028174847364;0;0;0,149961;0,152;0;COC(=O)C1=C(C)NC(C)=C(C(=O)OC)C1c1ccccc1[N+](=O)[O-]
nifedipine;1;C;0;0,0029443629318848;0;0;0,019982;0,052;0;COC(=O)C1=C(C)NC(C)=C(C(=O)OC)C1c1ccccc1[N+](=O)[O-]
nifedipine;2;C;0;0,001777708530426;0;0;0,00576;0,3;0;COC(=O)C1=C(C)NC(C)=C(C(=O)OC)C1c1ccccc1[N+](=O)[O-]
nifedipine;3;C;0;0,0016956345178186;0;0;0,029314;0,028;0;COC(=O)C1=C(C)NC(C)=C(C(=O)OC)C1c1ccccc1[N+](=O)[O-]
nifedipine;4;C;0;0,001793782657478;0;0;0,040448;0,08;0;COC(=O)C1=C(C)NC(C)=C(C(=O)OC)C1c1ccccc1[N+](=O)[O-]
nifedipine;5;C;0;0,0089967481791973;0;0;0,021469;0,104;0;COC(=O)C1=C(C)NC(C)=C(C(=O)OC)C1c1ccccc1[N+](=O)[O-]
nifedipine;6;C;0;0,1258426442742347;0;0;0,073305;0,148;0;COC(=O)C1=C(C)NC(C)=C(C(=O)OC)C1c1ccccc1[N+](=O)[O-]
nifedipine;7;C;1;0,6092930912971497;3;1;0,055405;0,124;0;COC(=O)C1=C(C)NC(C)=C(C(=O)OC)C1c1ccccc1[N+](=O)[O-]
nifedipine;8;C;1;0,5060121566057205;3;1;0,144954;0,104;0;COC(=O)C1=C(C)NC(C)=C(C(=O)OC)C1c1ccccc1[N+](=O)[O-]
nifedipine;9;N;0;0,01095866933465;0;0;0,267733;0,148;0;COC(=O)C1=C(C)NC(C)=C(C(=O)OC)C1c1ccccc1[N+](=O)[O-]
nifedipine;10;C;1;0,5060121566057205;3;1;0,165494;0,08;0;COC(=O)C1=C(C)NC(C)=C(C(=O)OC)C1c1ccccc1[N+](=O)[O-]
nifedipine;11;C;1;0,6092930912971497;3;1;0,047103;0,3;0;COC(=O)C1=C(C)NC(C)=C(C(=O)OC)C1c1ccccc1[N+](=O)[O-]
nifedipine;12;C;0;0,0029059851542115;0;0;0,029953;0,028;0;COC(=O)C1=C(C)NC(C)=C(C(=O)OC)C1c1ccccc1[N+](=O)[O-]
nifedipine;13;C;0;0,0029059851542115;0;0;0,049025;0,052;0;COC(=O)C1=C(C)NC(C)=C(C(=O)OC)C1c1ccccc1[N+](=O)[O-]
nifedipine;14;C;0;0,010720279905945;0;0;0,109696;0,152;0;COC(=O)C1=C(C)NC(C)=C(C(=O)OC)C1c1ccccc1[N+](=O)[O-]
nifedipine;15;O;0;0,0013410935760475;0;0;0,038691;0,056;0;COC(=O)C1=C(C)NC(C)=C(C(=O)OC)C1c1ccccc1[N+](=O)[O-]
nifedipine;16;O;0;0,0030963562894612;0;0;0,004538;0,008;0;COC(=O)C1=C(C)NC(C)=C(C(=O)OC)C1c1ccccc1[N+](=O)[O-]
nifedipine;17;C;0;0,010720279905945;0;0;0,113798;0,016;0;COC(=O)C1=C(C)NC(C)=C(C(=O)OC)C1c1ccccc1[N+](=O)[O-]
nifedipine;18;O;0;0,0013410935760475;0;0;0,040012;0,084;0;COC(=O)C1=C(C)NC(C)=C(C(=O)OC)C1c1ccccc1[N+](=O)[O-]
nifedipine;19;O;0;0,0030963562894612;0;0;0,003768;0,124;0;COC(=O)C1=C(C)NC(C)=C(C(=O)OC)C1c1ccccc1[N+](=O)[O-]
nifedipine;20;C;0;0,00080940349726;0;0;0,037983;0,088;0;COC(=O)C1=C(C)NC(C)=C(C(=O)OC)C1c1ccccc1[N+](=O)[O-]
nifedipine;21;O;0;0,9195846796035768;5;1;0,438534;0,016;0;COC(=O)C1=C(C)NC(C)=C(C(=O)OC)C1c1ccccc1[N+](=O)[O-]
nifedipine;22;O;0;0,2510823130607605;0;0;0,518369;0,388;1;COC(=O)C1=C(C)NC(C)=C(C(=O)OC)C1c1ccccc1[N+](=O)[O-]
nifedipine;23;C;0;0,00080940349726;0;0;0,021456;0,004;0;COC(=O)C1=C(C)NC(C)=C(C(=O)OC)C1c1ccccc1[N+](=O)[O-]
nifedipine;24;N;0;0,9061845779418946;5;1;0,829755;0,016;0;COC(=O)C1=C(C)NC(C)=C(C(=O)OC)C1c1ccccc1[N+](=O)[O-]
pinacidil;0;C;0;0,0031260436400771;0;0;0,371927;0,368;1;CC(N/C(Nc1ccncc1)=N\C#N)C(C)(C)C
pinacidil;1;N;0;0,0029935543658211;0;0;0,374373;0,428;1;CC(N/C(Nc1ccncc1)=N\C#N)C(C)(C)C
pinacidil;2;N;0;0,0024138847948051;0;0;0,547912;0,084;0;CC(N/C(Nc1ccncc1)=N\C#N)C(C)(C)C
pinacidil;3;N;0;0,001972679386381;0;0;0,250327;0,14;0;CC(N/C(Nc1ccncc1)=N\C#N)C(C)(C)C
pinacidil;4;C;0;0,0075874512083828;0;0;0,005894;0,116;0;CC(N/C(Nc1ccncc1)=N\C#N)C(C)(C)C
pinacidil;5;C;0;0,0025236968998797;0;0;0,125701;0,24;0;CC(N/C(Nc1ccncc1)=N\C#N)C(C)(C)C
pinacidil;6;C;0;0,0018873662222176;0;0;0,005453;0,084;0;CC(N/C(Nc1ccncc1)=N\C#N)C(C)(C)C
pinacidil;7;C;0;0,0018873662222176;0;0;0,002811;0,056;0;CC(N/C(Nc1ccncc1)=N\C#N)C(C)(C)C
pinacidil;8;C;0;0,0011416847934015;0;0;0,009167;0,044;0;CC(N/C(Nc1ccncc1)=N\C#N)C(C)(C)C
pinacidil;9;C;0;0,0011214758618734;0;0;0,018523;0,036;0;CC(N/C(Nc1ccncc1)=N\C#N)C(C)(C)C
pinacidil;10;C;0;0,0019494722131639;0;0;0,015874;0,168;0;CC(N/C(Nc1ccncc1)=N\C#N)C(C)(C)C
pinacidil;11;C;0;0,0019494722131639;0;0;0,012102;0,236;0;CC(N/C(Nc1ccncc1)=N\C#N)C(C)(C)C
pinacidil;12;C;0;0,0008328201132826;0;0;0,013119;0,168;0;CC(N/C(Nc1ccncc1)=N\C#N)C(C)(C)C
pinacidil;13;C;0;0,0008328201132826;0;0;0,009535;0,036;0;CC(N/C(Nc1ccncc1)=N\C#N)C(C)(C)C
pinacidil;14;C;0;0,0008328201132826;0;0;0,01479;0,24;0;CC(N/C(Nc1ccncc1)=N\C#N)C(C)(C)C
pinacidil;15;N;0;0,0022647697333013;0;0;0,018307;0,472;1;CC(N/C(Nc1ccncc1)=N\C#N)C(C)(C)C
pinacidil;16;C;1;0,0019352201372385;0;0;0,549012;0,472;1;CC(N/C(Nc1ccncc1)=N\C#N)C(C)(C)C
pinacidil;17;N;1;0,0018613493652082;0;0;0,112597;0,472;1;CC(N/C(Nc1ccncc1)=N\C#N)C(C)(C)C
simvastatin;0;C;0;0,0030689537059515;0;0;0,111805;0,012;0;CCC(C)(C)C(=O)O[C@]1C[C@](C)C=C2C=C[C@@](C)[C@@](CC[C@]3C[C@@](O)CC(=O)O3)C21
simvastatin;1;C;0;0,0032018404919654;0;0;0,044555;0,048;0;CCC(C)(C)C(=O)O[C@]1C[C@](C)C=C2C=C[C@@](C)[C@@](CC[C@]3C[C@@](O)CC(=O)O3)C21
simvastatin;2;C;0;0,0011634910712018;0;0;0,170797;0,028;0;CCC(C)(C)C(=O)O[C@]1C[C@](C)C=C2C=C[C@@](C)[C@@](CC[C@]3C[C@@](O)CC(=O)O3)C21
simvastatin;3;C;0;0,0004570207354845;0;0;0,007829;0,012;0;CCC(C)(C)C(=O)O[C@]1C[C@](C)C=C2C=C[C@@](C)[C@@](CC[C@]3C[C@@](O)CC(=O)O3)C21
simvastatin;4;O;0;0,0039644744247198;0;0;0,007466;0,012;0;CCC(C)(C)C(=O)O[C@]1C[C@](C)C=C2C=C[C@@](C)[C@@](CC[C@]3C[C@@](O)CC(=O)O3)C21
simvastatin;5;O;0;0,0014234642847441;0;0;0,034309;0,344;1;CCC(C)(C)C(=O)O[C@]1C[C@](C)C=C2C=C[C@@](C)[C@@](CC[C@]3C[C@@](O)CC(=O)O3)C21
simvastatin;6;C;0;0,0008974911412224;0;0;0,059979;0,004;0;CCC(C)(C)C(=O)O[C@]1C[C@](C)C=C2C=C[C@@](C)[C@@](CC[C@]3C[C@@](O)CC(=O)O3)C21
simvastatin;7;O;0;0,0005658785375999;0;0;0,054084;0,032;0;CCC(C)(C)C(=O)O[C@]1C[C@](C)C=C2C=C[C@@](C)[C@@](CC[C@]3C[C@@](O)CC(=O)O3)C21
simvastatin;8;C;0;0,0004065694636665;0;0;0,046613;0,088;0;CCC(C)(C)C(=O)O[C@]1C[C@](C)C=C2C=C[C@@](C)[C@@](CC[C@]3C[C@@](O)CC(=O)O3)C21
simvastatin;9;C;0;0,0004061421874212;0;0;0,037723;0,048;0;CCC(C)(C)C(=O)O[C@]1C[C@](C)C=C2C=C[C@@](C)[C@@](CC[C@]3C[C@@](O)CC(=O)O3)C21
simvastatin;10;C;0;0,0005216557910898;0;0;0,034145;0,044;0;CCC(C)(C)C(=O)O[C@]1C[C@](C)C=C2C=C[C@@](C)[C@@](CC[C@]3C[C@@](O)CC(=O)O3)C21
simvastatin;11;C;0;0,0006860350084025;0;0;0,014585;0,064;0;CCC(C)(C)C(=O)O[C@]1C[C@](C)C=C2C=C[C@@](C)[C@@](CC[C@]3C[C@@](O)CC(=O)O3)C21
simvastatin;12;C;0;0,0007593423099024;0;0;0,098946;0,104;0;CCC(C)(C)C(=O)O[C@]1C[C@](C)C=C2C=C[C@@](C)[C@@](CC[C@]3C[C@@](O)CC(=O)O3)C21
simvastatin;13;C;1;0,0023395646363496;0;0;0,035124;0,084;0;CCC(C)(C)C(=O)O[C@]1C[C@](C)C=C2C=C[C@@](C)[C@@](CC[C@]3C[C@@](O)CC(=O)O3)C21
simvastatin;14;C;1;0,0042633451055735;0;0;0,019844;0,048;0;CCC(C)(C)C(=O)O[C@]1C[C@](C)C=C2C=C[C@@](C)[C@@](CC[C@]3C[C@@](O)CC(=O)O3)C21
simvastatin;15;C;1;0,0039406687486916;0;0;0,036208;0,1;0;CCC(C)(C)C(=O)O[C@]1C[C@](C)C=C2C=C[C@@](C)[C@@](CC[C@]3C[C@@](O)CC(=O)O3)C21
simvastatin;16;C;0;0,0004160424039582;0;0;0,008105;0,052;0;CCC(C)(C)C(=O)O[C@]1C[C@](C)C=C2C=C[C@@](C)[C@@](CC[C@]3C[C@@](O)CC(=O)O3)C21
simvastatin;17;C;0;0,0008986850560177;0;0;0,232174;0,06;0;CCC(C)(C)C(=O)O[C@]1C[C@](C)C=C2C=C[C@@](C)[C@@](CC[C@]3C[C@@](O)CC(=O)O3)C21
simvastatin;18;C;0;0,0004224855161737;0;0;0,0672;0,044;0;CCC(C)(C)C(=O)O[C@]1C[C@](C)C=C2C=C[C@@](C)[C@@](CC[C@]3C[C@@](O)CC(=O)O3)C21
simvastatin;19;C;0;0,0007187492010416;0;0;0,043282;0,04;0;CCC(C)(C)C(=O)O[C@]1C[C@](C)C=C2C=C[C@@](C)[C@@](CC[C@]3C[C@@](O)CC(=O)O3)C21
simvastatin;20;C;1;0,001916870905552;0;0;0,092895;0,016;0;CCC(C)(C)C(=O)O[C@]1C[C@](C)C=C2C=C[C@@](C)[C@@](CC[C@]3C[C@@](O)CC(=O)O3)C21
simvastatin;21;C;0;0,0003989118122262;0;0;0,051025;0,04;0;CCC(C)(C)C(=O)O[C@]1C[C@](C)C=C2C=C[C@@](C)[C@@](CC[C@]3C[C@@](O)CC(=O)O3)C21
simvastatin;22;O;0;0,0013361650286242;0;0;0,448043;0,032;0;CCC(C)(C)C(=O)O[C@]1C[C@](C)C=C2C=C[C@@](C)[C@@](CC[C@]3C[C@@](O)CC(=O)O3)C21
simvastatin;23;C;0;0,0026360811898484;0;0;0,618205;0,12;0;CCC(C)(C)C(=O)O[C@]1C[C@](C)C=C2C=C[C@@](C)[C@@](CC[C@]3C[C@@](O)CC(=O)O3)C21
simvastatin;24;C;0;0,0046313060913234;0;0;0,074498;0,164;0;CCC(C)(C)C(=O)O[C@]1C[C@](C)C=C2C=C[C@@](C)[C@@](CC[C@]3C[C@@](O)CC(=O)O3)C21
simvastatin;25;C;0;0,0020782325300388;0;0;0,034918;0,084;0;CCC(C)(C)C(=O)O[C@]1C[C@](C)C=C2C=C[C@@](C)[C@@](CC[C@]3C[C@@](O)CC(=O)O3)C21
simvastatin;26;C;0;0,0025958418613299;0;0;0,016688;0,712;1;CCC(C)(C)C(=O)O[C@]1C[C@](C)C=C2C=C[C@@](C)[C@@](CC[C@]3C[C@@](O)CC(=O)O3)C21
simvastatin;27;C;0;0,0025958418613299;0;0;0,01071;0,008;0;CCC(C)(C)C(=O)O[C@]1C[C@](C)C=C2C=C[C@@](C)[C@@](CC[C@]3C[C@@](O)CC(=O)O3)C21
simvastatin;28;C;0;0,0004811602266272;0;0;0,01653;0,012;0;CCC(C)(C)C(=O)O[C@]1C[C@](C)C=C2C=C[C@@](C)[C@@](CC[C@]3C[C@@](O)CC(=O)O3)C21
simvastatin;29;O;0;0,0024498760001733;0;0;0,021798;0,036;0;CCC(C)(C)C(=O)O[C@]1C[C@](C)C=C2C=C[C@@](C)[C@@](CC[C@]3C[C@@](O)CC(=O)O3)C21
nisoldipine;0;C;0;0,0029059851542115;0;0;0,035928;0,088;0;[C:1][C:2]1=[C:3]([C:25](=[O:26])[O:27][C:28])[C:4]([c:16]2[c:17][c:18][c:19][c:20][c:21]2[N+:22](=[O:23])[O-:24])[C:5]([C:9](=[O:10])[O:11][C:12][C:13]([C:14])[C:15])=[C:6]([C:8])[N:7]1
nisoldipine;1;C;1;0,506012137234211;3;1;0,073196;0,08;0;[C:1][C:2]1=[C:3]([C:25](=[O:26])[O:27][C:28])[C:4]([c:16]2[c:17][c:18][c:19][c:20][c:21]2[N+:22](=[O:23])[O-:24])[C:5]([C:9](=[O:10])[O:11][C:12][C:13]([C:14])[C:15])=[C:6]([C:8])[N:7]1
nisoldipine;2;C;1;0,6091304183006286;3;1;0,049225;0,064;0;[C:1][C:2]1=[C:3]([C:25](=[O:26])[O:27][C:28])[C:4]([c:16]2[c:17][c:18][c:19][c:20][c:21]2[N+:22](=[O:23])[O-:24])[C:5]([C:9](=[O:10])[O:11][C:12][C:13]([C:14])[C:15])=[C:6]([C:8])[N:7]1
nisoldipine;3;C;0;0,1249528788030147;0;0;0,057307;0,288;0;[C:1][C:2]1=[C:3]([C:25](=[O:26])[O:27][C:28])[C:4]([c:16]2[c:17][c:18][c:19][c:20][c:21]2[N+:22](=[O:23])[O-:24])[C:5]([C:9](=[O:10])[O:11][C:12][C:13]([C:14])[C:15])=[C:6]([C:8])[N:7]1
nisoldipine;4;C;1;0,6081466495990753;3;1;0,096451;0,016;0;[C:1][C:2]1=[C:3]([C:25](=[O:26])[O:27][C:28])[C:4]([c:16]2[c:17][c:18][c:19][c:20][c:21]2[N+:22](=[O:23])[O-:24])[C:5]([C:9](=[O:10])[O:11][C:12][C:13]([C:14])[C:15])=[C:6]([C:8])[N:7]1
nisoldipine;5;C;1;0,5050129473209382;3;1;0,093304;0,032;0;[C:1][C:2]1=[C:3]([C:25](=[O:26])[O:27][C:28])[C:4]([c:16]2[c:17][c:18][c:19][c:20][c:21]2[N+:22](=[O:23])[O-:24])[C:5]([C:9](=[O:10])[O:11][C:12][C:13]([C:14])[C:15])=[C:6]([C:8])[N:7]1
nisoldipine;6;N;0;0,0109560627490282;0;0;0,148144;0,168;0;[C:1][C:2]1=[C:3]([C:25](=[O:26])[O:27][C:28])[C:4]([c:16]2[c:17][c:18][c:19][c:20][c:21]2[N+:22](=[O:23])[O-:24])[C:5]([C:9](=[O:10])[O:11][C:12][C:13]([C:14])[C:15])=[C:6]([C:8])[N:7]1
nisoldipine;7;C;0;0,0029049939708784;0;0;0,032494;0,044;0;[C:1][C:2]1=[C:3]([C:25](=[O:26])[O:27][C:28])[C:4]([c:16]2[c:17][c:18][c:19][c:20][c:21]2[N+:22](=[O:23])[O-:24])[C:5]([C:9](=[O:10])[O:11][C:12][C:13]([C:14])[C:15])=[C:6]([C:8])[N:7]1
nisoldipine;8;C;0;0,0103171522263437;0;0;0,57046;0,016;0;[C:1][C:2]1=[C:3]([C:25](=[O:26])[O:27][C:28])[C:4]([c:16]2[c:17][c:18][c:19][c:20][c:21]2[N+:22](=[O:23])[O-:24])[C:5]([C:9](=[O:10])[O:11][C:12][C:13]([C:14])[C:15])=[C:6]([C:8])[N:7]1
nisoldipine;9;O;0;0,0030062442179769;0;0;0,022876;0,024;0;[C:1][C:2]1=[C:3]([C:25](=[O:26])[O:27][C:28])[C:4]([c:16]2[c:17][c:18][c:19][c:20][c:21]2[N+:22](=[O:23])[O-:24])[C:5]([C:9](=[O:10])[O:11][C:12][C:13]([C:14])[C:15])=[C:6]([C:8])[N:7]1
nisoldipine;10;O;0;0,0014277031412348;0;0;0,426458;0,12;0;[C:1][C:2]1=[C:3]([C:25](=[O:26])[O:27][C:28])[C:4]([c:16]2[c:17][c:18][c:19][c:20][c:21]2[N+:22](=[O:23])[O-:24])[C:5]([C:9](=[O:10])[O:11][C:12][C:13]([C:14])[C:15])=[C:6]([C:8])[N:7]1
nisoldipine;11;C;0;0,000938611687161;0;0;0,153539;0,168;0;[C:1][C:2]1=[C:3]([C:25](=[O:26])[O:27][C:28])[C:4]([c:16]2[c:17][c:18][c:19][c:20][c:21]2[N+:22](=[O:23])[O-:24])[C:5]([C:9](=[O:10])[O:11][C:12][C:13]([C:14])[C:15])=[C:6]([C:8])[N:7]1
nisoldipine;12;C;0;0,0007259644364239;0;0;0,005119;0,08;0;[C:1][C:2]1=[C:3]([C:25](=[O:26])[O:27][C:28])[C:4]([c:16]2[c:17][c:18][c:19][c:20][c:21]2[N+:22](=[O:23])[O-:24])[C:5]([C:9](=[O:10])[O:11][C:12][C:13]([C:14])[C:15])=[C:6]([C:8])[N:7]1
nisoldipine;13;C;0;0,0005897663155337;0;0;0,004893;0,02;0;[C:1][C:2]1=[C:3]([C:25](=[O:26])[O:27][C:28])[C:4]([c:16]2[c:17][c:18][c:19][c:20][c:21]2[N+:22](=[O:23])[O-:24])[C:5]([C:9](=[O:10])[O:11][C:12][C:13]([C:14])[C:15])=[C:6]([C:8])[N:7]1
nisoldipine;14;C;0;0,0005897663155337;0;0;0,004168;0,404;1;[C:1][C:2]1=[C:3]([C:25](=[O:26])[O:27][C:28])[C:4]([c:16]2[c:17][c:18][c:19][c:20][c:21]2[N+:22](=[O:23])[O-:24])[C:5]([C:9](=[O:10])[O:11][C:12][C:13]([C:14])[C:15])=[C:6]([C:8])[N:7]1
nisoldipine;15;C;0;0,0089904037769883;0;0;0,006721;0,004;0;[C:1][C:2]1=[C:3]([C:25](=[O:26])[O:27][C:28])[C:4]([c:16]2[c:17][c:18][c:19][c:20][c:21]2[N+:22](=[O:23])[O-:24])[C:5]([C:9](=[O:10])[O:11][C:12][C:13]([C:14])[C:15])=[C:6]([C:8])[N:7]1
nisoldipine;16;C;0;0,0017937824246473;0;0;0,020727;0,012;0;[C:1][C:2]1=[C:3]([C:25](=[O:26])[O:27][C:28])[C:4]([c:16]2[c:17][c:18][c:19][c:20][c:21]2[N+:22](=[O:23])[O-:24])[C:5]([C:9](=[O:10])[O:11][C:12][C:13]([C:14])[C:15])=[C:6]([C:8])[N:7]1
nisoldipine;17;C;0;0,0016956342384219;0;0;0,018729;0,056;0;[C:1][C:2]1=[C:3]([C:25](=[O:26])[O:27][C:28])[C:4]([c:16]2[c:17][c:18][c:19][c:20][c:21]2[N+:22](=[O:23])[O-:24])[C:5]([C:9](=[O:10])[O:11][C:12][C:13]([C:14])[C:15])=[C:6]([C:8])[N:7]1
nisoldipine;18;C;0;0,001777708530426;0;0;0,004195;0,324;1;[C:1][C:2]1=[C:3]([C:25](=[O:26])[O:27][C:28])[C:4]([c:16]2[c:17][c:18][c:19][c:20][c:21]2[N+:22](=[O:23])[O-:24])[C:5]([C:9](=[O:10])[O:11][C:12][C:13]([C:14])[C:15])=[C:6]([C:8])[N:7]1
nisoldipine;19;C;0;0,0029443625593557;0;0;0,010722;0,02;0;[C:1][C:2]1=[C:3]([C:25](=[O:26])[O:27][C:28])[C:4]([c:16]2[c:17][c:18][c:19][c:20][c:21]2[N+:22](=[O:23])[O-:24])[C:5]([C:9](=[O:10])[O:11][C:12][C:13]([C:14])[C:15])=[C:6]([C:8])[N:7]1
nisoldipine;20;C;0;0,02870281226933;0;0;0,115588;0,024;0;[C:1][C:2]1=[C:3]([C:25](=[O:26])[O:27][C:28])[C:4]([c:16]2[c:17][c:18][c:19][c:20][c:21]2[N+:22](=[O:23])[O-:24])[C:5]([C:9](=[O:10])[O:11][C:12][C:13]([C:14])[C:15])=[C:6]([C:8])[N:7]1
nisoldipine;21;N;0;0,9061845779418946;5;1;0,760213;0,14;0;[C:1][C:2]1=[C:3]([C:25](=[O:26])[O:27][C:28])[C:4]([c:16]2[c:17][c:18][c:19][c:20][c:21]2[N+:22](=[O:23])[O-:24])[C:5]([C:9](=[O:10])[O:11][C:12][C:13]([C:14])[C:15])=[C:6]([C:8])[N:7]1
nisoldipine;22;O;0;0,2510823130607605;0;0;0,47182;0,152;0;[C:1][C:2]1=[C:3]([C:25](=[O:26])[O:27][C:28])[C:4]([c:16]2[c:17][c:18][c:19][c:20][c:21]2[N+:22](=[O:23])[O-:24])[C:5]([C:9](=[O:10])[O:11][C:12][C:13]([C:14])[C:15])=[C:6]([C:8])[N:7]1
nisoldipine;23;O;0;0,9195846796035768;5;1;0,372947;0,196;0;[C:1][C:2]1=[C:3]([C:25](=[O:26])[O:27][C:28])[C:4]([c:16]2[c:17][c:18][c:19][c:20][c:21]2[N+:22](=[O:23])[O-:24])[C:5]([C:9](=[O:10])[O:11][C:12][C:13]([C:14])[C:15])=[C:6]([C:8])[N:7]1
nisoldipine;24;C;0;0,010720279905945;0;0;0,096983;0,196;0;[C:1][C:2]1=[C:3]([C:25](=[O:26])[O:27][C:28])[C:4]([c:16]2[c:17][c:18][c:19][c:20][c:21]2[N+:22](=[O:23])[O-:24])[C:5]([C:9](=[O:10])[O:11][C:12][C:13]([C:14])[C:15])=[C:6]([C:8])[N:7]1
nisoldipine;25;O;0;0,0030963565222918;0;0;0,001986;0,076;0;[C:1][C:2]1=[C:3]([C:25](=[O:26])[O:27][C:28])[C:4]([c:16]2[c:17][c:18][c:19][c:20][c:21]2[N+:22](=[O:23])[O-:24])[C:5]([C:9](=[O:10])[O:11][C:12][C:13]([C:14])[C:15])=[C:6]([C:8])[N:7]1
nisoldipine;26;O;0;0,0013410935760475;0;0;0,015178;0,092;0;[C:1][C:2]1=[C:3]([C:25](=[O:26])[O:27][C:28])[C:4]([c:16]2[c:17][c:18][c:19][c:20][c:21]2[N+:22](=[O:23])[O-:24])[C:5]([C:9](=[O:10])[O:11][C:12][C:13]([C:14])[C:15])=[C:6]([C:8])[N:7]1
nisoldipine;27;C;0;0,0008094034041278;0;0;0,0203;0,076;0;[C:1][C:2]1=[C:3]([C:25](=[O:26])[O:27][C:28])[C:4]([c:16]2[c:17][c:18][c:19][c:20][c:21]2[N+:22](=[O:23])[O-:24])[C:5]([C:9](=[O:10])[O:11][C:12][C:13]([C:14])[C:15])=[C:6]([C:8])[N:7]1
Zaltoprofen;0;O;0;0,0120758241042494;0;0;0,373857;0,004;0;[O:1][C:2](=[O:3])[C:4]([c:5]1[c:6][c:7]2[c:8]([c:19][c:20]1)[S:9][c:10]1[c:11][c:12][c:13][c:14][c:15]1[C:16](=[O:17])[C:18]2)[C:21]
Zaltoprofen;1;C;0;0,0179692121222615;0;0;0,519213;0,188;0;[O:1][C:2](=[O:3])[C:4]([c:5]1[c:6][c:7]2[c:8]([c:19][c:20]1)[S:9][c:10]1[c:11][c:12][c:13][c:14][c:15]1[C:16](=[O:17])[C:18]2)[C:21]
Zaltoprofen;2;O;0;0,0120758241042494;0;0;0,054239;0,0;0;[O:1][C:2](=[O:3])[C:4]([c:5]1[c:6][c:7]2[c:8]([c:19][c:20]1)[S:9][c:10]1[c:11][c:12][c:13][c:14][c:15]1[C:16](=[O:17])[C:18]2)[C:21]
Zaltoprofen;3;C;0;0,0225087450817227;0;0;0,264674;0,068;0;[O:1][C:2](=[O:3])[C:4]([c:5]1[c:6][c:7]2[c:8]([c:19][c:20]1)[S:9][c:10]1[c:11][c:12][c:13][c:14][c:15]1[C:16](=[O:17])[C:18]2)[C:21]
Zaltoprofen;4;C;0;0,0242293437942862;0;0;0,045149;0,016;0;[O:1][C:2](=[O:3])[C:4]([c:5]1[c:6][c:7]2[c:8]([c:19][c:20]1)[S:9][c:10]1[c:11][c:12][c:13][c:14][c:15]1[C:16](=[O:17])[C:18]2)[C:21]
Zaltoprofen;5;C;0;0,0021359834587201;0;0;0,064478;0,108;0;[O:1][C:2](=[O:3])[C:4]([c:5]1[c:6][c:7]2[c:8]([c:19][c:20]1)[S:9][c:10]1[c:11][c:12][c:13][c:14][c:15]1[C:16](=[O:17])[C:18]2)[C:21]
Zaltoprofen;6;C;0;0,0088638575747609;0;0;0,072664;0,016;0;[O:1][C:2](=[O:3])[C:4]([c:5]1[c:6][c:7]2[c:8]([c:19][c:20]1)[S:9][c:10]1[c:11][c:12][c:13][c:14][c:15]1[C:16](=[O:17])[C:18]2)[C:21]
Zaltoprofen;7;C;0;0,0053458903450518;0;0;0,099374;0,02;0;[O:1][C:2](=[O:3])[C:4]([c:5]1[c:6][c:7]2[c:8]([c:19][c:20]1)[S:9][c:10]1[c:11][c:12][c:13][c:14][c:15]1[C:16](=[O:17])[C:18]2)[C:21]
Zaltoprofen;8;S;0;0,003900006879121;0;0;0,493884;0,016;0;[O:1][C:2](=[O:3])[C:4]([c:5]1[c:6][c:7]2[c:8]([c:19][c:20]1)[S:9][c:10]1[c:11][c:12][c:13][c:14][c:15]1[C:16](=[O:17])[C:18]2)[C:21]
Zaltoprofen;9;C;0;0,0196615654975175;0;0;0,04334;0,044;0;[O:1][C:2](=[O:3])[C:4]([c:5]1[c:6][c:7]2[c:8]([c:19][c:20]1)[S:9][c:10]1[c:11][c:12][c:13][c:14][c:15]1[C:16](=[O:17])[C:18]2)[C:21]
Zaltoprofen;10;C;0;0,0031439341139048;0;0;0,01983;0,66;1;[O:1][C:2](=[O:3])[C:4]([c:5]1[c:6][c:7]2[c:8]([c:19][c:20]1)[S:9][c:10]1[c:11][c:12][c:13][c:14][c:15]1[C:16](=[O:17])[C:18]2)[C:21]
Zaltoprofen;11;C;0;0,0017265875241719;0;0;0,015312;0,016;0;[O:1][C:2](=[O:3])[C:4]([c:5]1[c:6][c:7]2[c:8]([c:19][c:20]1)[S:9][c:10]1[c:11][c:12][c:13][c:14][c:15]1[C:16](=[O:17])[C:18]2)[C:21]
Zaltoprofen;12;C;0;0,002133375883568;0;0;0,02616;0,068;0;[O:1][C:2](=[O:3])[C:4]([c:5]1[c:6][c:7]2[c:8]([c:19][c:20]1)[S:9][c:10]1[c:11][c:12][c:13][c:14][c:15]1[C:16](=[O:17])[C:18]2)[C:21]
Zaltoprofen;13;C;0;0,0102042075246572;0;0;0,022523;0,088;0;[O:1][C:2](=[O:3])[C:4]([c:5]1[c:6][c:7]2[c:8]([c:19][c:20]1)[S:9][c:10]1[c:11][c:12][c:13][c:14][c:15]1[C:16](=[O:17])[C:18]2)[C:21]
Zaltoprofen;14;C;0;0,0210221799090504;0;0;0,024388;0,1;0;[O:1][C:2](=[O:3])[C:4]([c:5]1[c:6][c:7]2[c:8]([c:19][c:20]1)[S:9][c:10]1[c:11][c:12][c:13][c:14][c:15]1[C:16](=[O:17])[C:18]2)[C:21]
Zaltoprofen;15;C;1;0,952519702911377;5;1;0,616301;0,056;0;[O:1][C:2](=[O:3])[C:4]([c:5]1[c:6][c:7]2[c:8]([c:19][c:20]1)[S:9][c:10]1[c:11][c:12][c:13][c:14][c:15]1[C:16](=[O:17])[C:18]2)[C:21]
Zaltoprofen;16;O;1;0,9426264882087708;5;1;0,150472;0,016;0;[O:1][C:2](=[O:3])[C:4]([c:5]1[c:6][c:7]2[c:8]([c:19][c:20]1)[S:9][c:10]1[c:11][c:12][c:13][c:14][c:15]1[C:16](=[O:17])[C:18]2)[C:21]
Zaltoprofen;17;C;0;0,0228788588196039;0;0;0,341466;0,216;0;[O:1][C:2](=[O:3])[C:4]([c:5]1[c:6][c:7]2[c:8]([c:19][c:20]1)[S:9][c:10]1[c:11][c:12][c:13][c:14][c:15]1[C:16](=[O:17])[C:18]2)[C:21]
Zaltoprofen;18;C;0;0,0028186514042317;0;0;0,072152;0,232;0;[O:1][C:2](=[O:3])[C:4]([c:5]1[c:6][c:7]2[c:8]([c:19][c:20]1)[S:9][c:10]1[c:11][c:12][c:13][c:14][c:15]1[C:16](=[O:17])[C:18]2)[C:21]
Zaltoprofen;19;C;0;0,002207610127516;0;0;0,069842;0,084;0;[O:1][C:2](=[O:3])[C:4]([c:5]1[c:6][c:7]2[c:8]([c:19][c:20]1)[S:9][c:10]1[c:11][c:12][c:13][c:14][c:15]1[C:16](=[O:17])[C:18]2)[C:21]
Zaltoprofen;20;C;0;0,0067664033733308;0;0;0,038792;0,124;0;[O:1][C:2](=[O:3])[C:4]([c:5]1[c:6][c:7]2[c:8]([c:19][c:20]1)[S:9][c:10]1[c:11][c:12][c:13][c:14][c:15]1[C:16](=[O:17])[C:18]2)[C:21]
p-Hydroxynefazodone;0;O;0;0,0063985798507928;0;0;0,215043;0,224;0;[O:1][c:2]1[c:3][c:4][c:5]([N:9]2[C:10][C:11][N:12]([C:13][C:14][C:15][n:16]3[n:17][c:18]([C:31][C:32])[n:19]([C:22][C:23][O:24][c:25]4[c:26][c:27][c:28][c:29][c:30]4)[c:20]3=[O:21])[C:33][C:34]2)[c:6][c:7]1[Cl:8]
p-Hydroxynefazodone;1;C;1;0,0059813892003148;0;0;0,231142;0,128;0;[O:1][c:2]1[c:3][c:4][c:5]([N:9]2[C:10][C:11][N:12]([C:13][C:14][C:15][n:16]3[n:17][c:18]([C:31][C:32])[n:19]([C:22][C:23][O:24][c:25]4[c:26][c:27][c:28][c:29][c:30]4)[c:20]3=[O:21])[C:33][C:34]2)[c:6][c:7]1[Cl:8]
p-Hydroxynefazodone;2;C;1;0,0032904275227338;0;0;0,108145;0,1;0;[O:1][c:2]1[c:3][c:4][c:5]([N:9]2[C:10][C:11][N:12]([C:13][C:14][C:15][n:16]3[n:17][c:18]([C:31][C:32])[n:19]([C:22][C:23][O:24][c:25]4[c:26][c:27][c:28][c:29][c:30]4)[c:20]3=[O:21])[C:33][C:34]2)[c:6][c:7]1[Cl:8]
p-Hydroxynefazodone;3;C;1;0,001979689777363;0;0;0,074824;0,032;0;[O:1][c:2]1[c:3][c:4][c:5]([N:9]2[C:10][C:11][N:12]([C:13][C:14][C:15][n:16]3[n:17][c:18]([C:31][C:32])[n:19]([C:22][C:23][O:24][c:25]4[c:26][c:27][c:28][c:29][c:30]4)[c:20]3=[O:21])[C:33][C:34]2)[c:6][c:7]1[Cl:8]
p-Hydroxynefazodone;4;C;1;0,0050042219692841;0;0;0,131895;0,184;0;[O:1][c:2]1[c:3][c:4][c:5]([N:9]2[C:10][C:11][N:12]([C:13][C:14][C:15][n:16]3[n:17][c:18]([C:31][C:32])[n:19]([C:22][C:23][O:24][c:25]4[c:26][c:27][c:28][c:29][c:30]4)[c:20]3=[O:21])[C:33][C:34]2)[c:6][c:7]1[Cl:8]
p-Hydroxynefazodone;5;C;1;0,0021479669609107;0;0;0,038047;0,428;1;[O:1][c:2]1[c:3][c:4][c:5]([N:9]2[C:10][C:11][N:12]([C:13][C:14][C:15][n:16]3[n:17][c:18]([C:31][C:32])[n:19]([C:22][C:23][O:24][c:25]4[c:26][c:27][c:28][c:29][c:30]4)[c:20]3=[O:21])[C:33][C:34]2)[c:6][c:7]1[Cl:8]
p-Hydroxynefazodone;6;C;1;0,0048891988815739;0;0;0,21749;0,696;1;[O:1][c:2]1[c:3][c:4][c:5]([N:9]2[C:10][C:11][N:12]([C:13][C:14][C:15][n:16]3[n:17][c:18]([C:31][C:32])[n:19]([C:22][C:23][O:24][c:25]4[c:26][c:27][c:28][c:29][c:30]4)[c:20]3=[O:21])[C:33][C:34]2)[c:6][c:7]1[Cl:8]
p-Hydroxynefazodone;7;Cl;0;0,0021800661925226;0;0;0,160776;0,052;0;[O:1][c:2]1[c:3][c:4][c:5]([N:9]2[C:10][C:11][N:12]([C:13][C:14][C:15][n:16]3[n:17][c:18]([C:31][C:32])[n:19]([C:22][C:23][O:24][c:25]4[c:26][c:27][c:28][c:29][c:30]4)[c:20]3=[O:21])[C:33][C:34]2)[c:6][c:7]1[Cl:8]
p-Hydroxynefazodone;8;N;0;0,0008714705880265;0;0;0,175544;0,492;1;[O:1][c:2]1[c:3][c:4][c:5]([N:9]2[C:10][C:11][N:12]([C:13][C:14][C:15][n:16]3[n:17][c:18]([C:31][C:32])[n:19]([C:22][C:23][O:24][c:25]4[c:26][c:27][c:28][c:29][c:30]4)[c:20]3=[O:21])[C:33][C:34]2)[c:6][c:7]1[Cl:8]
p-Hydroxynefazodone;9;C;0;0,0004128380416659;0;0;0,141462;0,824;1;[O:1][c:2]1[c:3][c:4][c:5]([N:9]2[C:10][C:11][N:12]([C:13][C:14][C:15][n:16]3[n:17][c:18]([C:31][C:32])[n:19]([C:22][C:23][O:24][c:25]4[c:26][c:27][c:28][c:29][c:30]4)[c:20]3=[O:21])[C:33][C:34]2)[c:6][c:7]1[Cl:8]
p-Hydroxynefazodone;10;C;0;0,0003143467693007;0;0;0,118147;0,012;0;[O:1][c:2]1[c:3][c:4][c:5]([N:9]2[C:10][C:11][N:12]([C:13][C:14][C:15][n:16]3[n:17][c:18]([C:31][C:32])[n:19]([C:22][C:23][O:24][c:25]4[c:26][c:27][c:28][c:29][c:30]4)[c:20]3=[O:21])[C:33][C:34]2)[c:6][c:7]1[Cl:8]
p-Hydroxynefazodone;11;N;0;0,0003562827085261;0;0;0,1483;0,028;0;[O:1][c:2]1[c:3][c:4][c:5]([N:9]2[C:10][C:11][N:12]([C:13][C:14][C:15][n:16]3[n:17][c:18]([C:31][C:32])[n:19]([C:22][C:23][O:24][c:25]4[c:26][c:27][c:28][c:29][c:30]4)[c:20]3=[O:21])[C:33][C:34]2)[c:6][c:7]1[Cl:8]
p-Hydroxynefazodone;12;C;0;0,0003357269568368;0;0;0,069513;0,036;0;[O:1][c:2]1[c:3][c:4][c:5]([N:9]2[C:10][C:11][N:12]([C:13][C:14][C:15][n:16]3[n:17][c:18]([C:31][C:32])[n:19]([C:22][C:23][O:24][c:25]4[c:26][c:27][c:28][c:29][c:30]4)[c:20]3=[O:21])[C:33][C:34]2)[c:6][c:7]1[Cl:8]
p-Hydroxynefazodone;13;C;0;0,0004245900621754;0;0;0,047463;0,024;0;[O:1][c:2]1[c:3][c:4][c:5]([N:9]2[C:10][C:11][N:12]([C:13][C:14][C:15][n:16]3[n:17][c:18]([C:31][C:32])[n:19]([C:22][C:23][O:24][c:25]4[c:26][c:27][c:28][c:29][c:30]4)[c:20]3=[O:21])[C:33][C:34]2)[c:6][c:7]1[Cl:8]
p-Hydroxynefazodone;14;C;0;0,0014429807080887;0;0;0,043541;0,632;1;[O:1][c:2]1[c:3][c:4][c:5]([N:9]2[C:10][C:11][N:12]([C:13][C:14][C:15][n:16]3[n:17][c:18]([C:31][C:32])[n:19]([C:22][C:23][O:24][c:25]4[c:26][c:27][c:28][c:29][c:30]4)[c:20]3=[O:21])[C:33][C:34]2)[c:6][c:7]1[Cl:8]
p-Hydroxynefazodone;15;N;0;0,0104591086972504;0;0;0,233664;0,544;1;[O:1][c:2]1[c:3][c:4][c:5]([N:9]2[C:10][C:11][N:12]([C:13][C:14][C:15][n:16]3[n:17][c:18]([C:31][C:32])[n:19]([C:22][C:23][O:24][c:25]4[c:26][c:27][c:28][c:29][c:30]4)[c:20]3=[O:21])[C:33][C:34]2)[c:6][c:7]1[Cl:8]
p-Hydroxynefazodone;16;N;0;0,0134049786021932;0;0;0,184982;0,056;0;[O:1][c:2]1[c:3][c:4][c:5]([N:9]2[C:10][C:11][N:12]([C:13][C:14][C:15][n:16]3[n:17][c:18]([C:31][C:32])[n:19]([C:22][C:23][O:24][c:25]4[c:26][c:27][c:28][c:29][c:30]4)[c:20]3=[O:21])[C:33][C:34]2)[c:6][c:7]1[Cl:8]
p-Hydroxynefazodone;17;C;0;0,0131567992269992;0;0;0,052027;0,016;0;[O:1][c:2]1[c:3][c:4][c:5]([N:9]2[C:10][C:11][N:12]([C:13][C:14][C:15][n:16]3[n:17][c:18]([C:31][C:32])[n:19]([C:22][C:23][O:24][c:25]4[c:26][c:27][c:28][c:29][c:30]4)[c:20]3=[O:21])[C:33][C:34]2)[c:6][c:7]1[Cl:8]
p-Hydroxynefazodone;18;N;0;0,0054782512132078;0;0;0,108348;0,056;0;[O:1][c:2]1[c:3][c:4][c:5]([N:9]2[C:10][C:11][N:12]([C:13][C:14][C:15][n:16]3[n:17][c:18]([C:31][C:32])[n:19]([C:22][C:23][O:24][c:25]4[c:26][c:27][c:28][c:29][c:30]4)[c:20]3=[O:21])[C:33][C:34]2)[c:6][c:7]1[Cl:8]
p-Hydroxynefazodone;19;C;0;0,0074931626906618;0;0;0,241654;0,076;0;[O:1][c:2]1[c:3][c:4][c:5]([N:9]2[C:10][C:11][N:12]([C:13][C:14][C:15][n:16]3[n:17][c:18]([C:31][C:32])[n:19]([C:22][C:23][O:24][c:25]4[c:26][c:27][c:28][c:29][c:30]4)[c:20]3=[O:21])[C:33][C:34]2)[c:6][c:7]1[Cl:8]
p-Hydroxynefazodone;20;O;0;0,011923892982304;0;0;0,076352;0,016;0;[O:1][c:2]1[c:3][c:4][c:5]([N:9]2[C:10][C:11][N:12]([C:13][C:14][C:15][n:16]3[n:17][c:18]([C:31][C:32])[n:19]([C:22][C:23][O:24][c:25]4[c:26][c:27][c:28][c:29][c:30]4)[c:20]3=[O:21])[C:33][C:34]2)[c:6][c:7]1[Cl:8]
p-Hydroxynefazodone;21;C;0;0,0023925816174596;0;0;0,077482;0,036;0;[O:1][c:2]1[c:3][c:4][c:5]([N:9]2[C:10][C:11][N:12]([C:13][C:14][C:15][n:16]3[n:17][c:18]([C:31][C:32])[n:19]([C:22][C:23][O:24][c:25]4[c:26][c:27][c:28][c:29][c:30]4)[c:20]3=[O:21])[C:33][C:34]2)[c:6][c:7]1[Cl:8]
p-Hydroxynefazodone;22;C;0;0,000722389362636;0;0;0,241748;0,012;0;[O:1][c:2]1[c:3][c:4][c:5]([N:9]2[C:10][C:11][N:12]([C:13][C:14][C:15][n:16]3[n:17][c:18]([C:31][C:32])[n:19]([C:22][C:23][O:24][c:25]4[c:26][c:27][c:28][c:29][c:30]4)[c:20]3=[O:21])[C:33][C:34]2)[c:6][c:7]1[Cl:8]
p-Hydroxynefazodone;23;O;0;0,0010660639847628;0;0;0,367909;0,004;0;[O:1][c:2]1[c:3][c:4][c:5]([N:9]2[C:10][C:11][N:12]([C:13][C:14][C:15][n:16]3[n:17][c:18]([C:31][C:32])[n:19]([C:22][C:23][O:24][c:25]4[c:26][c:27][c:28][c:29][c:30]4)[c:20]3=[O:21])[C:33][C:34]2)[c:6][c:7]1[Cl:8]
p-Hydroxynefazodone;24;C;0;0,0038495413027703;0;0;0,033508;0,148;0;[O:1][c:2]1[c:3][c:4][c:5]([N:9]2[C:10][C:11][N:12]([C:13][C:14][C:15][n:16]3[n:17][c:18]([C:31][C:32])[n:19]([C:22][C:23][O:24][c:25]4[c:26][c:27][c:28][c:29][c:30]4)[c:20]3=[O:21])[C:33][C:34]2)[c:6][c:7]1[Cl:8]
p-Hydroxynefazodone;25;C;0;0,0015441343537531;0;0;0,040766;0,004;0;[O:1][c:2]1[c:3][c:4][c:5]([N:9]2[C:10][C:11][N:12]([C:13][C:14][C:15][n:16]3[n:17][c:18]([C:31][C:32])[n:19]([C:22][C:23][O:24][c:25]4[c:26][c:27][c:28][c:29][c:30]4)[c:20]3=[O:21])[C:33][C:34]2)[c:6][c:7]1[Cl:8]
p-Hydroxynefazodone;26;C;0;0,001668881624937;0;0;0,048249;0,012;0;[O:1][c:2]1[c:3][c:4][c:5]([N:9]2[C:10][C:11][N:12]([C:13][C:14][C:15][n:16]3[n:17][c:18]([C:31][C:32])[n:19]([C:22][C:23][O:24][c:25]4[c:26][c:27][c:28][c:29][c:30]4)[c:20]3=[O:21])[C:33][C:34]2)[c:6][c:7]1[Cl:8]
p-Hydroxynefazodone;27;C;0;0,001395574590424;0;0;0,010233;0,08;0;[O:1][c:2]1[c:3][c:4][c:5]([N:9]2[C:10][C:11][N:12]([C:13][C:14][C:15][n:16]3[n:17][c:18]([C:31][C:32])[n:19]([C:22][C:23][O:24][c:25]4[c:26][c:27][c:28][c:29][c:30]4)[c:20]3=[O:21])[C:33][C:34]2)[c:6][c:7]1[Cl:8]
p-Hydroxynefazodone;28;C;0;0,001668881624937;0;0;0,050962;0,012;0;[O:1][c:2]1[c:3][c:4][c:5]([N:9]2[C:10][C:11][N:12]([C:13][C:14][C:15][n:16]3[n:17][c:18]([C:31][C:32])[n:19]([C:22][C:23][O:24][c:25]4[c:26][c:27][c:28][c:29][c:30]4)[c:20]3=[O:21])[C:33][C:34]2)[c:6][c:7]1[Cl:8]
p-Hydroxynefazodone;29;C;0;0,0015441343537531;0;0;0,057289;0,052;0;[O:1][c:2]1[c:3][c:4][c:5]([N:9]2[C:10][C:11][N:12]([C:13][C:14][C:15][n:16]3[n:17][c:18]([C:31][C:32])[n:19]([C:22][C:23][O:24][c:25]4[c:26][c:27][c:28][c:29][c:30]4)[c:20]3=[O:21])[C:33][C:34]2)[c:6][c:7]1[Cl:8]
p-Hydroxynefazodone;30;C;0;0,0012605394585989;0;0;0,057116;0,696;1;[O:1][c:2]1[c:3][c:4][c:5]([N:9]2[C:10][C:11][N:12]([C:13][C:14][C:15][n:16]3[n:17][c:18]([C:31][C:32])[n:19]([C:22][C:23][O:24][c:25]4[c:26][c:27][c:28][c:29][c:30]4)[c:20]3=[O:21])[C:33][C:34]2)[c:6][c:7]1[Cl:8]
p-Hydroxynefazodone;31;C;0;0,0004471362772164;0;0;0,043035;0,02;0;[O:1][c:2]1[c:3][c:4][c:5]([N:9]2[C:10][C:11][N:12]([C:13][C:14][C:15][n:16]3[n:17][c:18]([C:31][C:32])[n:19]([C:22][C:23][O:24][c:25]4[c:26][c:27][c:28][c:29][c:30]4)[c:20]3=[O:21])[C:33][C:34]2)[c:6][c:7]1[Cl:8]
p-Hydroxynefazodone;32;C;0;0,0003143467693007;0;0;0,144497;0,144;0;[O:1][c:2]1[c:3][c:4][c:5]([N:9]2[C:10][C:11][N:12]([C:13][C:14][C:15][n:16]3[n:17][c:18]([C:31][C:32])[n:19]([C:22][C:23][O:24][c:25]4[c:26][c:27][c:28][c:29][c:30]4)[c:20]3=[O:21])[C:33][C:34]2)[c:6][c:7]1[Cl:8]
p-Hydroxynefazodone;33;C;0;0,0004128380416659;0;0;0,142992;0,052;0;[O:1][c:2]1[c:3][c:4][c:5]([N:9]2[C:10][C:11][N:12]([C:13][C:14][C:15][n:16]3[n:17][c:18]([C:31][C:32])[n:19]([C:22][C:23][O:24][c:25]4[c:26][c:27][c:28][c:29][c:30]4)[c:20]3=[O:21])[C:33][C:34]2)[c:6][c:7]1[Cl:8]
Nimodipine;0;C;0;0,0029049078933894;0;0;0,037771;0,048;0;[C:1][C:2]1=[C:3]([C:24](=[O:25])[O:26][C:27][C:28][O:29][C:30])[C:4]([c:15]2[c:16][c:17]([N+:21](=[O:22])[O-:23])[c:18][c:19][c:20]2)[C:5]([C:9](=[O:10])[O:11][C:12]([C:13])[C:14])=[C:6]([C:8])[N:7]1
Nimodipine;1;C;1;0,5045609280467034;3;1;0,038001;0,06;0;[C:1][C:2]1=[C:3]([C:24](=[O:25])[O:26][C:27][C:28][O:29][C:30])[C:4]([c:15]2[c:16][c:17]([N+:21](=[O:22])[O-:23])[c:18][c:19][c:20]2)[C:5]([C:9](=[O:10])[O:11][C:12]([C:13])[C:14])=[C:6]([C:8])[N:7]1
Nimodipine;2;C;1;0,6094142019748687;3;1;0,040959;0,052;0;[C:1][C:2]1=[C:3]([C:24](=[O:25])[O:26][C:27][C:28][O:29][C:30])[C:4]([c:15]2[c:16][c:17]([N+:21](=[O:22])[O-:23])[c:18][c:19][c:20]2)[C:5]([C:9](=[O:10])[O:11][C:12]([C:13])[C:14])=[C:6]([C:8])[N:7]1
Nimodipine;3;C;0;0,1270765215158462;0;0;0,099894;0,36;1;[C:1][C:2]1=[C:3]([C:24](=[O:25])[O:26][C:27][C:28][O:29][C:30])[C:4]([c:15]2[c:16][c:17]([N+:21](=[O:22])[O-:23])[c:18][c:19][c:20]2)[C:5]([C:9](=[O:10])[O:11][C:12]([C:13])[C:14])=[C:6]([C:8])[N:7]1
Nimodipine;4;C;1;0,6256048500537872;3;1;0,060681;0,012;0;[C:1][C:2]1=[C:3]([C:24](=[O:25])[O:26][C:27][C:28][O:29][C:30])[C:4]([c:15]2[c:16][c:17]([N+:21](=[O:22])[O-:23])[c:18][c:19][c:20]2)[C:5]([C:9](=[O:10])[O:11][C:12]([C:13])[C:14])=[C:6]([C:8])[N:7]1
Nimodipine;5;C;1;0,5147387966513634;3;1;0,073453;0,008;0;[C:1][C:2]1=[C:3]([C:24](=[O:25])[O:26][C:27][C:28][O:29][C:30])[C:4]([c:15]2[c:16][c:17]([N+:21](=[O:22])[O-:23])[c:18][c:19][c:20]2)[C:5]([C:9](=[O:10])[O:11][C:12]([C:13])[C:14])=[C:6]([C:8])[N:7]1
Nimodipine;6;N;0;0,0109595756977796;0;0;0,047655;0,068;0;[C:1][C:2]1=[C:3]([C:24](=[O:25])[O:26][C:27][C:28][O:29][C:30])[C:4]([c:15]2[c:16][c:17]([N+:21](=[O:22])[O-:23])[c:18][c:19][c:20]2)[C:5]([C:9](=[O:10])[O:11][C:12]([C:13])[C:14])=[C:6]([C:8])[N:7]1
Nimodipine;7;C;0;0,0029083394212648;0;0;0,036787;0,14;0;[C:1][C:2]1=[C:3]([C:24](=[O:25])[O:26][C:27][C:28][O:29][C:30])[C:4]([c:15]2[c:16][c:17]([N+:21](=[O:22])[O-:23])[c:18][c:19][c:20]2)[C:5]([C:9](=[O:10])[O:11][C:12]([C:13])[C:14])=[C:6]([C:8])[N:7]1
Nimodipine;8;C;0;0,0140558817889541;0;0;0,604181;0,052;0;[C:1][C:2]1=[C:3]([C:24](=[O:25])[O:26][C:27][C:28][O:29][C:30])[C:4]([c:15]2[c:16][c:17]([N+:21](=[O:22])[O-:23])[c:18][c:19][c:20]2)[C:5]([C:9](=[O:10])[O:11][C:12]([C:13])[C:14])=[C:6]([C:8])[N:7]1
Nimodipine;9;O;0;0,0040590778458863;0;0;0,018701;0,572;1;[C:1][C:2]1=[C:3]([C:24](=[O:25])[O:26][C:27][C:28][O:29][C:30])[C:4]([c:15]2[c:16][c:17]([N+:21](=[O:22])[O-:23])[c:18][c:19][c:20]2)[C:5]([C:9](=[O:10])[O:11][C:12]([C:13])[C:14])=[C:6]([C:8])[N:7]1
Nimodipine;10;O;0;0,0019571753917261;0;0;0,372601;0,052;0;[C:1][C:2]1=[C:3]([C:24](=[O:25])[O:26][C:27][C:28][O:29][C:30])[C:4]([c:15]2[c:16][c:17]([N+:21](=[O:22])[O-:23])[c:18][c:19][c:20]2)[C:5]([C:9](=[O:10])[O:11][C:12]([C:13])[C:14])=[C:6]([C:8])[N:7]1
Nimodipine;11;C;0;0,0016500194673426;0;0;0,058528;0,012;0;[C:1][C:2]1=[C:3]([C:24](=[O:25])[O:26][C:27][C:28][O:29][C:30])[C:4]([c:15]2[c:16][c:17]([N+:21](=[O:22])[O-:23])[c:18][c:19][c:20]2)[C:5]([C:9](=[O:10])[O:11][C:12]([C:13])[C:14])=[C:6]([C:8])[N:7]1
Nimodipine;12;C;0;0,0007120105437934;0;0;0,005566;0,012;0;[C:1][C:2]1=[C:3]([C:24](=[O:25])[O:26][C:27][C:28][O:29][C:30])[C:4]([c:15]2[c:16][c:17]([N+:21](=[O:22])[O-:23])[c:18][c:19][c:20]2)[C:5]([C:9](=[O:10])[O:11][C:12]([C:13])[C:14])=[C:6]([C:8])[N:7]1
Nimodipine;13;C;0;0,0007120105437934;0;0;0,003948;0,004;0;[C:1][C:2]1=[C:3]([C:24](=[O:25])[O:26][C:27][C:28][O:29][C:30])[C:4]([c:15]2[c:16][c:17]([N+:21](=[O:22])[O-:23])[c:18][c:19][c:20]2)[C:5]([C:9](=[O:10])[O:11][C:12]([C:13])[C:14])=[C:6]([C:8])[N:7]1
Nimodipine;14;C;0;0,012558293249458;0;0;0,00291;0,296;0;[C:1][C:2]1=[C:3]([C:24](=[O:25])[O:26][C:27][C:28][O:29][C:30])[C:4]([c:15]2[c:16][c:17]([N+:21](=[O:22])[O-:23])[c:18][c:19][c:20]2)[C:5]([C:9](=[O:10])[O:11][C:12]([C:13])[C:14])=[C:6]([C:8])[N:7]1
Nimodipine;15;C;0;0,0029083839152008;0;0;0,031627;0,004;0;[C:1][C:2]1=[C:3]([C:24](=[O:25])[O:26][C:27][C:28][O:29][C:30])[C:4]([c:15]2[c:16][c:17]([N+:21](=[O:22])[O-:23])[c:18][c:19][c:20]2)[C:5]([C:9](=[O:10])[O:11][C:12]([C:13])[C:14])=[C:6]([C:8])[N:7]1
Nimodipine;16;C;0;0,0379776962101459;0;0;0,047107;0,0;0;[C:1][C:2]1=[C:3]([C:24](=[O:25])[O:26][C:27][C:28][O:29][C:30])[C:4]([c:15]2[c:16][c:17]([N+:21](=[O:22])[O-:23])[c:18][c:19][c:20]2)[C:5]([C:9](=[O:10])[O:11][C:12]([C:13])[C:14])=[C:6]([C:8])[N:7]1
Nimodipine;17;C;0;0,0024490162730216;0;0;0,009599;0,06;0;[C:1][C:2]1=[C:3]([C:24](=[O:25])[O:26][C:27][C:28][O:29][C:30])[C:4]([c:15]2[c:16][c:17]([N+:21](=[O:22])[O-:23])[c:18][c:19][c:20]2)[C:5]([C:9](=[O:10])[O:11][C:12]([C:13])[C:14])=[C:6]([C:8])[N:7]1
Nimodipine;18;C;0;0,0022927285870537;0;0;0,007221;0,068;0;[C:1][C:2]1=[C:3]([C:24](=[O:25])[O:26][C:27][C:28][O:29][C:30])[C:4]([c:15]2[c:16][c:17]([N+:21](=[O:22])[O-:23])[c:18][c:19][c:20]2)[C:5]([C:9](=[O:10])[O:11][C:12]([C:13])[C:14])=[C:6]([C:8])[N:7]1
Nimodipine;19;C;0;0,001658947172109;0;0;0,025414;0,016;0;[C:1][C:2]1=[C:3]([C:24](=[O:25])[O:26][C:27][C:28][O:29][C:30])[C:4]([c:15]2[c:16][c:17]([N+:21](=[O:22])[O-:23])[c:18][c:19][c:20]2)[C:5]([C:9](=[O:10])[O:11][C:12]([C:13])[C:14])=[C:6]([C:8])[N:7]1
Nimodipine;20;N;0;0,9180877089500428;5;1;0,603066;0,048;0;[C:1][C:2]1=[C:3]([C:24](=[O:25])[O:26][C:27][C:28][O:29][C:30])[C:4]([c:15]2[c:16][c:17]([N+:21](=[O:22])[O-:23])[c:18][c:19][c:20]2)[C:5]([C:9](=[O:10])[O:11][C:12]([C:13])[C:14])=[C:6]([C:8])[N:7]1
Nimodipine;21;O;0;0,2555416136980056;0;0;0,364898;0,288;0;[C:1][C:2]1=[C:3]([C:24](=[O:25])[O:26][C:27][C:28][O:29][C:30])[C:4]([c:15]2[c:16][c:17]([N+:21](=[O:22])[O-:23])[c:18][c:19][c:20]2)[C:5]([C:9](=[O:10])[O:11][C:12]([C:13])[C:14])=[C:6]([C:8])[N:7]1
Nimodipine;22;O;0;0,92878919839859;5;1;0,316123;0,024;0;[C:1][C:2]1=[C:3]([C:24](=[O:25])[O:26][C:27][C:28][O:29][C:30])[C:4]([c:15]2[c:16][c:17]([N+:21](=[O:22])[O-:23])[c:18][c:19][c:20]2)[C:5]([C:9](=[O:10])[O:11][C:12]([C:13])[C:14])=[C:6]([C:8])[N:7]1
Nimodipine;23;C;0;0,010297726560384;0;0;0,567927;0,024;0;[C:1][C:2]1=[C:3]([C:24](=[O:25])[O:26][C:27][C:28][O:29][C:30])[C:4]([c:15]2[c:16][c:17]([N+:21](=[O:22])[O-:23])[c:18][c:19][c:20]2)[C:5]([C:9](=[O:10])[O:11][C:12]([C:13])[C:14])=[C:6]([C:8])[N:7]1
Nimodipine;24;O;0;0,0030064087361097;0;0;0,007629;0,16;0;[C:1][C:2]1=[C:3]([C:24](=[O:25])[O:26][C:27][C:28][O:29][C:30])[C:4]([c:15]2[c:16][c:17]([N+:21](=[O:22])[O-:23])[c:18][c:19][c:20]2)[C:5]([C:9](=[O:10])[O:11][C:12]([C:13])[C:14])=[C:6]([C:8])[N:7]1
Nimodipine;25;O;0;0,001360652083531;0;0;0,438612;0,08;0;[C:1][C:2]1=[C:3]([C:24](=[O:25])[O:26][C:27][C:28][O:29][C:30])[C:4]([c:15]2[c:16][c:17]([N+:21](=[O:22])[O-:23])[c:18][c:19][c:20]2)[C:5]([C:9](=[O:10])[O:11][C:12]([C:13])[C:14])=[C:6]([C:8])[N:7]1
Nimodipine;26;C;0;0,0007575967814773;0;0;0,090592;0,08;0;[C:1][C:2]1=[C:3]([C:24](=[O:25])[O:26][C:27][C:28][O:29][C:30])[C:4]([c:15]2[c:16][c:17]([N+:21](=[O:22])[O-:23])[c:18][c:19][c:20]2)[C:5]([C:9](=[O:10])[O:11][C:12]([C:13])[C:14])=[C:6]([C:8])[N:7]1
Nimodipine;27;C;0;0,0003579959302442;0;0;0,01941;0,052;0;[C:1][C:2]1=[C:3]([C:24](=[O:25])[O:26][C:27][C:28][O:29][C:30])[C:4]([c:15]2[c:16][c:17]([N+:21](=[O:22])[O-:23])[c:18][c:19][c:20]2)[C:5]([C:9](=[O:10])[O:11][C:12]([C:13])[C:14])=[C:6]([C:8])[N:7]1
Nimodipine;28;O;0;0,0003176505822921;0;0;0,014919;0,032;0;[C:1][C:2]1=[C:3]([C:24](=[O:25])[O:26][C:27][C:28][O:29][C:30])[C:4]([c:15]2[c:16][c:17]([N+:21](=[O:22])[O-:23])[c:18][c:19][c:20]2)[C:5]([C:9](=[O:10])[O:11][C:12]([C:13])[C:14])=[C:6]([C:8])[N:7]1
Nimodipine;29;C;0;0,0002709683816647;0;0;0,004204;0,056;0;[C:1][C:2]1=[C:3]([C:24](=[O:25])[O:26][C:27][C:28][O:29][C:30])[C:4]([c:15]2[c:16][c:17]([N+:21](=[O:22])[O-:23])[c:18][c:19][c:20]2)[C:5]([C:9](=[O:10])[O:11][C:12]([C:13])[C:14])=[C:6]([C:8])[N:7]1
