molecola,indice_atomo,match,n_voti_positivi,y_pred_ensemble
molecola_10219,1,0,0,0
molecola_10219,2,0,0,0
molecola_10219,3,0,0,0
molecola_10219,4,0,0,0
molecola_10219,5,0,0,0
molecola_10219,6,0,0,0
molecola_10219,7,0,0,0
molecola_10219,8,0,0,0
molecola_10219,9,0,0,0
molecola_10219,10,0,0,0
molecola_10219,11,0,0,0
molecola_10219,12,0,5,1
molecola_10219,13,0,0,0
molecola_10219,14,0,5,1
molecola_10219,15,0,0,0
molecola_10219,16,0,0,0
molecola_10219,17,1,5,1
molecola_10219,18,1,5,1
molecola_10219,19,1,5,1
molecola_10219,20,1,5,1
molecola_10219,21,1,5,1
molecola_10219,22,0,0,0
molecola_10219,23,0,0,0
molecola_10219,24,0,0,0
molecola_10219,25,0,0,0
molecola_10219,26,0,0,0
molecola_10219,27,0,0,0
molecola_10219,28,0,0,0
molecola_10219,29,0,0,0
molecola_10219,30,0,4,1
molecola_10219,31,0,0,0
molecola_10219,32,0,2,0
molecola_10219,33,0,0,0
molecola_10219,34,0,0,0
molecola_10219,35,0,0,0
molecola_10219,36,0,0,0
molecola_10219,37,0,0,0
molecola_10219,38,0,0,0
molecola_10219,39,0,0,0
molecola_10219,40,0,0,0
molecola_10219,41,0,0,0
molecola_10219,42,0,0,0
molecola_10219,43,0,0,0
molecola_10219,44,0,0,0
molecola_10219,45,0,0,0
molecola_10219,46,0,0,0
molecola_10219,47,0,0,0
molecola_10219,48,0,0,0
molecola_10219,49,0,0,0
molecola_10219,50,0,0,0
molecola_10219,51,0,0,0
molecola_10219,52,0,0,0
molecola_10219,53,0,0,0
molecola_10219,54,0,0,0
molecola_10219,55,0,0,0
molecola_10219,56,0,0,0
molecola_10219,57,0,0,0
molecola_11052,1,1,5,1
molecola_11052,2,1,5,1
molecola_11052,3,0,0,0
molecola_11052,4,0,0,0
molecola_11052,5,0,0,0
molecola_11052,6,0,0,0
molecola_11052,7,0,0,0
molecola_11052,8,0,0,0
molecola_11052,9,0,0,0
molecola_11052,10,0,0,0
molecola_11052,11,0,0,0
molecola_11052,12,0,0,0
molecola_11052,13,0,0,0
molecola_11052,14,0,0,0
molecola_11052,15,0,0,0
molecola_11052,16,0,0,0
molecola_11052,17,0,0,0
molecola_11052,18,0,0,0
molecola_11052,19,0,0,0
molecola_11052,20,0,0,0
molecola_11052,21,0,0,0
molecola_11052,22,0,5,1
molecola_11052,23,0,0,0
molecola_11052,24,0,0,0
molecola_11052,25,0,0,0
molecola_11052,26,0,0,0
molecola_11052,27,0,5,1
molecola_11052,28,0,0,0
molecola_11052,29,0,0,0
molecola_11062,1,0,0,0
molecola_11062,2,0,0,0
molecola_11062,3,0,0,0
molecola_11062,4,0,0,0
molecola_11062,5,0,0,0
molecola_11062,6,0,0,0
molecola_11062,7,0,0,0
molecola_11062,8,0,0,0
molecola_11062,9,0,0,0
molecola_11062,10,0,0,0
molecola_11062,11,0,0,0
molecola_11062,12,0,0,0
molecola_11062,13,0,0,0
molecola_11062,14,0,0,0
molecola_11062,15,0,5,1
molecola_11062,16,1,5,1
molecola_11062,17,1,5,1
molecola_11062,18,1,5,1
molecola_11062,19,1,5,1
molecola_11062,20,0,5,1
molecola_11062,21,0,0,0
molecola_11062,22,0,0,0
molecola_11062,23,0,0,0
molecola_11062,24,0,0,0
molecola_11062,25,0,0,0
molecola_11062,26,0,0,0
molecola_11062,27,0,0,0
molecola_11062,28,0,0,0
molecola_11062,29,0,0,0
molecola_11062,30,0,0,0
molecola_11301,1,0,0,0
molecola_11301,2,0,0,0
molecola_11301,3,0,0,0
molecola_11301,4,0,0,0
molecola_11301,5,1,5,1
molecola_11301,6,0,0,0
molecola_11301,7,0,0,0
molecola_11301,8,0,0,0
molecola_11301,9,1,5,1
molecola_11301,10,0,0,0
molecola_11301,11,0,0,0
molecola_11301,12,0,0,0
molecola_11301,13,0,0,0
molecola_11301,14,0,0,0
molecola_11301,15,0,0,0
molecola_11301,16,0,0,0
molecola_11301,17,0,0,0
molecola_11301,18,0,0,0
molecola_11301,19,0,0,0
molecola_11382,1,1,5,1
molecola_11382,2,1,5,1
molecola_11382,3,1,5,1
molecola_11382,4,1,5,1
molecola_11382,5,1,5,1
molecola_11382,6,0,0,0
molecola_11382,7,0,0,0
molecola_11382,8,0,0,0
molecola_11382,9,0,0,0
molecola_11382,10,0,0,0
molecola_11382,11,0,0,0
molecola_11382,12,0,0,0
molecola_11382,13,0,0,0
molecola_11382,14,0,0,0
molecola_11382,15,0,0,0
molecola_11382,16,0,0,0
molecola_11382,17,0,0,0
molecola_11382,18,0,0,0
molecola_11382,19,0,0,0
molecola_11382,20,0,0,0
molecola_11382,21,0,0,0
molecola_11382,22,0,0,0
molecola_11382,23,0,0,0
molecola_11382,24,0,0,0
molecola_11382,25,0,0,0
molecola_11382,26,0,0,0
molecola_11382,27,0,0,0
molecola_11382,28,0,0,0
molecola_11382,29,0,0,0
molecola_11382,30,0,0,0
molecola_11382,31,0,0,0
molecola_11382,32,0,0,0
molecola_11382,33,0,0,0
molecola_11382,34,0,0,0
molecola_11382,35,0,0,0
molecola_11382,36,0,0,0
molecola_11382,37,0,0,0
molecola_11382,38,0,0,0
molecola_11382,39,0,0,0
molecola_11382,40,0,0,0
molecola_11382,41,0,0,0
molecola_11382,42,0,0,0
molecola_11382,43,0,0,0
molecola_11382,44,0,5,1
molecola_11382,45,0,5,1
molecola_11382,46,0,0,0
molecola_11382,47,0,0,0
molecola_11382,48,0,5,1
molecola_11382,49,0,5,1
molecola_11382,50,0,5,1
molecola_11382,51,0,5,1
molecola_11382,52,0,5,1
molecola_11382,53,0,0,0
molecola_11382,54,0,0,0
molecola_11382,55,0,0,0
molecola_12106,1,0,0,0
molecola_12106,2,0,0,0
molecola_12106,3,0,0,0
molecola_12106,4,0,0,0
molecola_12106,5,1,5,1
molecola_12106,6,1,5,1
molecola_12106,7,1,5,1
molecola_12106,8,0,0,0
molecola_12106,9,0,0,0
molecola_12106,10,0,0,0
molecola_12106,11,0,0,0
molecola_12106,12,0,0,0
molecola_12106,13,0,0,0
molecola_12106,14,0,0,0
molecola_12106,15,0,0,0
molecola_12106,16,0,0,0
molecola_12106,17,0,0,0
molecola_12106,18,0,0,0
molecola_12106,19,0,0,0
molecola_12106,20,0,0,0
molecola_12106,21,0,0,0
molecola_12106,22,0,0,0
molecola_12533,1,0,0,0
molecola_12533,2,0,0,0
molecola_12533,3,0,0,0
molecola_12533,4,0,0,0
molecola_12533,5,0,0,0
molecola_12533,6,0,0,0
molecola_12533,7,0,0,0
molecola_12533,8,0,0,0
molecola_12533,9,0,0,0
molecola_12533,10,0,0,0
molecola_12533,11,0,0,0
molecola_12533,12,0,0,0
molecola_12533,13,0,0,0
molecola_12533,14,0,0,0
molecola_12533,15,0,0,0
molecola_12533,16,0,0,0
molecola_12533,17,0,0,0
molecola_12533,18,0,0,0
molecola_12533,19,0,0,0
molecola_12533,20,0,4,1
molecola_12533,21,0,0,0
molecola_12533,22,0,0,0
molecola_12533,23,0,5,1
molecola_12533,24,1,5,1
molecola_12533,25,1,5,1
molecola_12533,26,1,5,1
molecola_12533,27,1,5,1
molecola_12533,28,0,5,1
molecola_12533,29,0,0,0
molecola_12533,30,0,4,1
molecola_12533,31,0,0,0
molecola_12544,1,0,0,0
molecola_12544,2,0,2,0
molecola_12544,3,0,0,0
molecola_12544,4,0,0,0
molecola_12544,5,0,0,0
molecola_12544,6,0,4,1
molecola_12544,7,0,0,0
molecola_12544,8,0,0,0
molecola_12544,9,0,0,0
molecola_12544,10,0,0,0
molecola_12544,11,0,0,0
molecola_12544,12,0,0,0
molecola_12544,13,0,0,0
molecola_12544,14,0,0,0
molecola_12544,15,0,0,0
molecola_12544,16,0,0,0
molecola_12544,17,0,0,0
molecola_12544,18,0,0,0
molecola_12544,19,0,0,0
molecola_12544,20,1,5,1
molecola_12544,21,1,5,1
molecola_12544,22,1,5,1
molecola_12544,23,1,5,1
molecola_12544,24,1,5,1
molecola_12544,25,0,0,0
molecola_12544,26,0,0,0
molecola_12544,27,0,0,0
molecola_12544,28,0,0,0
molecola_12544,29,0,0,0
molecola_12544,30,0,0,0
molecola_12544,31,0,0,0
molecola_12544,32,0,0,0
molecola_12723,1,0,0,0
molecola_12723,2,1,5,1
molecola_12723,3,1,5,1
molecola_12723,4,0,0,0
molecola_12723,5,0,5,1
molecola_12723,6,0,0,0
molecola_12723,7,0,5,1
molecola_12723,8,0,0,0
molecola_12723,9,0,0,0
molecola_12723,10,0,0,0
molecola_12723,11,0,0,0
molecola_12723,12,0,0,0
molecola_12723,13,0,0,0
molecola_12723,14,0,0,0
molecola_12723,15,0,0,0
molecola_12723,16,0,0,0
molecola_12723,17,0,0,0
molecola_12723,18,0,0,0
molecola_12723,19,0,0,0
molecola_12723,20,0,0,0
molecola_12723,21,0,0,0
molecola_12723,22,0,0,0
molecola_12723,23,0,0,0
molecola_12723,24,0,0,0
molecola_12723,25,0,0,0
molecola_12723,26,0,0,0
molecola_12723,27,0,0,0
molecola_12723,28,0,0,0
molecola_12723,29,0,0,0
molecola_13018,1,0,0,0
molecola_13018,2,1,5,1
molecola_13018,3,1,5,1
molecola_13018,4,0,0,0
molecola_13018,5,0,0,0
molecola_13018,6,0,0,0
molecola_13018,7,0,0,0
molecola_13018,8,0,0,0
molecola_13018,9,0,0,0
molecola_13018,10,0,0,0
molecola_13018,11,0,0,0
molecola_13018,12,0,0,0
molecola_13018,13,0,0,0
molecola_13018,14,0,0,0
molecola_13018,15,0,0,0
molecola_13018,16,0,0,0
molecola_13018,17,0,0,0
molecola_13018,18,0,0,0
molecola_13018,19,0,0,0
molecola_13204,1,0,0,0
molecola_13204,2,0,0,0
molecola_13204,3,0,0,0
molecola_13204,4,0,0,0
molecola_13204,5,0,0,0
molecola_13204,6,0,0,0
molecola_13204,7,0,0,0
molecola_13204,8,1,5,1
molecola_13204,9,1,5,1
molecola_13204,10,1,5,1
molecola_13204,11,0,0,0
molecola_13204,12,0,0,0
molecola_13204,13,1,5,1
molecola_13204,14,0,0,0
molecola_13204,15,0,0,0
molecola_13204,16,0,0,0
molecola_13204,17,0,0,0
molecola_13204,18,0,0,0
molecola_13204,19,0,0,0
molecola_13461,1,0,0,0
molecola_13461,2,1,5,1
molecola_13461,3,0,0,0
molecola_13461,4,1,5,1
molecola_13461,5,1,5,1
molecola_13461,6,1,5,1
molecola_13461,7,1,5,1
molecola_13461,8,0,0,0
molecola_13461,9,0,0,0
molecola_13461,10,0,0,0
molecola_13461,11,0,0,0
molecola_13461,12,0,0,0
molecola_13461,13,0,0,0
molecola_13461,14,0,0,0
molecola_13461,15,0,0,0
molecola_13461,16,0,0,0
molecola_13461,17,0,0,0
molecola_13461,18,0,0,0
molecola_13461,19,0,0,0
molecola_13461,20,0,0,0
molecola_13461,21,0,0,0
molecola_13461,22,0,0,0
molecola_13461,23,0,0,0
molecola_13461,24,0,0,0
molecola_13461,25,0,0,0
molecola_13461,26,0,0,0
molecola_13461,27,0,0,0
molecola_13461,28,0,0,0
molecola_14006,1,0,0,0
molecola_14006,2,0,0,0
molecola_14006,3,0,0,0
molecola_14006,4,0,0,0
molecola_14006,5,0,0,0
molecola_14006,6,1,5,1
molecola_14006,7,1,5,1
molecola_14006,8,1,5,1
molecola_14006,9,1,5,1
molecola_14006,10,1,5,1
molecola_14006,11,0,0,0
molecola_14006,12,0,0,0
molecola_14006,13,0,0,0
molecola_14006,14,0,0,0
molecola_14006,15,0,0,0
molecola_14006,16,0,0,0
molecola_14006,17,0,0,0
molecola_14006,18,0,0,0
molecola_14006,19,0,0,0
molecola_14006,20,0,0,0
molecola_14006,21,0,0,0
molecola_14006,22,0,0,0
molecola_14006,23,0,0,0
molecola_14006,24,0,0,0
molecola_14006,25,0,0,0
molecola_14006,26,0,0,0
molecola_14006,27,0,0,0
molecola_14006,28,0,0,0
molecola_14006,29,0,0,0
molecola_14487,1,0,0,0
molecola_14487,2,0,5,1
molecola_14487,3,0,5,1
molecola_14487,4,0,0,0
molecola_14487,5,0,0,0
molecola_14487,6,0,0,0
molecola_14487,7,1,5,1
molecola_14487,8,1,5,1
molecola_14487,9,0,3,1
molecola_14487,10,0,0,0
molecola_14487,11,0,2,0
molecola_14487,12,0,0,0
molecola_14487,13,0,0,0
molecola_14487,14,0,0,0
molecola_14487,15,0,0,0
molecola_14487,16,0,0,0
molecola_14487,17,0,0,0
molecola_14487,18,0,0,0
molecola_14487,19,0,0,0
molecola_14487,20,0,0,0
molecola_14850,1,1,5,1
molecola_14850,2,1,5,1
molecola_14850,3,0,1,0
molecola_14850,4,0,0,0
molecola_14850,5,0,0,0
molecola_14850,6,0,0,0
molecola_14850,7,0,3,1
molecola_14850,8,0,4,1
molecola_14850,9,0,0,0
molecola_14850,10,0,4,1
molecola_14850,11,0,2,0
molecola_14850,12,0,0,0
molecola_14850,13,0,0,0
molecola_14850,14,0,0,0
molecola_14850,15,0,0,0
molecola_14850,16,0,0,0
molecola_14850,17,0,0,0
molecola_14850,18,0,0,0
molecola_14850,19,0,0,0
molecola_14850,20,0,0,0
molecola_15136,1,0,0,0
molecola_15136,2,0,0,0
molecola_15136,3,0,0,0
molecola_15136,4,0,0,0
molecola_15136,5,0,0,0
molecola_15136,6,0,1,0
molecola_15136,7,0,5,1
molecola_15136,8,0,5,1
molecola_15136,9,0,5,1
molecola_15136,10,0,0,0
molecola_15136,11,0,0,0
molecola_15136,12,0,0,0
molecola_15136,13,0,0,0
molecola_15136,14,0,0,0
molecola_15136,15,0,0,0
molecola_15136,16,1,5,1
molecola_15136,17,0,0,0
molecola_15136,18,1,5,1
molecola_15136,19,0,0,0
molecola_15136,20,0,5,1
molecola_15136,21,0,1,0
molecola_15136,22,0,1,0
molecola_15164,1,0,0,0
molecola_15164,2,0,0,0
molecola_15164,3,0,0,0
molecola_15164,4,0,0,0
molecola_15164,5,0,0,0
molecola_15164,6,0,0,0
molecola_15164,7,0,0,0
molecola_15164,8,0,0,0
molecola_15164,9,0,0,0
molecola_15164,10,0,0,0
molecola_15164,11,0,0,0
molecola_15164,12,0,0,0
molecola_15164,13,0,0,0
molecola_15164,14,0,0,0
molecola_15164,15,0,0,0
molecola_15164,16,0,0,0
molecola_15164,17,0,0,0
molecola_15164,18,0,0,0
molecola_15164,19,0,0,0
molecola_15164,20,0,2,0
molecola_15164,21,0,0,0
molecola_15164,22,0,1,0
molecola_15164,23,0,0,0
molecola_15164,24,0,0,0
molecola_15164,25,0,0,0
molecola_15164,26,0,0,0
molecola_15164,27,0,0,0
molecola_15164,28,0,0,0
molecola_15164,29,0,0,0
molecola_15164,30,0,0,0
molecola_15164,31,0,0,0
molecola_15164,32,0,0,0
molecola_15164,33,1,5,1
molecola_15164,34,0,0,0
molecola_15164,35,1,5,1
molecola_15446,1,0,0,0
molecola_15446,2,0,0,0
molecola_15446,3,0,0,0
molecola_15446,4,0,0,0
molecola_15446,5,0,0,0
molecola_15446,6,0,0,0
molecola_15446,7,0,0,0
molecola_15446,8,0,0,0
molecola_15446,9,1,5,1
molecola_15446,10,1,4,1
molecola_15446,11,0,0,0
molecola_15446,12,0,0,0
molecola_15446,13,0,0,0
molecola_15446,14,0,0,0
molecola_15446,15,0,0,0
molecola_15446,16,0,0,0
molecola_15446,17,0,0,0
molecola_15446,18,0,0,0
molecola_15446,19,0,0,0
molecola_15446,20,0,0,0
molecola_15457,1,0,0,0
molecola_15457,2,0,0,0
molecola_15457,3,0,0,0
molecola_15457,4,0,0,0
molecola_15457,5,0,0,0
molecola_15457,6,0,0,0
molecola_15457,7,0,0,0
molecola_15457,8,0,0,0
molecola_15457,9,0,0,0
molecola_15457,10,0,0,0
molecola_15457,11,0,0,0
molecola_15457,12,0,0,0
molecola_15457,13,0,0,0
molecola_15457,14,0,0,0
molecola_15457,15,0,0,0
molecola_15457,16,0,0,0
molecola_15457,17,0,0,0
molecola_15457,18,0,0,0
molecola_15457,19,0,0,0
molecola_15457,20,0,0,0
molecola_15457,21,0,0,0
molecola_15457,22,0,0,0
molecola_15457,23,1,5,1
molecola_15457,24,1,5,1
molecola_15457,25,1,5,1
molecola_15457,26,1,5,1
molecola_15457,27,1,5,1
molecola_15457,28,0,0,0
molecola_15457,29,0,0,0
molecola_15457,30,0,0,0
molecola_15457,31,0,0,0
molecola_15457,32,0,0,0
molecola_15457,33,0,0,0
molecola_15457,34,0,0,0
molecola_15457,35,0,0,0
molecola_15457,36,0,0,0
molecola_15457,37,0,0,0
molecola_15457,38,0,0,0
molecola_15457,39,0,0,0
molecola_15457,40,0,0,0
molecola_15457,41,0,0,0
molecola_15457,42,0,0,0
molecola_15457,43,0,0,0
molecola_15457,44,0,0,0
molecola_15457,45,0,0,0
molecola_15618,1,0,0,0
molecola_15618,2,0,0,0
molecola_15618,3,0,0,0
molecola_15618,4,0,0,0
molecola_15618,5,0,0,0
molecola_15618,6,0,0,0
molecola_15618,7,0,0,0
molecola_15618,8,0,0,0
molecola_15618,9,0,0,0
molecola_15618,10,0,0,0
molecola_15618,11,0,0,0
molecola_15618,12,0,0,0
molecola_15618,13,0,0,0
molecola_15618,14,0,0,0
molecola_15618,15,0,0,0
molecola_15618,16,0,0,0
molecola_15618,17,0,0,0
molecola_15618,18,0,0,0
molecola_15618,19,0,0,0
molecola_15618,20,0,0,0
molecola_15618,21,0,0,0
molecola_15618,22,0,0,0
molecola_15618,23,0,0,0
molecola_15618,24,0,0,0
molecola_15618,25,0,0,0
molecola_15618,26,0,0,0
molecola_15618,27,0,1,0
molecola_15618,28,0,4,1
molecola_15618,29,0,5,1
molecola_15618,30,0,0,0
molecola_15618,31,0,0,0
molecola_15618,32,0,0,0
molecola_15618,33,0,5,1
molecola_15618,34,1,5,1
molecola_15618,35,1,5,1
molecola_15618,36,1,5,1
molecola_15618,37,1,5,1
molecola_15618,38,0,5,1
molecola_15930,1,0,0,0
molecola_15930,2,0,0,0
molecola_15930,3,0,5,1
molecola_15930,4,0,0,0
molecola_15930,5,0,1,0
molecola_15930,6,1,5,1
molecola_15930,7,1,5,1
molecola_15930,8,0,0,0
molecola_15930,9,0,0,0
molecola_15930,10,0,0,0
molecola_15930,11,0,0,0
molecola_15930,12,0,0,0
molecola_15930,13,0,0,0
molecola_15930,14,0,0,0
molecola_15930,15,0,0,0
molecola_15930,16,0,0,0
molecola_15930,17,0,0,0
molecola_15930,18,0,0,0
molecola_15930,19,0,0,0
molecola_15930,20,0,0,0
molecola_15976,1,0,0,0
molecola_15976,2,1,5,1
molecola_15976,3,1,5,1
molecola_15976,4,0,0,0
molecola_15976,5,0,0,0
molecola_15976,6,0,0,0
molecola_15976,7,0,0,0
molecola_15976,8,0,0,0
molecola_15976,9,0,0,0
molecola_15976,10,0,0,0
molecola_15976,11,0,0,0
molecola_15976,12,0,0,0
molecola_15976,13,0,0,0
molecola_15976,14,0,0,0
molecola_15976,15,0,0,0
molecola_15976,16,0,0,0
molecola_15976,17,0,0,0
molecola_15976,18,0,0,0
molecola_15976,19,0,0,0
molecola_15976,20,0,0,0
molecola_15976,21,0,0,0
molecola_15976,22,0,0,0
molecola_15976,23,0,0,0
molecola_15976,24,0,0,0
molecola_15976,25,0,0,0
molecola_15976,26,0,0,0
molecola_15976,27,0,0,0
molecola_15976,28,0,0,0
molecola_15976,29,0,0,0
molecola_16161,1,0,0,0
molecola_16161,2,0,0,0
molecola_16161,3,0,0,0
molecola_16161,4,0,0,0
molecola_16161,5,0,0,0
molecola_16161,6,0,0,0
molecola_16161,7,0,0,0
molecola_16161,8,0,0,0
molecola_16161,9,0,0,0
molecola_16161,10,0,0,0
molecola_16161,11,0,0,0
molecola_16161,12,0,0,0
molecola_16161,13,0,0,0
molecola_16161,14,0,0,0
molecola_16161,15,0,0,0
molecola_16161,16,0,0,0
molecola_16161,17,0,0,0
molecola_16161,18,0,0,0
molecola_16161,19,0,0,0
molecola_16161,20,1,5,1
molecola_16161,21,0,0,0
molecola_16161,22,0,0,0
molecola_16161,23,0,0,0
molecola_16161,24,0,0,0
molecola_16161,25,0,0,0
molecola_16161,26,0,0,0
molecola_16161,27,0,0,0
molecola_16161,28,0,0,0
molecola_16161,29,0,0,0
molecola_16161,30,0,0,0
molecola_16161,31,1,5,1
molecola_16161,32,1,5,1
molecola_16161,33,0,5,1
molecola_16161,34,0,5,1
molecola_16161,35,1,5,1
molecola_16161,36,0,0,0
molecola_16161,37,0,0,0
molecola_16161,38,0,0,0
molecola_16161,39,0,0,0
molecola_16161,40,0,0,0
molecola_16307,1,1,5,1
molecola_16307,2,1,5,1
molecola_16307,3,1,5,1
molecola_16307,4,1,5,1
molecola_16307,5,1,5,1
molecola_16307,6,0,0,0
molecola_16307,7,0,0,0
molecola_16307,8,0,0,0
molecola_16307,9,0,0,0
molecola_16307,10,0,0,0
molecola_16307,11,0,0,0
molecola_16307,12,0,0,0
molecola_16307,13,0,0,0
molecola_16307,14,0,0,0
molecola_16307,15,0,0,0
molecola_16307,16,0,0,0
molecola_16307,17,0,0,0
molecola_16307,18,0,0,0
molecola_16307,19,0,0,0
molecola_16307,20,0,0,0
molecola_16307,21,0,0,0
molecola_16307,22,0,0,0
molecola_16307,23,0,0,0
molecola_16307,24,0,0,0
molecola_16307,25,0,0,0
molecola_16307,26,0,0,0
molecola_16307,27,0,0,0
molecola_16307,28,0,0,0
molecola_16307,29,0,0,0
molecola_16307,30,0,0,0
molecola_16307,31,0,0,0
molecola_16406,1,0,0,0
molecola_16406,2,0,0,0
molecola_16406,3,0,0,0
molecola_16406,4,0,0,0
molecola_16406,5,0,0,0
molecola_16406,6,0,0,0
molecola_16406,7,0,0,0
molecola_16406,8,1,5,1
molecola_16406,9,0,0,0
molecola_16406,10,1,5,1
molecola_16406,11,0,0,0
molecola_16406,12,0,0,0
molecola_16406,13,0,0,0
molecola_16406,14,0,0,0
molecola_16406,15,0,0,0
molecola_16406,16,0,0,0
molecola_16406,17,0,0,0
molecola_16406,18,0,0,0
molecola_16406,19,0,0,0
molecola_16406,20,0,0,0
molecola_16406,21,0,0,0
molecola_16519,1,0,0,0
molecola_16519,2,1,5,1
molecola_16519,3,0,0,0
molecola_16519,4,0,0,0
molecola_16519,5,1,5,1
molecola_16519,6,1,5,1
molecola_16519,7,0,0,0
molecola_16519,8,0,0,0
molecola_16519,9,0,0,0
molecola_16519,10,0,0,0
molecola_16519,11,0,0,0
molecola_16519,12,0,0,0
molecola_16519,13,0,0,0
molecola_16519,14,0,0,0
molecola_16519,15,0,0,0
molecola_16519,16,0,0,0
molecola_16519,17,0,0,0
molecola_16569,1,1,5,1
molecola_16569,2,1,5,1
molecola_16569,3,0,0,0
molecola_16569,4,0,0,0
molecola_16569,5,0,0,0
molecola_16569,6,0,0,0
molecola_16569,7,0,0,0
molecola_16569,8,0,0,0
molecola_16569,9,0,0,0
molecola_16569,10,0,0,0
molecola_16569,11,0,0,0
molecola_16620,1,0,0,0
molecola_16620,2,0,0,0
molecola_16620,3,0,0,0
molecola_16620,4,0,0,0
molecola_16620,5,0,0,0
molecola_16620,6,0,0,0
molecola_16620,7,0,0,0
molecola_16620,8,0,0,0
molecola_16620,9,0,0,0
molecola_16620,10,0,0,0
molecola_16620,11,0,0,0
molecola_16620,12,0,0,0
molecola_16620,13,0,0,0
molecola_16620,14,0,0,0
molecola_16620,15,0,0,0
molecola_16620,16,0,0,0
molecola_16620,17,0,0,0
molecola_16620,18,0,0,0
molecola_16620,19,0,0,0
molecola_16620,20,0,5,1
molecola_16620,21,1,5,1
molecola_16620,22,1,5,1
molecola_16620,23,1,5,1
molecola_16620,24,1,5,1
molecola_16620,25,0,5,1
molecola_16620,26,0,0,0
molecola_16620,27,0,0,0
molecola_16620,28,0,0,0
molecola_16620,29,0,0,0
molecola_16620,30,0,0,0
molecola_16620,31,0,0,0
molecola_16620,32,0,0,0
molecola_16620,33,0,0,0
molecola_16620,34,0,0,0
molecola_16620,35,0,0,0
molecola_16620,36,0,0,0
molecola_16620,37,0,0,0
molecola_16620,38,0,0,0
molecola_16620,39,0,0,0
molecola_16620,40,0,0,0
molecola_16620,41,0,0,0
molecola_16620,42,0,0,0
molecola_16620,43,0,0,0
molecola_16620,44,0,0,0
molecola_16736,1,0,0,0
molecola_16736,2,0,0,0
molecola_16736,3,0,0,0
molecola_16736,4,0,0,0
molecola_16736,5,0,0,0
molecola_16736,6,0,0,0
molecola_16736,7,0,0,0
molecola_16736,8,0,0,0
molecola_16736,9,0,0,0
molecola_16736,10,1,5,1
molecola_16736,11,0,0,0
molecola_16736,12,1,5,1
molecola_16736,13,0,0,0
molecola_16736,14,0,0,0
molecola_16736,15,0,0,0
molecola_16736,16,0,0,0
molecola_16736,17,0,0,0
molecola_16736,18,0,0,0
molecola_16736,19,0,0,0
molecola_16736,20,0,0,0
molecola_16736,21,0,0,0
molecola_16736,22,0,0,0
molecola_16736,23,0,0,0
molecola_16736,24,0,0,0
molecola_16736,25,0,0,0
molecola_16736,26,0,0,0
molecola_16736,27,0,0,0
molecola_16736,28,0,0,0
molecola_16736,29,0,0,0
molecola_16736,30,0,0,0
molecola_16736,31,0,0,0
molecola_16736,32,0,0,0
molecola_16736,33,0,0,0
molecola_16736,34,0,0,0
molecola_16736,35,0,0,0
molecola_16736,36,0,0,0
molecola_16781,1,1,5,1
molecola_16781,2,1,5,1
molecola_16781,3,0,0,0
molecola_16781,4,1,0,0
molecola_16781,5,0,0,0
molecola_16781,6,0,0,0
molecola_16781,7,0,0,0
molecola_16781,8,0,0,0
molecola_16781,9,0,0,0
molecola_16781,10,0,0,0
molecola_16781,11,0,0,0
molecola_16781,12,0,0,0
molecola_16781,13,0,0,0
molecola_16781,14,0,0,0
molecola_16781,15,0,0,0
molecola_16781,16,0,0,0
molecola_16781,17,0,0,0
molecola_16781,18,1,0,0
molecola_16781,19,0,0,0
molecola_16781,20,1,0,0
molecola_16781,21,0,0,0
molecola_16781,22,1,0,0
molecola_16851,1,0,0,0
molecola_16851,2,0,4,1
molecola_16851,3,0,0,0
molecola_16851,4,1,5,1
molecola_16851,5,1,4,1
molecola_16851,6,0,1,0
molecola_16851,7,0,0,0
molecola_16851,8,0,0,0
molecola_16851,9,0,0,0
molecola_16851,10,0,0,0
molecola_16851,11,0,0,0
molecola_16851,12,0,0,0
molecola_16851,13,0,0,0
molecola_17320,1,0,0,0
molecola_17320,2,0,0,0
molecola_17320,3,0,0,0
molecola_17320,4,0,0,0
molecola_17320,5,0,0,0
molecola_17320,6,0,0,0
molecola_17320,7,1,5,1
molecola_17320,8,1,5,1
molecola_17320,9,0,0,0
molecola_17320,10,0,0,0
molecola_17320,11,0,0,0
molecola_17320,12,0,0,0
molecola_17320,13,0,0,0
molecola_17320,14,0,0,0
molecola_17320,15,0,0,0
molecola_17320,16,0,0,0
molecola_17320,17,0,0,0
molecola_17320,18,0,0,0
molecola_17320,19,0,0,0
molecola_17320,20,0,0,0
molecola_17320,21,0,0,0
molecola_17320,22,0,0,0
molecola_17320,23,0,0,0
molecola_17320,24,0,0,0
molecola_17320,25,0,0,0
molecola_17320,26,0,0,0
molecola_17320,27,0,0,0
molecola_17320,28,0,0,0
molecola_17320,29,0,0,0
molecola_17320,30,0,0,0
molecola_17320,31,0,0,0
molecola_17320,32,0,0,0
molecola_17320,33,0,0,0
molecola_17320,34,0,0,0
molecola_17320,35,0,0,0
molecola_17320,36,0,0,0
molecola_17320,37,0,0,0
molecola_17320,38,0,0,0
molecola_17339,1,0,0,0
molecola_17339,2,0,0,0
molecola_17339,3,0,0,0
molecola_17339,4,0,0,0
molecola_17339,5,0,0,0
molecola_17339,6,0,0,0
molecola_17339,7,0,0,0
molecola_17339,8,0,0,0
molecola_17339,9,0,0,0
molecola_17339,10,0,0,0
molecola_17339,11,0,0,0
molecola_17339,12,1,5,1
molecola_17339,13,1,5,1
molecola_17339,14,0,0,0
molecola_17339,15,0,0,0
molecola_17339,16,0,5,1
molecola_18070,1,0,0,0
molecola_18070,2,0,2,0
molecola_18070,3,0,0,0
molecola_18070,4,0,0,0
molecola_18070,5,0,5,1
molecola_18070,6,0,0,0
molecola_18070,7,0,3,1
molecola_18070,8,0,0,0
molecola_18070,9,0,0,0
molecola_18070,10,0,0,0
molecola_18070,11,0,0,0
molecola_18070,12,1,5,1
molecola_18070,13,0,0,0
molecola_18070,14,1,5,1
molecola_18388,1,0,0,0
molecola_18388,2,0,0,0
molecola_18388,3,1,5,1
molecola_18388,4,1,5,1
molecola_18388,5,0,0,0
molecola_18388,6,0,0,0
molecola_18388,7,0,0,0
molecola_18388,8,0,0,0
molecola_18388,9,0,0,0
molecola_18388,10,0,0,0
molecola_18388,11,0,0,0
molecola_18388,12,0,0,0
molecola_18388,13,0,0,0
molecola_18388,14,0,0,0
molecola_18388,15,0,0,0
molecola_18388,16,0,0,0
molecola_18388,17,0,0,0
molecola_18388,18,0,0,0
molecola_18388,19,0,0,0
molecola_18388,20,0,0,0
molecola_18388,21,0,0,0
molecola_18388,22,0,0,0
molecola_18388,23,0,0,0
molecola_18388,24,0,0,0
molecola_18388,25,0,0,0
molecola_18388,26,0,0,0
molecola_18739,1,0,0,0
molecola_18739,2,0,0,0
molecola_18739,3,0,0,0
molecola_18739,4,0,0,0
molecola_18739,5,0,0,0
molecola_18739,6,0,0,0
molecola_18739,7,0,0,0
molecola_18739,8,0,0,0
molecola_18739,9,0,0,0
molecola_18739,10,0,0,0
molecola_18739,11,0,0,0
molecola_18739,12,0,0,0
molecola_18739,13,0,0,0
molecola_18739,14,0,0,0
molecola_18739,15,1,5,1
molecola_18739,16,0,0,0
molecola_18739,17,0,0,0
molecola_18739,18,1,5,1
molecola_18739,19,0,0,0
molecola_18739,20,0,0,0
molecola_18739,21,0,0,0
molecola_18739,22,0,0,0
molecola_18739,23,0,0,0
molecola_18739,24,0,0,0
molecola_18739,25,0,0,0
molecola_18739,26,0,0,0
molecola_18739,27,0,0,0
molecola_18739,28,0,0,0
molecola_18787,1,0,0,0
molecola_18787,2,1,5,1
molecola_18787,3,1,5,1
molecola_18787,4,0,0,0
molecola_18787,5,0,0,0
molecola_18787,6,0,0,0
molecola_18787,7,0,0,0
molecola_18787,8,0,0,0
molecola_18787,9,0,0,0
molecola_18787,10,0,0,0
molecola_18787,11,0,0,0
molecola_18787,12,0,0,0
molecola_18787,13,0,0,0
molecola_18787,14,0,0,0
molecola_18787,15,0,0,0
molecola_18787,16,0,0,0
molecola_18787,17,0,0,0
molecola_18787,18,0,0,0
molecola_18787,19,0,0,0
molecola_18787,20,0,0,0
molecola_18787,21,0,0,0
molecola_18787,22,0,0,0
molecola_18787,23,0,0,0
molecola_18787,24,0,0,0
molecola_18787,25,0,0,0
molecola_18787,26,0,0,0
molecola_18787,27,0,0,0
molecola_19008,1,0,0,0
molecola_19008,2,0,0,0
molecola_19008,3,0,0,0
molecola_19008,4,0,0,0
molecola_19008,5,0,0,0
molecola_19008,6,0,0,0
molecola_19008,7,0,0,0
molecola_19008,8,0,0,0
molecola_19008,9,0,0,0
molecola_19008,10,0,0,0
molecola_19008,11,0,0,0
molecola_19008,12,0,0,0
molecola_19008,13,0,0,0
molecola_19008,14,0,0,0
molecola_19008,15,0,0,0
molecola_19008,16,0,0,0
molecola_19008,17,0,0,0
molecola_19008,18,0,0,0
molecola_19008,19,0,0,0
molecola_19008,20,0,0,0
molecola_19008,21,0,0,0
molecola_19008,22,0,0,0
molecola_19008,23,0,0,0
molecola_19008,24,0,0,0
molecola_19008,25,0,0,0
molecola_19008,26,0,0,0
molecola_19008,27,0,0,0
molecola_19008,28,0,0,0
molecola_19008,29,0,0,0
molecola_19008,30,0,0,0
molecola_19008,31,0,0,0
molecola_19008,32,0,0,0
molecola_19008,33,0,0,0
molecola_19008,34,0,0,0
molecola_19008,35,0,0,0
molecola_19008,36,1,5,1
molecola_19008,37,1,5,1
molecola_19008,38,0,5,1
molecola_19008,39,0,4,1
molecola_19008,40,0,0,0
molecola_19008,41,0,0,0
molecola_19008,42,0,0,0
molecola_19008,43,0,0,0
molecola_19008,44,0,0,0
molecola_19008,45,0,0,0
molecola_19008,46,0,5,1
molecola_19008,47,0,5,1
molecola_19008,48,0,0,0
molecola_19008,49,0,0,0
molecola_19008,50,0,0,0
molecola_19008,51,0,5,1
molecola_19008,52,0,0,0
molecola_19008,53,0,0,0
molecola_19008,54,0,0,0
molecola_19541,1,0,0,0
molecola_19541,2,0,0,0
molecola_19541,3,0,0,0
molecola_19541,4,0,0,0
molecola_19541,5,1,5,1
molecola_19541,6,0,0,0
molecola_19541,7,0,0,0
molecola_19541,8,1,5,1
molecola_19541,9,0,0,0
molecola_19541,10,0,0,0
molecola_19541,11,0,0,0
molecola_19541,12,0,0,0
molecola_19541,13,0,0,0
molecola_19541,14,0,0,0
molecola_19541,15,0,0,0
molecola_19541,16,0,0,0
molecola_19541,17,1,5,1
molecola_19541,18,0,1,0
molecola_19541,19,1,1,0
molecola_20039,1,1,5,1
molecola_20039,2,1,5,1
molecola_20039,3,1,5,1
molecola_20039,4,1,5,1
molecola_20039,5,1,5,1
molecola_20039,6,0,0,0
molecola_20039,7,0,0,0
molecola_20039,8,0,0,0
molecola_20039,9,0,0,0
molecola_20039,10,0,0,0
molecola_20039,11,0,0,0
molecola_20039,12,0,0,0
molecola_20039,13,0,0,0
molecola_20039,14,0,0,0
molecola_20039,15,0,0,0
molecola_20039,16,0,0,0
molecola_20039,17,0,0,0
molecola_20039,18,0,0,0
molecola_20039,19,0,0,0
molecola_20039,20,0,5,1
molecola_20039,21,0,0,0
molecola_20039,22,0,0,0
molecola_20039,23,0,0,0
molecola_20039,24,0,0,0
molecola_20039,25,0,5,1
molecola_20039,26,0,0,0
molecola_20039,27,0,0,0
molecola_20039,28,0,0,0
molecola_20039,29,0,0,0
molecola_20039,30,0,0,0
molecola_20039,31,0,0,0
molecola_20039,32,0,0,0
molecola_20039,33,0,0,0
molecola_20039,34,0,0,0
molecola_20039,35,0,0,0
molecola_20039,36,0,0,0
molecola_20039,37,0,0,0
molecola_20039,38,0,0,0
molecola_20039,39,0,0,0
molecola_20039,40,0,0,0
molecola_20039,41,0,0,0
molecola_20039,42,0,0,0
molecola_20876,1,0,0,0
molecola_20876,2,0,0,0
molecola_20876,3,0,0,0
molecola_20876,4,0,0,0
molecola_20876,5,0,0,0
molecola_20876,6,0,0,0
molecola_20876,7,0,0,0
molecola_20876,8,1,5,1
molecola_20876,9,0,0,0
molecola_20876,10,1,5,1
molecola_20876,11,1,5,1
molecola_20876,12,0,0,0
molecola_20876,13,0,0,0
molecola_20876,14,0,0,0
molecola_20876,15,0,0,0
molecola_20876,16,0,0,0
molecola_20876,17,0,0,0
molecola_20876,18,0,0,0
molecola_20876,19,0,0,0
molecola_20876,20,0,0,0
molecola_20876,21,0,0,0
molecola_20876,22,0,0,0
molecola_20876,23,0,0,0
molecola_20876,24,0,5,1
molecola_20876,25,0,5,1
molecola_20876,26,0,0,0
molecola_20876,27,0,0,0
molecola_20876,28,0,0,0
molecola_20876,29,0,0,0
molecola_20876,30,0,0,0
molecola_20876,31,0,0,0
molecola_21240,1,0,0,0
molecola_21240,2,0,0,0
molecola_21240,3,0,0,0
molecola_21240,4,0,0,0
molecola_21240,5,0,0,0
molecola_21240,6,0,0,0
molecola_21240,7,0,0,0
molecola_21240,8,0,0,0
molecola_21240,9,0,0,0
molecola_21240,10,0,0,0
molecola_21240,11,0,0,0
molecola_21240,12,0,0,0
molecola_21240,13,0,0,0
molecola_21240,14,0,0,0
molecola_21240,15,0,0,0
molecola_21240,16,0,0,0
molecola_21240,17,0,0,0
molecola_21240,18,0,0,0
molecola_21240,19,0,0,0
molecola_21240,20,0,0,0
molecola_21240,21,0,0,0
molecola_21240,22,0,0,0
molecola_21240,23,0,0,0
molecola_21240,24,0,0,0
molecola_21240,25,0,0,0
molecola_21240,26,1,5,1
molecola_21240,27,1,5,1
molecola_21240,28,1,5,1
molecola_21240,29,1,5,1
molecola_21240,30,1,5,1
molecola_21240,31,0,0,0
molecola_21240,32,0,0,0
molecola_21240,33,0,5,1
molecola_21240,34,0,0,0
molecola_21240,35,0,0,0
molecola_21240,36,0,0,0
molecola_21240,37,0,0,0
molecola_2156,1,0,0,0
molecola_2156,2,1,5,1
molecola_2156,3,1,5,1
molecola_2156,4,0,0,0
molecola_2156,5,0,0,0
molecola_2156,6,0,0,0
molecola_2156,7,0,0,0
molecola_2156,8,0,0,0
molecola_2156,9,0,0,0
molecola_2156,10,0,0,0
molecola_2156,11,0,0,0
molecola_2156,12,0,0,0
molecola_2156,13,0,0,0
molecola_2156,14,0,0,0
molecola_2156,15,0,0,0
molecola_2156,16,0,0,0
molecola_2156,17,0,0,0
molecola_2156,18,0,0,0
molecola_2156,19,0,0,0
molecola_2156,20,0,0,0
molecola_2156,21,0,0,0
molecola_2156,22,0,0,0
molecola_2156,23,0,0,0
molecola_2156,24,0,0,0
molecola_2156,25,0,0,0
molecola_2156,26,0,0,0
molecola_2156,27,0,0,0
molecola_2156,28,0,0,0
molecola_2156,29,0,0,0
molecola_2156,30,0,0,0
molecola_2156,31,0,0,0
molecola_2156,32,0,0,0
molecola_2156,33,0,0,0
molecola_23004,1,0,0,0
molecola_23004,2,1,5,1
molecola_23004,3,1,5,1
molecola_23004,4,1,5,1
molecola_23004,5,1,5,1
molecola_23004,6,1,5,1
molecola_23004,7,0,0,0
molecola_23004,8,0,0,0
molecola_23004,9,0,0,0
molecola_23004,10,0,0,0
molecola_23004,11,0,0,0
molecola_23004,12,1,5,1
molecola_23004,13,0,0,0
molecola_23004,14,0,0,0
molecola_23004,15,0,0,0
molecola_23004,16,0,0,0
molecola_23004,17,0,0,0
molecola_23004,18,0,0,0
molecola_23004,19,0,0,0
molecola_23004,20,0,0,0
molecola_23004,21,0,0,0
molecola_23004,22,0,0,0
molecola_23004,23,0,0,0
molecola_23004,24,0,0,0
molecola_23004,25,0,0,0
molecola_23004,26,0,0,0
molecola_23004,27,0,0,0
molecola_23004,28,1,5,1
molecola_23004,29,1,5,1
molecola_23004,30,1,5,1
molecola_23004,31,1,5,1
molecola_23004,32,0,0,0
molecola_23004,33,0,0,0
molecola_23004,34,0,0,0
molecola_23004,35,0,0,0
molecola_23004,36,0,0,0
molecola_23004,37,0,0,0
molecola_23004,38,0,0,0
molecola_23004,39,0,0,0
molecola_23004,40,0,0,0
molecola_23004,41,0,0,0
molecola_23703,1,0,1,0
molecola_23703,2,0,0,0
molecola_23703,3,0,5,1
molecola_23703,4,0,0,0
molecola_23703,5,0,0,0
molecola_23703,6,0,0,0
molecola_23703,7,0,0,0
molecola_23703,8,0,0,0
molecola_23703,9,0,0,0
molecola_23703,10,0,0,0
molecola_23703,11,1,5,1
molecola_23703,12,1,5,1
molecola_23703,13,1,5,1
molecola_23703,14,1,5,1
molecola_23703,15,1,5,1
molecola_23703,16,0,0,0
molecola_23703,17,0,0,0
molecola_23703,18,0,0,0
molecola_23703,19,0,0,0
molecola_23703,20,0,0,0
molecola_23703,21,0,0,0
molecola_23703,22,0,0,0
molecola_23703,23,0,0,0
molecola_23703,24,0,0,0
molecola_23703,25,0,0,0
molecola_23703,26,0,0,0
molecola_23703,27,0,0,0
molecola_23703,28,0,0,0
molecola_23703,29,0,0,0
molecola_23703,30,0,0,0
molecola_24349,1,0,0,0
molecola_24349,2,0,5,1
molecola_24349,3,0,0,0
molecola_24349,4,0,0,0
molecola_24349,5,0,5,1
molecola_24349,6,1,5,1
molecola_24349,7,1,5,1
molecola_24349,8,0,0,0
molecola_24349,9,0,0,0
molecola_24349,10,0,0,0
molecola_24349,11,0,0,0
molecola_24349,12,0,0,0
molecola_24349,13,0,0,0
molecola_24349,14,0,0,0
molecola_24349,15,0,0,0
molecola_24349,16,0,0,0
molecola_24349,17,0,0,0
molecola_2440,1,0,0,0
molecola_2440,2,0,0,0
molecola_2440,3,0,0,0
molecola_2440,4,0,0,0
molecola_2440,5,0,0,0
molecola_2440,6,0,0,0
molecola_2440,7,0,0,0
molecola_2440,8,0,0,0
molecola_2440,9,0,0,0
molecola_2440,10,0,0,0
molecola_2440,11,0,0,0
molecola_2440,12,0,0,0
molecola_2440,13,0,5,1
molecola_2440,14,0,5,1
molecola_2440,15,0,5,1
molecola_2440,16,0,5,1
molecola_2440,17,0,5,1
molecola_2440,18,0,0,0
molecola_2440,19,0,0,0
molecola_2440,20,0,0,0
molecola_2440,21,0,0,0
molecola_2440,22,0,0,0
molecola_2440,23,0,0,0
molecola_2440,24,1,5,1
molecola_2440,25,0,0,0
molecola_2440,26,1,5,1
molecola_2440,27,0,0,0
molecola_2440,28,0,0,0
molecola_2440,29,0,0,0
molecola_2440,30,0,0,0
molecola_2440,31,0,0,0
molecola_24754,1,0,0,0
molecola_24754,2,0,0,0
molecola_24754,3,0,0,0
molecola_24754,4,0,0,0
molecola_24754,5,0,0,0
molecola_24754,6,0,0,0
molecola_24754,7,0,0,0
molecola_24754,8,0,0,0
molecola_24754,9,0,0,0
molecola_24754,10,0,0,0
molecola_24754,11,0,0,0
molecola_24754,12,0,0,0
molecola_24754,13,0,0,0
molecola_24754,14,0,0,0
molecola_24754,15,0,0,0
molecola_24754,16,0,0,0
molecola_24754,17,0,0,0
molecola_24754,18,0,0,0
molecola_24754,19,0,0,0
molecola_24754,20,0,0,0
molecola_24754,21,0,0,0
molecola_24754,22,0,0,0
molecola_24754,23,0,0,0
molecola_24754,24,0,0,0
molecola_24754,25,0,0,0
molecola_24754,26,0,0,0
molecola_24754,27,0,0,0
molecola_24754,28,0,0,0
molecola_24754,29,0,0,0
molecola_24754,30,0,0,0
molecola_24754,31,0,0,0
molecola_24754,32,1,5,1
molecola_24754,33,0,0,0
molecola_24754,34,1,5,1
molecola_24830,1,0,0,0
molecola_24830,2,0,0,0
molecola_24830,3,0,0,0
molecola_24830,4,0,0,0
molecola_24830,5,0,0,0
molecola_24830,6,0,0,0
molecola_24830,7,0,0,0
molecola_24830,8,0,0,0
molecola_24830,9,0,0,0
molecola_24830,10,1,5,1
molecola_24830,11,0,0,0
molecola_24830,12,1,5,1
molecola_24830,13,0,0,0
molecola_24830,14,0,0,0
molecola_24830,15,0,0,0
molecola_24830,16,0,0,0
molecola_24830,17,0,0,0
molecola_24830,18,0,0,0
molecola_24830,19,0,0,0
molecola_24830,20,0,0,0
molecola_24830,21,0,0,0
molecola_24830,22,0,0,0
molecola_254,1,0,0,0
molecola_254,2,0,0,0
molecola_254,3,0,0,0
molecola_254,4,0,0,0
molecola_254,5,0,0,0
molecola_254,6,0,0,0
molecola_254,7,0,0,0
molecola_254,8,0,0,0
molecola_254,9,0,0,0
molecola_254,10,0,0,0
molecola_254,11,0,0,0
molecola_254,12,0,0,0
molecola_254,13,1,5,1
molecola_254,14,1,5,1
molecola_254,15,0,5,1
molecola_254,16,0,0,0
molecola_254,17,0,0,0
molecola_254,18,0,0,0
molecola_254,19,0,0,0
molecola_254,20,0,0,0
molecola_254,21,0,0,0
molecola_254,22,0,0,0
molecola_254,23,0,0,0
molecola_25611,1,0,0,0
molecola_25611,2,0,0,0
molecola_25611,3,0,0,0
molecola_25611,4,0,0,0
molecola_25611,5,0,0,0
molecola_25611,6,0,0,0
molecola_25611,7,0,0,0
molecola_25611,8,0,0,0
molecola_25611,9,0,0,0
molecola_25611,10,0,0,0
molecola_25611,11,0,0,0
molecola_25611,12,1,5,1
molecola_25611,13,1,5,1
molecola_25611,14,0,0,0
molecola_25611,15,0,0,0
molecola_25611,16,0,0,0
molecola_25611,17,0,0,0
molecola_25611,18,0,0,0
molecola_25611,19,0,0,0
molecola_25611,20,0,0,0
molecola_25611,21,0,0,0
molecola_25611,22,0,0,0
molecola_25611,23,0,0,0
molecola_25611,24,0,0,0
molecola_25611,25,0,0,0
molecola_25611,26,0,0,0
molecola_25611,27,0,0,0
molecola_25611,28,0,0,0
molecola_25611,29,0,0,0
molecola_25611,30,0,0,0
molecola_25698,1,0,0,0
molecola_25698,2,0,0,0
molecola_25698,3,0,0,0
molecola_25698,4,0,1,0
molecola_25698,5,0,0,0
molecola_25698,6,0,0,0
molecola_25698,7,0,0,0
molecola_25698,8,0,0,0
molecola_25698,9,0,0,0
molecola_25698,10,0,0,0
molecola_25698,11,0,0,0
molecola_25698,12,0,0,0
molecola_25698,13,0,0,0
molecola_25698,14,0,0,0
molecola_25698,15,0,0,0
molecola_25698,16,0,0,0
molecola_25698,17,0,0,0
molecola_25698,18,0,0,0
molecola_25698,19,0,0,0
molecola_25698,20,0,0,0
molecola_25698,21,0,0,0
molecola_25698,22,0,0,0
molecola_25698,23,0,0,0
molecola_25698,24,0,0,0
molecola_25698,25,0,0,0
molecola_25698,26,0,0,0
molecola_25698,27,0,0,0
molecola_25698,28,0,0,0
molecola_25698,29,0,0,0
molecola_25698,30,0,0,0
molecola_25698,31,1,5,1
molecola_25698,32,1,5,1
molecola_25698,33,1,5,1
molecola_25698,34,1,5,1
molecola_25698,35,0,5,1
molecola_25698,36,1,0,0
molecola_25698,37,1,0,0
molecola_25904,1,0,0,0
molecola_25904,2,1,5,1
molecola_25904,3,1,5,1
molecola_25904,4,0,0,0
molecola_25904,5,0,0,0
molecola_25904,6,0,0,0
molecola_25904,7,0,0,0
molecola_25904,8,0,0,0
molecola_25904,9,0,0,0
molecola_25904,10,0,0,0
molecola_25904,11,0,0,0
molecola_25904,12,0,0,0
molecola_25904,13,0,0,0
molecola_25904,14,0,0,0
molecola_25904,15,0,0,0
molecola_25904,16,0,0,0
molecola_25904,17,0,0,0
molecola_25904,18,0,0,0
molecola_25904,19,0,0,0
molecola_25904,20,0,0,0
molecola_26298,1,0,0,0
molecola_26298,2,0,0,0
molecola_26298,3,0,0,0
molecola_26298,4,0,0,0
molecola_26298,5,0,0,0
molecola_26298,6,0,0,0
molecola_26298,7,0,0,0
molecola_26298,8,1,5,1
molecola_26298,9,1,5,1
molecola_26298,10,1,5,1
molecola_26298,11,1,5,1
molecola_26298,12,1,5,1
molecola_26298,13,0,0,0
molecola_26298,14,0,0,0
molecola_26298,15,0,0,0
molecola_26298,16,0,0,0
molecola_26298,17,0,0,0
molecola_26298,18,0,0,0
molecola_26298,19,0,0,0
molecola_26298,20,0,0,0
molecola_26298,21,0,0,0
molecola_26298,22,0,0,0
molecola_26298,23,0,0,0
molecola_26298,24,0,0,0
molecola_26298,25,0,0,0
molecola_26298,26,0,0,0
molecola_26298,27,0,0,0
molecola_26604,1,0,0,0
molecola_26604,2,0,0,0
molecola_26604,3,0,0,0
molecola_26604,4,0,0,0
molecola_26604,5,0,0,0
molecola_26604,6,0,0,0
molecola_26604,7,0,0,0
molecola_26604,8,0,0,0
molecola_26604,9,0,0,0
molecola_26604,10,0,0,0
molecola_26604,11,0,0,0
molecola_26604,12,0,0,0
molecola_26604,13,0,3,1
molecola_26604,14,0,5,1
molecola_26604,15,1,5,1
molecola_26604,16,0,0,0
molecola_26604,17,0,0,0
molecola_26604,18,1,5,1
molecola_26604,19,1,5,1
molecola_26604,20,0,0,0
molecola_26604,21,0,0,0
molecola_26604,22,0,0,0
molecola_26604,23,0,0,0
molecola_27162,1,0,0,0
molecola_27162,2,0,0,0
molecola_27162,3,0,0,0
molecola_27162,4,0,0,0
molecola_27162,5,0,0,0
molecola_27162,6,0,0,0
molecola_27162,7,0,0,0
molecola_27162,8,0,0,0
molecola_27162,9,0,0,0
molecola_27162,10,0,0,0
molecola_27162,11,0,0,0
molecola_27162,12,0,0,0
molecola_27162,13,0,0,0
molecola_27162,14,0,0,0
molecola_27162,15,0,0,0
molecola_27162,16,0,0,0
molecola_27162,17,0,0,0
molecola_27162,18,0,0,0
molecola_27162,19,0,0,0
molecola_27162,20,1,5,1
molecola_27162,21,0,0,0
molecola_27162,22,0,0,0
molecola_27162,23,0,0,0
molecola_27162,24,0,0,0
molecola_27162,25,1,5,1
molecola_27162,26,0,0,0
molecola_27162,27,0,0,0
molecola_27162,28,0,0,0
molecola_27162,29,0,0,0
molecola_27162,30,0,0,0
molecola_27162,31,0,0,0
molecola_27162,32,0,0,0
molecola_27162,33,0,0,0
molecola_27162,34,0,0,0
molecola_27162,35,0,0,0
molecola_27162,36,0,0,0
molecola_27367,1,0,0,0
molecola_27367,2,0,0,0
molecola_27367,3,0,0,0
molecola_27367,4,0,0,0
molecola_27367,5,0,0,0
molecola_27367,6,0,0,0
molecola_27367,7,0,0,0
molecola_27367,8,0,0,0
molecola_27367,9,0,0,0
molecola_27367,10,0,0,0
molecola_27367,11,0,0,0
molecola_27367,12,0,5,1
molecola_27367,13,1,5,1
molecola_27367,14,1,5,1
molecola_27367,15,1,5,1
molecola_27367,16,1,5,1
molecola_27367,17,0,5,1
molecola_27367,18,0,0,0
molecola_27367,19,0,0,0
molecola_27367,20,0,0,0
molecola_27367,21,0,0,0
molecola_27367,22,0,0,0
molecola_27374,1,1,5,1
molecola_27374,2,1,5,1
molecola_27374,3,0,0,0
molecola_27374,4,0,0,0
molecola_27374,5,0,0,0
molecola_27374,6,0,0,0
molecola_27374,7,0,0,0
molecola_27374,8,0,0,0
molecola_27374,9,0,0,0
molecola_27374,10,0,0,0
molecola_27374,11,0,0,0
molecola_27374,12,0,4,1
molecola_27374,13,0,4,1
molecola_27374,14,0,0,0
molecola_27374,15,0,4,1
molecola_27374,16,0,0,0
molecola_27385,1,0,0,0
molecola_27385,2,0,0,0
molecola_27385,3,0,0,0
molecola_27385,4,0,0,0
molecola_27385,5,0,0,0
molecola_27385,6,0,0,0
molecola_27385,7,0,0,0
molecola_27385,8,0,0,0
molecola_27385,9,0,0,0
molecola_27385,10,1,5,1
molecola_27385,11,1,5,1
molecola_27385,12,1,5,1
molecola_27385,13,0,0,0
molecola_27385,14,0,0,0
molecola_27385,15,0,0,0
molecola_27385,16,0,0,0
molecola_27385,17,0,0,0
molecola_27385,18,0,0,0
molecola_27385,19,0,0,0
molecola_27490,1,0,0,0
molecola_27490,2,0,0,0
molecola_27490,3,0,0,0
molecola_27490,4,0,0,0
molecola_27490,5,0,0,0
molecola_27490,6,0,0,0
molecola_27490,7,0,0,0
molecola_27490,8,0,0,0
molecola_27490,9,0,0,0
molecola_27490,10,0,0,0
molecola_27490,11,0,0,0
molecola_27490,12,0,0,0
molecola_27490,13,0,0,0
molecola_27490,14,0,0,0
molecola_27490,15,0,0,0
molecola_27490,16,0,0,0
molecola_27490,17,0,0,0
molecola_27490,18,0,0,0
molecola_27490,19,0,0,0
molecola_27490,20,0,0,0
molecola_27490,21,0,0,0
molecola_27490,22,0,5,1
molecola_27490,23,1,5,1
molecola_27490,24,1,5,1
molecola_27490,25,1,5,1
molecola_27490,26,1,5,1
molecola_27490,27,0,5,1
molecola_27490,28,0,0,0
molecola_27490,29,0,0,0
molecola_27490,30,0,0,0
molecola_27490,31,0,0,0
molecola_27983,1,0,5,1
molecola_27983,2,0,5,1
molecola_27983,3,0,5,1
molecola_27983,4,0,5,1
molecola_27983,5,1,5,1
molecola_27983,6,0,5,1
molecola_27983,7,0,0,0
molecola_27983,8,0,0,0
molecola_27983,9,0,0,0
molecola_27983,10,0,0,0
molecola_27983,11,0,0,0
molecola_27983,12,0,0,0
molecola_27983,13,0,0,0
molecola_28177,1,0,0,0
molecola_28177,2,0,0,0
molecola_28177,3,0,0,0
molecola_28177,4,0,0,0
molecola_28177,5,0,0,0
molecola_28177,6,0,0,0
molecola_28177,7,0,0,0
molecola_28177,8,0,0,0
molecola_28177,9,0,0,0
molecola_28177,10,0,0,0
molecola_28177,11,1,5,1
molecola_28177,12,1,5,1
molecola_28177,13,1,5,1
molecola_28177,14,1,5,1
molecola_28177,15,1,5,1
molecola_28177,16,0,0,0
molecola_28177,17,0,0,0
molecola_28177,18,0,0,0
molecola_28177,19,0,0,0
molecola_28177,20,0,0,0
molecola_28177,21,0,0,0
molecola_28177,22,0,0,0
molecola_28177,23,0,0,0
molecola_28177,24,0,0,0
molecola_28177,25,0,0,0
molecola_28177,26,0,0,0
molecola_28177,27,0,0,0
molecola_28177,28,0,0,0
molecola_28177,29,0,0,0
molecola_28736,1,0,0,0
molecola_28736,2,0,0,0
molecola_28736,3,0,0,0
molecola_28736,4,0,0,0
molecola_28736,5,0,0,0
molecola_28736,6,0,0,0
molecola_28736,7,0,0,0
molecola_28736,8,0,0,0
molecola_28736,9,0,0,0
molecola_28736,10,0,0,0
molecola_28736,11,0,0,0
molecola_28736,12,0,0,0
molecola_28736,13,0,0,0
molecola_28736,14,0,0,0
molecola_28736,15,0,0,0
molecola_28736,16,0,0,0
molecola_28736,17,1,5,1
molecola_28736,18,1,5,1
molecola_28736,19,1,5,1
molecola_28736,20,1,5,1
molecola_28736,21,1,5,1
molecola_28736,22,0,0,0
molecola_28736,23,0,0,0
molecola_28736,24,0,0,0
molecola_28736,25,0,0,0
molecola_28736,26,0,0,0
molecola_28736,27,0,0,0
molecola_28736,28,0,5,1
molecola_28736,29,0,0,0
molecola_28736,30,0,5,1
molecola_28736,31,0,0,0
molecola_28736,32,0,0,0
molecola_28736,33,0,0,0
molecola_28736,34,0,0,0
molecola_28736,35,0,0,0
molecola_28736,36,0,0,0
molecola_28736,37,0,0,0
molecola_28736,38,0,0,0
molecola_28736,39,0,0,0
molecola_28736,40,0,0,0
molecola_29936,1,0,0,0
molecola_29936,2,0,0,0
molecola_29936,3,0,0,0
molecola_29936,4,0,0,0
molecola_29936,5,0,0,0
molecola_29936,6,0,0,0
molecola_29936,7,0,0,0
molecola_29936,8,0,0,0
molecola_29936,9,0,0,0
molecola_29936,10,0,0,0
molecola_29936,11,0,0,0
molecola_29936,12,0,0,0
molecola_29936,13,0,0,0
molecola_29936,14,0,0,0
molecola_29936,15,0,0,0
molecola_29936,16,0,4,1
molecola_29936,17,0,0,0
molecola_29936,18,0,5,1
molecola_29936,19,1,5,1
molecola_29936,20,1,5,1
molecola_29936,21,0,2,0
molecola_29936,22,0,0,0
molecola_29936,23,0,0,0
molecola_29936,24,0,0,0
molecola_29936,25,0,0,0
molecola_29936,26,0,0,0
molecola_29936,27,0,0,0
molecola_29936,28,0,0,0
molecola_29936,29,0,0,0
molecola_29936,30,0,0,0
molecola_29936,31,0,0,0
molecola_29936,32,0,0,0
molecola_29936,33,0,0,0
molecola_29936,34,0,0,0
molecola_29938,1,1,5,1
molecola_29938,2,1,5,1
molecola_29938,3,1,5,1
molecola_29938,4,1,5,1
molecola_29938,5,1,5,1
molecola_29938,6,0,0,0
molecola_29938,7,0,0,0
molecola_29938,8,0,0,0
molecola_29938,9,0,0,0
molecola_29938,10,0,0,0
molecola_29938,11,0,0,0
molecola_29938,12,0,0,0
molecola_29938,13,0,0,0
molecola_29938,14,0,0,0
molecola_29938,15,0,0,0
molecola_29938,16,0,0,0
molecola_29938,17,0,0,0
molecola_29938,18,0,0,0
molecola_30668,1,0,0,0
molecola_30668,2,0,0,0
molecola_30668,3,1,5,1
molecola_30668,4,1,5,1
molecola_30668,5,0,0,0
molecola_30668,6,0,0,0
molecola_30668,7,0,0,0
molecola_30668,8,0,0,0
molecola_30668,9,0,0,0
molecola_30668,10,0,0,0
molecola_30668,11,0,0,0
molecola_30668,12,0,0,0
molecola_30668,13,0,0,0
molecola_30668,14,0,0,0
molecola_30668,15,0,0,0
molecola_30668,16,0,0,0
molecola_30668,17,0,0,0
molecola_30668,18,0,0,0
molecola_30668,19,0,0,0
molecola_30668,20,0,0,0
molecola_30668,21,0,0,0
molecola_30668,22,0,0,0
molecola_30668,23,0,0,0
molecola_30668,24,0,0,0
molecola_30668,25,0,0,0
molecola_30668,26,0,0,0
molecola_30668,27,0,0,0
molecola_30668,28,0,0,0
molecola_30668,29,0,0,0
molecola_30668,30,0,0,0
molecola_30668,31,0,0,0
molecola_30668,32,0,0,0
molecola_30668,33,0,0,0
molecola_30668,34,0,0,0
molecola_30668,35,0,0,0
molecola_30668,36,0,0,0
molecola_30668,37,0,0,0
molecola_312,1,0,0,0
molecola_312,2,0,0,0
molecola_312,3,0,0,0
molecola_312,4,0,0,0
molecola_312,5,0,0,0
molecola_312,6,0,0,0
molecola_312,7,0,0,0
molecola_312,8,0,0,0
molecola_312,9,0,0,0
molecola_312,10,0,0,0
molecola_312,11,0,0,0
molecola_312,12,0,0,0
molecola_312,13,1,5,1
molecola_312,14,1,5,1
molecola_312,15,1,5,1
molecola_312,16,0,5,1
molecola_312,17,0,5,1
molecola_312,18,1,5,1
molecola_312,19,0,0,0
molecola_31503,1,0,0,0
molecola_31503,2,0,0,0
molecola_31503,3,0,0,0
molecola_31503,4,1,5,1
molecola_31503,5,0,0,0
molecola_31503,6,0,0,0
molecola_31503,7,0,0,0
molecola_31503,8,1,5,1
molecola_31503,9,0,0,0
molecola_31503,10,0,2,0
molecola_31503,11,0,0,0
molecola_31503,12,0,0,0
molecola_31503,13,0,0,0
molecola_31503,14,0,0,0
molecola_31503,15,0,0,0
molecola_31503,16,0,0,0
molecola_31503,17,0,0,0
molecola_31503,18,0,3,1
molecola_31503,19,0,5,1
molecola_31503,20,0,5,1
molecola_31503,21,0,0,0
molecola_31503,22,0,0,0
molecola_31503,23,0,0,0
molecola_31503,24,0,0,0
molecola_31503,25,0,0,0
molecola_31503,26,0,0,0
molecola_31503,27,0,0,0
molecola_31503,28,0,5,1
molecola_31503,29,0,0,0
molecola_31503,30,0,5,1
molecola_31503,31,0,0,0
molecola_31503,32,0,0,0
molecola_31503,33,0,0,0
molecola_31503,34,0,0,0
molecola_31803,1,0,5,1
molecola_31803,2,0,5,1
molecola_31803,3,0,5,1
molecola_31803,4,0,5,1
molecola_31803,5,0,5,1
molecola_31803,6,0,0,0
molecola_31803,7,0,0,0
molecola_31803,8,0,0,0
molecola_31803,9,0,2,0
molecola_31803,10,0,0,0
molecola_31803,11,0,0,0
molecola_31803,12,0,0,0
molecola_31803,13,0,0,0
molecola_31803,14,1,5,1
molecola_31803,15,1,5,1
molecola_31803,16,0,5,1
molecola_31803,17,0,5,1
molecola_32905,1,0,0,0
molecola_32905,2,0,0,0
molecola_32905,3,0,0,0
molecola_32905,4,0,5,1
molecola_32905,5,0,0,0
molecola_32905,6,0,0,0
molecola_32905,7,0,0,0
molecola_32905,8,0,0,0
molecola_32905,9,0,0,0
molecola_32905,10,0,0,0
molecola_32905,11,1,5,1
molecola_32905,12,0,0,0
molecola_32905,13,0,0,0
molecola_32905,14,1,5,1
molecola_32905,15,0,0,0
molecola_32905,16,0,0,0
molecola_32905,17,0,0,0
molecola_32905,18,0,0,0
molecola_32905,19,0,0,0
molecola_32905,20,0,0,0
molecola_32905,21,0,0,0
molecola_32905,22,0,0,0
molecola_32905,23,0,0,0
molecola_32905,24,0,0,0
molecola_32905,25,0,0,0
molecola_32905,26,0,0,0
molecola_32905,27,0,0,0
molecola_32905,28,0,0,0
molecola_32905,29,0,0,0
molecola_32905,30,0,0,0
molecola_32905,31,0,0,0
molecola_33939,1,0,0,0
molecola_33939,2,0,0,0
molecola_33939,3,0,0,0
molecola_33939,4,0,0,0
molecola_33939,5,0,0,0
molecola_33939,6,0,1,0
molecola_33939,7,0,4,1
molecola_33939,8,0,0,0
molecola_33939,9,0,1,0
molecola_33939,10,0,0,0
molecola_33939,11,0,0,0
molecola_33939,12,0,0,0
molecola_33939,13,0,3,1
molecola_33939,14,0,0,0
molecola_33939,15,0,3,1
molecola_33939,16,0,5,1
molecola_33939,17,0,0,0
molecola_33939,18,0,5,1
molecola_33939,19,0,0,0
molecola_33939,20,0,0,0
molecola_33939,21,0,0,0
molecola_33939,22,0,0,0
molecola_33939,23,1,5,1
molecola_33939,24,0,0,0
molecola_33939,25,1,5,1
molecola_34096,1,0,5,1
molecola_34096,2,1,5,1
molecola_34096,3,0,5,1
molecola_34096,4,0,5,1
molecola_34096,5,1,5,1
molecola_34096,6,1,5,1
molecola_34096,7,0,0,0
molecola_34096,8,0,0,0
molecola_34096,9,0,0,0
molecola_34096,10,0,0,0
molecola_34096,11,0,0,0
molecola_34096,12,0,0,0
molecola_34096,13,0,0,0
molecola_34096,14,0,0,0
molecola_34096,15,0,0,0
molecola_34096,16,0,0,0
molecola_34096,17,0,0,0
molecola_34096,18,0,0,0
molecola_34096,19,0,0,0
molecola_34096,20,0,0,0
molecola_34096,21,0,0,0
molecola_34096,22,0,0,0
molecola_34096,23,0,0,0
molecola_34096,24,0,0,0
molecola_34096,25,0,0,0
molecola_34109,1,1,5,1
molecola_34109,2,1,5,1
molecola_34109,3,1,5,1
molecola_34109,4,1,5,1
molecola_34109,5,1,5,1
molecola_34109,6,0,0,0
molecola_34109,7,0,0,0
molecola_34109,8,0,0,0
molecola_34109,9,0,0,0
molecola_34109,10,0,0,0
molecola_34109,11,0,0,0
molecola_34109,12,0,0,0
molecola_34109,13,0,0,0
molecola_34109,14,0,0,0
molecola_34109,15,0,2,0
molecola_34109,16,0,3,1
molecola_34109,17,0,0,0
molecola_34109,18,0,2,0
molecola_34109,19,0,0,0
molecola_34109,20,0,0,0
molecola_34109,21,0,0,0
molecola_34109,22,0,0,0
molecola_34109,23,0,0,0
molecola_34109,24,0,0,0
molecola_34109,25,0,0,0
molecola_34109,26,0,0,0
molecola_34109,27,0,0,0
molecola_34109,28,0,0,0
molecola_34109,29,0,0,0
molecola_35417,1,0,0,0
molecola_35417,2,1,5,1
molecola_35417,3,0,0,0
molecola_35417,4,0,0,0
molecola_35417,5,0,0,0
molecola_35417,6,0,0,0
molecola_35417,7,0,0,0
molecola_35417,8,0,0,0
molecola_35417,9,0,0,0
molecola_35417,10,0,0,0
molecola_35417,11,0,0,0
molecola_35417,12,0,0,0
molecola_35417,13,0,0,0
molecola_35417,14,0,0,0
molecola_35417,15,0,0,0
molecola_35417,16,0,0,0
molecola_35417,17,0,0,0
molecola_35417,18,0,0,0
molecola_35417,19,0,0,0
molecola_35417,20,0,0,0
molecola_35417,21,0,0,0
molecola_35417,22,0,0,0
molecola_35417,23,0,0,0
molecola_35417,24,0,0,0
molecola_35417,25,0,0,0
molecola_35417,26,0,0,0
molecola_35417,27,0,0,0
molecola_35417,28,0,0,0
molecola_35417,29,0,0,0
molecola_35417,30,0,0,0
molecola_35417,31,0,0,0
molecola_35417,32,0,0,0
molecola_35417,33,0,0,0
molecola_35417,34,1,5,1
molecola_35417,35,0,0,0
molecola_35417,36,0,0,0
molecola_35417,37,0,0,0
molecola_36229,1,0,0,0
molecola_36229,2,0,0,0
molecola_36229,3,0,0,0
molecola_36229,4,0,0,0
molecola_36229,5,0,0,0
molecola_36229,6,0,0,0
molecola_36229,7,0,0,0
molecola_36229,8,0,0,0
molecola_36229,9,0,0,0
molecola_36229,10,0,0,0
molecola_36229,11,0,0,0
molecola_36229,12,1,5,1
molecola_36229,13,1,5,1
molecola_36229,14,0,0,0
molecola_36229,15,0,0,0
molecola_36229,16,0,0,0
molecola_36229,17,0,0,0
molecola_36229,18,0,0,0
molecola_36229,19,0,0,0
molecola_36229,20,0,0,0
molecola_36229,21,0,0,0
molecola_36229,22,0,0,0
molecola_36229,23,0,0,0
molecola_36229,24,0,0,0
molecola_36229,25,0,0,0
molecola_36229,26,0,0,0
molecola_36299,1,0,0,0
molecola_36299,2,0,0,0
molecola_36299,3,0,0,0
molecola_36299,4,0,5,1
molecola_36299,5,0,5,1
molecola_36299,6,0,5,1
molecola_36299,7,0,5,1
molecola_36299,8,0,5,1
molecola_36299,9,0,0,0
molecola_36299,10,0,0,0
molecola_36299,11,0,0,0
molecola_36299,12,0,1,0
molecola_36299,13,0,0,0
molecola_36299,14,0,0,0
molecola_36299,15,0,2,0
molecola_36299,16,0,0,0
molecola_36299,17,0,5,1
molecola_36299,18,0,5,1
molecola_36299,19,0,4,1
molecola_36299,20,0,0,0
molecola_36299,21,0,0,0
molecola_36299,22,0,0,0
molecola_36299,23,0,2,0
molecola_36299,24,0,0,0
molecola_36299,25,0,0,0
molecola_36299,26,1,5,1
molecola_36299,27,1,5,1
molecola_36299,28,0,5,1
molecola_36299,29,0,0,0
molecola_36299,30,0,0,0
molecola_36299,31,0,0,0
molecola_37264,1,0,0,0
molecola_37264,2,1,5,1
molecola_37264,3,1,5,1
molecola_37264,4,1,5,1
molecola_37264,5,1,5,1
molecola_37264,6,1,5,1
molecola_37264,7,0,0,0
molecola_37264,8,0,0,0
molecola_37264,9,0,0,0
molecola_37264,10,0,0,0
molecola_37264,11,0,0,0
molecola_37264,12,0,0,0
molecola_37264,13,0,0,0
molecola_37264,14,0,0,0
molecola_37264,15,0,0,0
molecola_37264,16,0,0,0
molecola_37264,17,0,0,0
molecola_37264,18,0,0,0
molecola_37264,19,0,0,0
molecola_37264,20,0,0,0
molecola_37264,21,0,0,0
molecola_37264,22,0,0,0
molecola_37707,1,0,0,0
molecola_37707,2,0,0,0
molecola_37707,3,0,0,0
molecola_37707,4,0,0,0
molecola_37707,5,0,0,0
molecola_37707,6,0,0,0
molecola_37707,7,0,0,0
molecola_37707,8,0,0,0
molecola_37707,9,0,0,0
molecola_37707,10,0,0,0
molecola_37707,11,0,0,0
molecola_37707,12,0,0,0
molecola_37707,13,0,0,0
molecola_37707,14,1,5,1
molecola_37707,15,0,0,0
molecola_37707,16,0,0,0
molecola_37707,17,1,5,1
molecola_37707,18,0,0,0
molecola_37707,19,0,0,0
molecola_37707,20,0,0,0
molecola_37707,21,0,0,0
molecola_37707,22,0,0,0
molecola_37707,23,0,0,0
molecola_37707,24,0,1,0
molecola_37707,25,0,0,0
molecola_37707,26,0,0,0
molecola_37707,27,0,0,0
molecola_37707,28,0,0,0
molecola_37707,29,0,0,0
molecola_37707,30,0,0,0
molecola_37707,31,0,0,0
molecola_37707,32,0,0,0
molecola_37709,1,0,0,0
molecola_37709,2,0,0,0
molecola_37709,3,0,0,0
molecola_37709,4,0,0,0
molecola_37709,5,0,1,0
molecola_37709,6,0,0,0
molecola_37709,7,0,0,0
molecola_37709,8,0,0,0
molecola_37709,9,0,0,0
molecola_37709,10,0,0,0
molecola_37709,11,0,0,0
molecola_37709,12,0,5,1
molecola_37709,13,0,0,0
molecola_37709,14,0,5,1
molecola_37709,15,0,0,0
molecola_37709,16,1,5,1
molecola_37709,17,1,5,1
molecola_37709,18,0,0,0
molecola_37709,19,0,0,0
molecola_37709,20,0,1,0
molecola_37709,21,0,0,0
molecola_37709,22,0,0,0
molecola_37709,23,0,0,0
molecola_37709,24,0,0,0
molecola_37709,25,0,0,0
molecola_37709,26,0,0,0
molecola_37709,27,0,0,0
molecola_37709,28,0,0,0
molecola_37709,29,0,0,0
molecola_38554,1,0,0,0
molecola_38554,2,0,0,0
molecola_38554,3,0,0,0
molecola_38554,4,0,0,0
molecola_38554,5,0,0,0
molecola_38554,6,0,0,0
molecola_38554,7,1,5,1
molecola_38554,8,0,0,0
molecola_38554,9,1,5,1
molecola_38554,10,0,0,0
molecola_38554,11,0,0,0
molecola_38554,12,0,0,0
molecola_38554,13,0,0,0
molecola_38554,14,0,0,0
molecola_38554,15,0,0,0
molecola_38554,16,0,0,0
molecola_38554,17,0,0,0
molecola_38554,18,0,0,0
molecola_38554,19,0,0,0
molecola_38554,20,0,0,0
molecola_38554,21,0,0,0
molecola_38554,22,0,0,0
molecola_38554,23,0,0,0
molecola_38554,24,0,0,0
molecola_38554,25,0,0,0
molecola_38554,26,0,0,0
molecola_38760,1,0,0,0
molecola_38760,2,0,0,0
molecola_38760,3,0,0,0
molecola_38760,4,0,0,0
molecola_38760,5,0,0,0
molecola_38760,6,0,0,0
molecola_38760,7,0,0,0
molecola_38760,8,0,0,0
molecola_38760,9,0,0,0
molecola_38760,10,0,0,0
molecola_38760,11,0,0,0
molecola_38760,12,0,0,0
molecola_38760,13,0,0,0
molecola_38760,14,0,0,0
molecola_38760,15,0,0,0
molecola_38760,16,0,0,0
molecola_38760,17,0,0,0
molecola_38760,18,0,0,0
molecola_38760,19,0,0,0
molecola_38760,20,0,0,0
molecola_38760,21,0,0,0
molecola_38760,22,0,5,1
molecola_38760,23,1,5,1
molecola_38760,24,1,5,1
molecola_38760,25,1,5,1
molecola_38760,26,1,5,1
molecola_38760,27,0,5,1
molecola_38760,28,0,0,0
molecola_40205,1,0,0,0
molecola_40205,2,0,0,0
molecola_40205,3,0,0,0
molecola_40205,4,0,0,0
molecola_40205,5,0,0,0
molecola_40205,6,0,0,0
molecola_40205,7,0,0,0
molecola_40205,8,0,0,0
molecola_40205,9,0,2,0
molecola_40205,10,0,5,1
molecola_40205,11,1,5,1
molecola_40205,12,1,5,1
molecola_40205,13,0,5,1
molecola_40205,14,0,0,0
molecola_40205,15,0,0,0
molecola_40205,16,0,0,0
molecola_40205,17,0,3,1
molecola_40205,18,0,2,0
molecola_40205,19,0,1,0
molecola_40205,20,0,0,0
molecola_40205,21,0,0,0
molecola_40205,22,0,0,0
molecola_40205,23,0,0,0
molecola_40205,24,0,0,0
molecola_40205,25,0,0,0
molecola_40205,26,0,0,0
molecola_40205,27,0,0,0
molecola_40205,28,0,0,0
molecola_40205,29,0,0,0
molecola_40205,30,0,0,0
molecola_40205,31,0,0,0
molecola_40205,32,0,0,0
molecola_40363,1,0,0,0
molecola_40363,2,1,5,1
molecola_40363,3,1,5,1
molecola_40363,4,0,0,0
molecola_40363,5,0,0,0
molecola_40363,6,0,0,0
molecola_40363,7,0,5,1
molecola_40363,8,0,0,0
molecola_40363,9,0,0,0
molecola_40363,10,0,0,0
molecola_40363,11,0,0,0
molecola_40363,12,0,0,0
molecola_40363,13,0,0,0
molecola_40912,1,1,5,1
molecola_40912,2,1,5,1
molecola_40912,3,1,5,1
molecola_40912,4,1,5,1
molecola_40912,5,1,5,1
molecola_40912,6,0,0,0
molecola_40912,7,0,0,0
molecola_40912,8,0,0,0
molecola_40912,9,0,0,0
molecola_40912,10,0,0,0
molecola_40912,11,0,0,0
molecola_40912,12,0,0,0
molecola_40912,13,0,0,0
molecola_40912,14,0,0,0
molecola_40912,15,0,0,0
molecola_40912,16,0,0,0
molecola_40912,17,0,0,0
molecola_40912,18,0,0,0
molecola_40912,19,0,0,0
molecola_40912,20,0,0,0
molecola_40912,21,0,0,0
molecola_40912,22,0,0,0
molecola_4097,1,0,0,0
molecola_4097,2,0,0,0
molecola_4097,3,0,0,0
molecola_4097,4,0,0,0
molecola_4097,5,0,0,0
molecola_4097,6,0,0,0
molecola_4097,7,0,0,0
molecola_4097,8,0,0,0
molecola_4097,9,0,0,0
molecola_4097,10,0,0,0
molecola_4097,11,0,0,0
molecola_4097,12,0,0,0
molecola_4097,13,0,0,0
molecola_4097,14,0,0,0
molecola_4097,15,0,0,0
molecola_4097,16,0,0,0
molecola_4097,17,0,0,0
molecola_4097,18,0,0,0
molecola_4097,19,0,0,0
molecola_4097,20,0,5,1
molecola_4097,21,1,5,1
molecola_4097,22,1,5,1
molecola_4097,23,1,5,1
molecola_4097,24,1,5,1
molecola_4097,25,0,5,1
molecola_4097,26,0,0,0
molecola_4097,27,0,0,0
molecola_4097,28,0,0,0
molecola_4097,29,0,0,0
molecola_41053,1,0,0,0
molecola_41053,2,1,5,1
molecola_41053,3,1,5,1
molecola_41053,4,1,5,1
molecola_41053,5,1,5,1
molecola_41053,6,1,5,1
molecola_41053,7,0,0,0
molecola_41053,8,0,0,0
molecola_41053,9,0,0,0
molecola_41053,10,0,0,0
molecola_41053,11,0,0,0
molecola_41053,12,0,0,0
molecola_41053,13,0,0,0
molecola_41053,14,0,0,0
molecola_41053,15,0,0,0
molecola_41053,16,0,0,0
molecola_41385,1,0,0,0
molecola_41385,2,1,5,1
molecola_41385,3,1,5,1
molecola_41385,4,0,0,0
molecola_41385,5,0,0,0
molecola_41385,6,0,4,1
molecola_41385,7,0,0,0
molecola_41385,8,0,0,0
molecola_41385,9,0,0,0
molecola_41385,10,0,0,0
molecola_41385,11,0,0,0
molecola_41385,12,0,0,0
molecola_41385,13,0,0,0
molecola_41385,14,0,0,0
molecola_41437,1,0,0,0
molecola_41437,2,0,0,0
molecola_41437,3,0,0,0
molecola_41437,4,0,0,0
molecola_41437,5,0,1,0
molecola_41437,6,0,0,0
molecola_41437,7,0,0,0
molecola_41437,8,0,0,0
molecola_41437,9,0,0,0
molecola_41437,10,0,0,0
molecola_41437,11,0,0,0
molecola_41437,12,0,0,0
molecola_41437,13,0,0,0
molecola_41437,14,0,0,0
molecola_41437,15,0,0,0
molecola_41437,16,0,0,0
molecola_41437,17,0,4,1
molecola_41437,18,0,5,1
molecola_41437,19,0,3,1
molecola_41437,20,0,0,0
molecola_41437,21,0,4,1
molecola_41437,22,0,1,0
molecola_41437,23,0,1,0
molecola_41437,24,1,5,1
molecola_41437,25,1,5,1
molecola_41437,26,1,5,1
molecola_41437,27,1,5,1
molecola_41437,28,1,5,1
molecola_41880,1,0,0,0
molecola_41880,2,0,0,0
molecola_41880,3,0,0,0
molecola_41880,4,0,0,0
molecola_41880,5,0,0,0
molecola_41880,6,0,0,0
molecola_41880,7,0,0,0
molecola_41880,8,1,5,1
molecola_41880,9,1,5,1
molecola_41880,10,1,5,1
molecola_41880,11,0,5,1
molecola_41880,12,0,5,1
molecola_41880,13,1,5,1
molecola_41880,14,0,0,0
molecola_41880,15,0,0,0
molecola_41880,16,0,0,0
molecola_41880,17,0,0,0
molecola_41880,18,0,0,0
molecola_41880,19,0,0,0
molecola_41880,20,0,0,0
molecola_41880,21,0,0,0
molecola_41880,22,0,0,0
molecola_41880,23,0,0,0
molecola_41970,1,0,0,0
molecola_41970,2,0,5,1
molecola_41970,3,0,5,1
molecola_41970,4,0,5,1
molecola_41970,5,0,5,1
molecola_41970,6,0,5,1
molecola_41970,7,0,5,1
molecola_41970,8,0,0,0
molecola_41970,9,0,0,0
molecola_41970,10,0,0,0
molecola_41970,11,0,0,0
molecola_41970,12,0,3,1
molecola_41970,13,0,3,1
molecola_41970,14,0,0,0
molecola_41970,15,1,5,1
molecola_41970,16,1,5,1
molecola_41970,17,0,0,0
molecola_41970,18,0,0,0
molecola_41970,19,0,0,0
molecola_41970,20,0,0,0
molecola_41970,21,0,0,0
molecola_41970,22,0,0,0
molecola_41970,23,0,0,0
molecola_41970,24,0,0,0
molecola_41970,25,0,0,0
molecola_41970,26,0,0,0
molecola_41970,27,0,0,0
molecola_41970,28,0,0,0
molecola_41970,29,0,0,0
molecola_41970,30,0,0,0
molecola_41970,31,0,0,0
molecola_41970,32,0,0,0
molecola_41970,33,0,0,0
molecola_41970,34,0,0,0
molecola_41970,35,0,0,0
molecola_41970,36,0,0,0
molecola_41970,37,0,0,0
molecola_41970,38,0,0,0
molecola_42674,1,0,5,1
molecola_42674,2,0,5,1
molecola_42674,3,0,5,1
molecola_42674,4,0,5,1
molecola_42674,5,0,5,1
molecola_42674,6,1,5,1
molecola_42674,7,1,5,1
molecola_42674,8,0,0,0
molecola_42674,9,0,0,0
molecola_42674,10,0,0,0
molecola_42674,11,0,0,0
molecola_42674,12,0,0,0
molecola_42674,13,0,0,0
molecola_42674,14,0,0,0
molecola_42674,15,0,0,0
molecola_42674,16,0,0,0
molecola_42674,17,0,0,0
molecola_42674,18,0,0,0
molecola_42674,19,0,0,0
molecola_43000,1,0,0,0
molecola_43000,2,0,0,0
molecola_43000,3,0,0,0
molecola_43000,4,0,0,0
molecola_43000,5,0,0,0
molecola_43000,6,0,0,0
molecola_43000,7,0,0,0
molecola_43000,8,0,0,0
molecola_43000,9,1,5,1
molecola_43000,10,1,5,1
molecola_43000,11,1,5,1
molecola_43000,12,1,5,1
molecola_43000,13,1,5,1
molecola_43000,14,0,0,0
molecola_43000,15,0,0,0
molecola_43000,16,0,0,0
molecola_43000,17,0,0,0
molecola_43064,1,0,0,0
molecola_43064,2,0,4,1
molecola_43064,3,0,5,1
molecola_43064,4,0,4,1
molecola_43064,5,0,0,0
molecola_43064,6,0,0,0
molecola_43064,7,1,5,1
molecola_43064,8,0,3,1
molecola_43064,9,0,0,0
molecola_43064,10,0,0,0
molecola_43064,11,0,0,0
molecola_43064,12,0,0,0
molecola_43064,13,0,0,0
molecola_43064,14,0,0,0
molecola_43064,15,0,0,0
molecola_43996,1,0,0,0
molecola_43996,2,0,0,0
molecola_43996,3,0,0,0
molecola_43996,4,0,0,0
molecola_43996,5,0,0,0
molecola_43996,6,0,0,0
molecola_43996,7,0,0,0
molecola_43996,8,0,0,0
molecola_43996,9,0,0,0
molecola_43996,10,0,0,0
molecola_43996,11,0,0,0
molecola_43996,12,0,0,0
molecola_43996,13,0,0,0
molecola_43996,14,0,0,0
molecola_43996,15,0,0,0
molecola_43996,16,0,0,0
molecola_43996,17,0,0,0
molecola_43996,18,0,0,0
molecola_43996,19,1,5,1
molecola_43996,20,0,0,0
molecola_43996,21,0,0,0
molecola_43996,22,1,5,1
molecola_43996,23,0,0,0
molecola_43996,24,0,0,0
molecola_43996,25,0,0,0
molecola_43996,26,0,0,0
molecola_43996,27,0,0,0
molecola_43996,28,0,0,0
molecola_4424,1,0,0,0
molecola_4424,2,1,5,1
molecola_4424,3,1,5,1
molecola_4424,4,1,5,1
molecola_4424,5,1,5,1
molecola_4424,6,1,5,1
molecola_4424,7,0,0,0
molecola_4424,8,0,0,0
molecola_4424,9,0,5,1
molecola_4424,10,0,0,0
molecola_4424,11,0,0,0
molecola_4424,12,0,5,1
molecola_4424,13,0,5,1
molecola_4424,14,0,5,1
molecola_4424,15,0,5,1
molecola_4424,16,0,4,1
molecola_4424,17,0,4,1
molecola_4424,18,0,0,0
molecola_4424,19,0,0,0
molecola_4424,20,0,0,0
molecola_4424,21,0,0,0
molecola_4424,22,0,0,0
molecola_4424,23,0,0,0
molecola_4424,24,0,0,0
molecola_4424,25,0,0,0
molecola_4424,26,0,0,0
molecola_4424,27,0,0,0
molecola_4424,28,0,0,0
molecola_4424,29,0,0,0
molecola_4424,30,0,0,0
molecola_4424,31,0,0,0
molecola_45156,1,0,0,0
molecola_45156,2,0,0,0
molecola_45156,3,0,0,0
molecola_45156,4,0,0,0
molecola_45156,5,0,0,0
molecola_45156,6,0,0,0
molecola_45156,7,0,0,0
molecola_45156,8,0,0,0
molecola_45156,9,0,0,0
molecola_45156,10,0,0,0
molecola_45156,11,0,0,0
molecola_45156,12,1,5,1
molecola_45156,13,1,5,1
molecola_45156,14,0,0,0
molecola_45156,15,0,0,0
molecola_45156,16,0,0,0
molecola_45156,17,0,0,0
molecola_45156,18,0,0,0
molecola_45156,19,0,0,0
molecola_45156,20,0,0,0
molecola_45156,21,0,0,0
molecola_45156,22,0,0,0
molecola_45156,23,0,0,0
molecola_45156,24,0,0,0
molecola_45156,25,0,0,0
molecola_45156,26,0,0,0
molecola_45156,27,0,0,0
molecola_45156,28,0,0,0
molecola_45156,29,0,0,0
molecola_45156,30,0,0,0
molecola_45156,31,0,0,0
molecola_45156,32,0,0,0
molecola_45156,33,0,0,0
molecola_45156,34,0,0,0
molecola_46623,1,1,5,1
molecola_46623,2,1,5,1
molecola_46623,3,0,0,0
molecola_46623,4,0,0,0
molecola_46623,5,0,0,0
molecola_46623,6,0,0,0
molecola_46639,1,0,0,0
molecola_46639,2,0,0,0
molecola_46639,3,0,0,0
molecola_46639,4,0,0,0
molecola_46639,5,0,0,0
molecola_46639,6,0,0,0
molecola_46639,7,0,0,0
molecola_46639,8,0,0,0
molecola_46639,9,0,0,0
molecola_46639,10,0,3,1
molecola_46639,11,0,0,0
molecola_46639,12,0,0,0
molecola_46639,13,0,0,0
molecola_46639,14,1,5,1
molecola_46639,15,1,5,1
molecola_46639,16,0,0,0
molecola_46639,17,0,0,0
molecola_46639,18,0,0,0
molecola_46639,19,0,0,0
molecola_46639,20,0,0,0
molecola_46639,21,0,0,0
molecola_46639,22,0,5,1
molecola_46639,23,0,5,1
molecola_46639,24,0,5,1
molecola_46639,25,0,5,1
molecola_46639,26,0,5,1
molecola_46639,27,0,0,0
molecola_47942,1,0,0,0
molecola_47942,2,0,0,0
molecola_47942,3,0,0,0
molecola_47942,4,0,0,0
molecola_47942,5,0,0,0
molecola_47942,6,0,0,0
molecola_47942,7,0,0,0
molecola_47942,8,0,0,0
molecola_47942,9,0,0,0
molecola_47942,10,0,0,0
molecola_47942,11,1,0,0
molecola_47942,12,0,0,0
molecola_47942,13,1,5,1
molecola_47942,14,1,4,1
molecola_47942,15,1,0,0
molecola_47942,16,1,0,0
molecola_48635,1,1,5,1
molecola_48635,2,1,5,1
molecola_48635,3,0,0,0
molecola_48635,4,0,0,0
molecola_48635,5,0,4,1
molecola_48635,6,0,0,0
molecola_48635,7,0,0,0
molecola_48635,8,0,0,0
molecola_48635,9,0,0,0
molecola_48635,10,0,0,0
molecola_48635,11,0,0,0
molecola_48635,12,0,0,0
molecola_48635,13,0,0,0
molecola_48635,14,0,4,1
molecola_48635,15,0,0,0
molecola_48706,1,0,0,0
molecola_48706,2,0,0,0
molecola_48706,3,0,0,0
molecola_48706,4,0,0,0
molecola_48706,5,0,0,0
molecola_48706,6,0,0,0
molecola_48706,7,0,0,0
molecola_48706,8,0,0,0
molecola_48706,9,0,0,0
molecola_48706,10,0,0,0
molecola_48706,11,0,0,0
molecola_48706,12,0,0,0
molecola_48706,13,0,0,0
molecola_48706,14,0,0,0
molecola_48706,15,1,5,1
molecola_48706,16,1,5,1
molecola_48706,17,0,5,1
molecola_48706,18,0,3,1
molecola_48706,19,0,0,0
molecola_48706,20,0,0,0
molecola_48706,21,0,0,0
molecola_48706,22,0,0,0
molecola_48706,23,0,0,0
molecola_48706,24,0,0,0
molecola_48706,25,0,5,1
molecola_48706,26,0,0,0
molecola_48706,27,0,0,0
molecola_48706,28,0,0,0
molecola_48706,29,0,0,0
molecola_48706,30,0,0,0
molecola_48706,31,0,0,0
molecola_48842,1,1,5,1
molecola_48842,2,1,5,1
molecola_48842,3,0,0,0
molecola_48842,4,0,0,0
molecola_48842,5,0,0,0
molecola_48842,6,0,0,0
molecola_48842,7,0,0,0
molecola_48842,8,0,0,0
molecola_48842,9,0,0,0
molecola_48842,10,0,0,0
molecola_48842,11,0,0,0
molecola_48842,12,0,0,0
molecola_48842,13,0,0,0
molecola_48842,14,0,0,0
molecola_48842,15,0,0,0
molecola_48842,16,0,0,0
molecola_48842,17,0,0,0
molecola_48842,18,0,0,0
molecola_48842,19,0,0,0
molecola_48842,20,0,0,0
molecola_48842,21,0,0,0
molecola_48842,22,0,0,0
molecola_48842,23,0,0,0
molecola_48842,24,0,0,0
molecola_48842,25,0,0,0
molecola_51100,1,0,0,0
molecola_51100,2,0,0,0
molecola_51100,3,0,0,0
molecola_51100,4,1,5,1
molecola_51100,5,0,0,0
molecola_51100,6,0,0,0
molecola_51100,7,0,0,0
molecola_51100,8,0,0,0
molecola_51100,9,1,5,1
molecola_51100,10,0,0,0
molecola_51100,11,0,0,0
molecola_51100,12,0,0,0
molecola_51100,13,0,0,0
molecola_51100,14,0,0,0
molecola_51100,15,0,0,0
molecola_51100,16,0,0,0
molecola_51100,17,0,0,0
molecola_51100,18,0,0,0
molecola_51100,19,0,0,0
molecola_51100,20,0,0,0
molecola_51100,21,0,0,0
molecola_51100,22,0,0,0
molecola_51100,23,0,0,0
molecola_51100,24,0,0,0
molecola_51100,25,0,5,1
molecola_51100,26,0,0,0
molecola_51100,27,0,0,0
molecola_51100,28,0,0,0
molecola_51100,29,0,0,0
molecola_51100,30,0,0,0
molecola_51100,31,0,0,0
molecola_53124,1,0,0,0
molecola_53124,2,0,0,0
molecola_53124,3,0,0,0
molecola_53124,4,0,0,0
molecola_53124,5,0,0,0
molecola_53124,6,0,0,0
molecola_53124,7,0,0,0
molecola_53124,8,0,0,0
molecola_53124,9,0,0,0
molecola_53124,10,0,0,0
molecola_53124,11,1,5,1
molecola_53124,12,1,5,1
molecola_53124,13,1,5,1
molecola_53124,14,0,5,1
molecola_53124,15,0,5,1
molecola_53124,16,1,5,1
molecola_53124,17,0,0,0
molecola_53124,18,0,0,0
molecola_53124,19,0,0,0
molecola_53124,20,0,0,0
molecola_53124,21,0,0,0
molecola_53124,22,0,0,0
molecola_53124,23,0,0,0
molecola_53124,24,0,0,0
molecola_53124,25,0,0,0
molecola_53124,26,0,0,0
molecola_53124,27,0,0,0
molecola_53124,28,0,0,0
molecola_54094,1,1,5,1
molecola_54094,2,1,5,1
molecola_54094,3,0,1,0
molecola_54094,4,0,0,0
molecola_54094,5,0,0,0
molecola_54094,6,0,0,0
molecola_54094,7,0,0,0
molecola_54094,8,0,0,0
molecola_54094,9,0,0,0
molecola_54094,10,0,0,0
molecola_54094,11,0,0,0
molecola_54094,12,0,0,0
molecola_54094,13,0,0,0
molecola_54094,14,0,0,0
molecola_54094,15,0,0,0
molecola_54094,16,0,0,0
molecola_54094,17,0,0,0
molecola_54094,18,0,0,0
molecola_54094,19,0,0,0
molecola_54094,20,0,0,0
molecola_54094,21,0,0,0
molecola_54094,22,0,0,0
molecola_54094,23,0,0,0
molecola_54094,24,0,0,0
molecola_54094,25,0,0,0
molecola_54094,26,0,0,0
molecola_54094,27,0,0,0
molecola_54094,28,0,0,0
molecola_54094,29,0,0,0
molecola_54094,30,0,0,0
molecola_54094,31,0,0,0
molecola_54094,32,0,0,0
molecola_54094,33,0,0,0
molecola_54385,1,0,0,0
molecola_54385,2,0,5,1
molecola_54385,3,0,5,1
molecola_54385,4,0,5,1
molecola_54385,5,0,5,1
molecola_54385,6,0,0,0
molecola_54385,7,1,5,1
molecola_54385,8,1,5,1
molecola_54385,9,0,0,0
molecola_54385,10,0,0,0
molecola_54385,11,0,0,0
molecola_54385,12,0,0,0
molecola_54385,13,0,0,0
molecola_54385,14,0,0,0
molecola_56488,1,0,0,0
molecola_56488,2,0,0,0
molecola_56488,3,0,0,0
molecola_56488,4,0,0,0
molecola_56488,5,0,0,0
molecola_56488,6,0,0,0
molecola_56488,7,0,0,0
molecola_56488,8,1,5,1
molecola_56488,9,1,5,1
molecola_56488,10,0,5,1
molecola_56488,11,0,4,1
molecola_56488,12,0,0,0
molecola_56488,13,0,0,0
molecola_56488,14,0,0,0
molecola_56488,15,0,0,0
molecola_56488,16,0,0,0
molecola_56488,17,0,0,0
molecola_56488,18,0,0,0
molecola_56488,19,0,0,0
molecola_5744,1,0,0,0
molecola_5744,2,0,0,0
molecola_5744,3,1,5,1
molecola_5744,4,0,0,0
molecola_5744,5,1,5,1
molecola_5744,6,0,0,0
molecola_5744,7,0,0,0
molecola_5744,8,0,0,0
molecola_5744,9,0,0,0
molecola_5744,10,0,0,0
molecola_5744,11,0,0,0
molecola_5744,12,0,0,0
molecola_5744,13,0,0,0
molecola_5744,14,0,0,0
molecola_5744,15,0,0,0
molecola_5744,16,0,0,0
molecola_5744,17,0,3,1
molecola_5744,18,0,0,0
molecola_5744,19,0,0,0
molecola_6247,1,0,0,0
molecola_6247,2,1,5,1
molecola_6247,3,1,5,1
molecola_6247,4,0,0,0
molecola_6247,5,0,0,0
molecola_6247,6,0,0,0
molecola_6247,7,0,0,0
molecola_6247,8,0,0,0
molecola_6247,9,0,0,0
molecola_6247,10,0,0,0
molecola_6247,11,0,0,0
molecola_6247,12,0,0,0
molecola_6247,13,0,0,0
molecola_6247,14,0,0,0
molecola_6247,15,0,0,0
molecola_6247,16,0,0,0
molecola_6247,17,0,0,0
molecola_6247,18,0,0,0
molecola_6247,19,0,0,0
molecola_6247,20,0,0,0
molecola_6247,21,0,0,0
molecola_6247,22,0,0,0
molecola_6247,23,0,0,0
molecola_6247,24,0,0,0
molecola_6247,25,0,0,0
molecola_6730,1,0,0,0
molecola_6730,2,1,5,1
molecola_6730,3,0,0,0
molecola_6730,4,0,0,0
molecola_6730,5,0,0,0
molecola_6730,6,0,0,0
molecola_6730,7,0,0,0
molecola_6730,8,0,0,0
molecola_6730,9,0,0,0
molecola_6730,10,0,0,0
molecola_6730,11,0,0,0
molecola_6730,12,0,0,0
molecola_6730,13,0,0,0
molecola_6730,14,0,0,0
molecola_6730,15,0,0,0
molecola_6730,16,0,0,0
molecola_6730,17,0,0,0
molecola_6730,18,1,5,1
molecola_6730,19,0,3,1
molecola_6730,20,0,0,0
molecola_6730,21,0,0,0
molecola_6730,22,0,0,0
molecola_6730,23,0,0,0
molecola_6730,24,0,0,0
molecola_6730,25,0,0,0
molecola_6730,26,0,0,0
molecola_6730,27,0,0,0
molecola_6730,28,0,0,0
molecola_6730,29,0,0,0
molecola_6730,30,0,0,0
molecola_6730,31,0,0,0
molecola_6730,32,0,0,0
molecola_6730,33,0,0,0
molecola_6730,34,0,0,0
molecola_6730,35,0,0,0
molecola_6730,36,0,0,0
molecola_6730,37,0,0,0
molecola_6730,38,0,0,0
molecola_7170,1,0,0,0
molecola_7170,2,0,0,0
molecola_7170,3,0,0,0
molecola_7170,4,0,0,0
molecola_7170,5,0,0,0
molecola_7170,6,0,0,0
molecola_7170,7,0,0,0
molecola_7170,8,0,0,0
molecola_7170,9,0,0,0
molecola_7170,10,0,0,0
molecola_7170,11,1,3,1
molecola_7170,12,0,0,0
molecola_7170,13,1,5,1
molecola_7170,14,0,0,0
molecola_7170,15,1,5,1
molecola_7170,16,0,0,0
molecola_7170,17,0,0,0
molecola_7170,18,0,5,1
molecola_7170,19,0,0,0
molecola_7170,20,0,0,0
molecola_7170,21,1,5,1
molecola_7170,22,0,0,0
molecola_7170,23,1,0,0
molecola_7170,24,0,0,0
molecola_7170,25,0,0,0
molecola_7170,26,0,0,0
molecola_7170,27,0,0,0
molecola_7170,28,0,0,0
molecola_7170,29,0,0,0
molecola_7170,30,0,0,0
molecola_7170,31,0,0,0
molecola_7170,32,0,0,0
molecola_7170,33,0,0,0
molecola_7170,34,0,0,0
molecola_7170,35,0,0,0
molecola_8033,1,0,0,0
molecola_8033,2,0,0,0
molecola_8033,3,0,0,0
molecola_8033,4,0,0,0
molecola_8033,5,0,0,0
molecola_8033,6,1,1,0
molecola_8033,7,0,0,0
molecola_8033,8,0,0,0
molecola_8033,9,0,0,0
molecola_8033,10,0,0,0
molecola_8033,11,0,0,0
molecola_8033,12,0,0,0
molecola_8033,13,0,0,0
molecola_8033,14,0,0,0
molecola_8033,15,0,0,0
molecola_8033,16,0,0,0
molecola_8033,17,1,5,1
molecola_8033,18,0,0,0
molecola_8033,19,0,0,0
molecola_8033,20,1,5,1
molecola_8033,21,1,5,1
molecola_8033,22,0,0,0
molecola_8033,23,0,0,0
molecola_8033,24,0,0,0
molecola_8033,25,0,0,0
molecola_8033,26,0,0,0
molecola_8033,27,0,0,0
molecola_8033,28,0,0,0
molecola_8033,29,1,0,0
molecola_8490,1,0,0,0
molecola_8490,2,0,0,0
molecola_8490,3,0,0,0
molecola_8490,4,0,0,0
molecola_8490,5,0,0,0
molecola_8490,6,0,0,0
molecola_8490,7,0,0,0
molecola_8490,8,0,0,0
molecola_8490,9,0,0,0
molecola_8490,10,0,4,1
molecola_8490,11,0,0,0
molecola_8490,12,0,2,0
molecola_8490,13,0,0,0
molecola_8490,14,0,0,0
molecola_8490,15,0,0,0
molecola_8490,16,0,0,0
molecola_8490,17,0,0,0
molecola_8490,18,0,0,0
molecola_8490,19,0,0,0
molecola_8490,20,0,0,0
molecola_8490,21,0,0,0
molecola_8490,22,0,5,1
molecola_8490,23,1,5,1
molecola_8490,24,1,5,1
molecola_8490,25,1,5,1
molecola_8490,26,1,5,1
molecola_8490,27,0,5,1
molecola_8490,28,0,0,0
molecola_8490,29,0,0,0
molecola_8490,30,0,0,0
molecola_8490,31,0,0,0
molecola_8722,1,0,0,0
molecola_8722,2,1,5,1
molecola_8722,3,0,0,0
molecola_8722,4,1,5,1
molecola_8722,5,0,0,0
molecola_8764,1,0,0,0
molecola_8764,2,0,0,0
molecola_8764,3,0,0,0
molecola_8764,4,0,0,0
molecola_8764,5,0,0,0
molecola_8764,6,0,0,0
molecola_8764,7,0,0,0
molecola_8764,8,0,0,0
molecola_8764,9,0,0,0
molecola_8764,10,0,0,0
molecola_8764,11,1,5,1
molecola_8764,12,0,0,0
molecola_8764,13,1,5,1
molecola_8764,14,0,0,0
molecola_8764,15,0,0,0
molecola_8764,16,0,0,0
molecola_8764,17,0,0,0
molecola_8764,18,0,0,0
molecola_8764,19,0,0,0
molecola_8764,20,0,0,0
molecola_8764,21,0,0,0
molecola_8764,22,0,0,0
molecola_8764,23,0,0,0
molecola_8764,24,0,0,0
molecola_8764,25,0,1,0
molecola_8764,26,0,0,0
molecola_8764,27,0,0,0
molecola_8764,28,0,0,0
molecola_8764,29,0,0,0
molecola_8764,30,0,0,0
molecola_8860,1,0,0,0
molecola_8860,2,0,0,0
molecola_8860,3,0,0,0
molecola_8860,4,0,0,0
molecola_8860,5,0,0,0
molecola_8860,6,0,0,0
molecola_8860,7,0,0,0
molecola_8860,8,0,0,0
molecola_8860,9,0,0,0
molecola_8860,10,0,0,0
molecola_8860,11,0,0,0
molecola_8860,12,0,0,0
molecola_8860,13,0,0,0
molecola_8860,14,0,0,0
molecola_8860,15,0,0,0
molecola_8860,16,0,0,0
molecola_8860,17,0,0,0
molecola_8860,18,0,0,0
molecola_8860,19,0,0,0
molecola_8860,20,0,0,0
molecola_8860,21,0,0,0
molecola_8860,22,0,0,0
molecola_8860,23,0,0,0
molecola_8860,24,0,0,0
molecola_8860,25,1,5,1
molecola_8860,26,0,0,0
molecola_8860,27,0,0,0
molecola_8860,28,1,5,1
molecola_8860,29,1,5,1
molecola_8860,30,1,5,1
molecola_8860,31,1,5,1
molecola_8860,32,0,0,0
molecola_8860,33,0,0,0
molecola_9180,1,0,0,0
molecola_9180,2,0,0,0
molecola_9180,3,0,0,0
molecola_9180,4,0,0,0
molecola_9180,5,0,0,0
molecola_9180,6,0,0,0
molecola_9180,7,0,0,0
molecola_9180,8,0,0,0
molecola_9180,9,0,0,0
molecola_9180,10,0,0,0
molecola_9180,11,0,0,0
molecola_9180,12,0,0,0
molecola_9180,13,0,0,0
molecola_9180,14,0,0,0
molecola_9180,15,0,0,0
molecola_9180,16,0,0,0
molecola_9180,17,0,0,0
molecola_9180,18,0,0,0
molecola_9180,19,0,0,0
molecola_9180,20,0,0,0
molecola_9180,21,0,0,0
molecola_9180,22,0,0,0
molecola_9180,23,0,0,0
molecola_9180,24,0,0,0
molecola_9180,25,0,0,0
molecola_9180,26,0,0,0
molecola_9180,27,0,0,0
molecola_9180,28,0,0,0
molecola_9180,29,0,0,0
molecola_9180,30,0,0,0
molecola_9180,31,0,0,0
molecola_9180,32,1,5,1
molecola_9180,33,1,5,1
molecola_9180,34,0,0,0
molecola_9180,35,0,0,0
molecola_9180,36,0,0,0
molecola_9180,37,0,0,0
molecola_9180,38,0,0,0
molecola_9180,39,0,0,0
molecola_9180,40,0,0,0
molecola_9180,41,0,0,0
molecola_9180,42,0,0,0
molecola_9180,43,0,0,0
molecola_9639,1,0,5,1
molecola_9639,2,0,5,1
molecola_9639,3,0,5,1
molecola_9639,4,0,5,1
molecola_9639,5,0,5,1
molecola_9639,6,1,5,1
molecola_9639,7,1,5,1
molecola_60105,1,0,0,0
molecola_60105,2,0,0,0
molecola_60105,3,0,0,0
molecola_60105,4,0,0,0
molecola_60105,5,0,0,0
molecola_60105,6,0,2,0
molecola_60105,7,0,0,0
molecola_60105,8,0,0,0
molecola_60105,9,0,0,0
molecola_60105,10,0,0,0
molecola_60105,11,0,0,0
molecola_60105,12,0,0,0
molecola_60105,13,0,0,0
molecola_60105,14,0,0,0
molecola_60105,15,0,0,0
molecola_60105,16,0,3,1
molecola_60105,17,0,0,0
molecola_60105,18,0,0,0
molecola_60105,19,0,0,0
molecola_60105,20,0,0,0
molecola_60105,21,0,0,0
molecola_60105,22,1,5,1
molecola_60105,23,0,0,0
molecola_60105,24,0,0,0
molecola_60105,25,0,0,0
molecola_60105,26,0,0,0
molecola_60118,1,0,0,0
molecola_60118,2,0,0,0
molecola_60118,3,0,0,0
molecola_60118,4,0,0,0
molecola_60118,5,0,0,0
molecola_60118,6,0,0,0
molecola_60118,7,0,0,0
molecola_60118,8,0,0,0
molecola_60118,9,0,0,0
molecola_60118,10,0,0,0
molecola_60118,11,1,5,1
molecola_60118,12,0,0,0
molecola_60118,13,0,0,0
molecola_60118,14,0,0,0
molecola_60118,15,0,0,0
molecola_60118,16,0,0,0
molecola_60118,17,0,0,0
molecola_60158,1,0,0,0
molecola_60158,2,0,0,0
molecola_60158,3,0,0,0
molecola_60158,4,0,0,0
molecola_60158,5,0,0,0
molecola_60158,6,0,0,0
molecola_60158,7,0,0,0
molecola_60158,8,0,0,0
molecola_60158,9,0,0,0
molecola_60158,10,1,5,1
molecola_60158,11,0,0,0
molecola_60158,12,0,0,0
molecola_60158,13,0,0,0
molecola_60158,14,0,0,0
molecola_60158,15,0,0,0
molecola_60158,16,0,0,0
molecola_60158,17,0,0,0
molecola_60158,18,0,0,0
molecola_60158,19,0,0,0
molecola_60158,20,0,0,0
molecola_60158,21,0,0,0
molecola_60158,22,0,0,0
molecola_60158,23,0,0,0
molecola_60158,24,0,0,0
molecola_60158,25,0,0,0
molecola_60158,26,0,0,0
molecola_60158,27,0,0,0
molecola_60172,1,0,0,0
molecola_60172,2,0,0,0
molecola_60172,3,0,0,0
molecola_60172,4,0,0,0
molecola_60172,5,0,0,0
molecola_60172,6,0,0,0
molecola_60172,7,0,0,0
molecola_60172,8,0,0,0
molecola_60172,9,0,0,0
molecola_60172,10,0,0,0
molecola_60172,11,0,0,0
molecola_60172,12,0,0,0
molecola_60172,13,0,0,0
molecola_60172,14,0,0,0
molecola_60172,15,0,0,0
molecola_60172,16,0,0,0
molecola_60172,17,0,0,0
molecola_60172,18,0,0,0
molecola_60172,19,0,0,0
molecola_60172,20,0,0,0
molecola_60172,21,0,0,0
molecola_60172,22,0,0,0
molecola_60172,23,0,0,0
molecola_60172,24,1,5,1
molecola_60172,25,0,0,0
molecola_60172,26,0,0,0
molecola_60172,27,0,0,0
molecola_60172,28,1,5,1
molecola_60172,29,0,0,0
molecola_60172,30,0,0,0
molecola_60172,31,0,0,0
molecola_60178,1,0,0,0
molecola_60178,2,0,0,0
molecola_60178,3,0,0,0
molecola_60178,4,0,0,0
molecola_60178,5,0,0,0
molecola_60178,6,0,0,0
molecola_60178,7,0,0,0
molecola_60178,8,0,0,0
molecola_60178,9,0,0,0
molecola_60178,10,0,0,0
molecola_60178,11,0,0,0
molecola_60178,12,0,0,0
molecola_60178,13,0,0,0
molecola_60178,14,0,0,0
molecola_60178,15,0,0,0
molecola_60178,16,0,0,0
molecola_60178,17,0,0,0
molecola_60178,18,0,0,0
molecola_60178,19,0,0,0
molecola_60178,20,0,0,0
molecola_60178,21,0,0,0
molecola_60178,22,0,0,0
molecola_60178,23,0,0,0
molecola_60178,24,1,5,1
molecola_60178,25,0,0,0
molecola_60178,26,0,5,1
molecola_60178,27,0,0,0
molecola_60178,28,1,5,1
molecola_60178,29,0,0,0
molecola_60178,30,0,0,0
molecola_60178,31,0,0,0
molecola_60178,32,0,0,0
molecola_60178,33,0,0,0
molecola_60187,1,0,0,0
molecola_60187,2,0,0,0
molecola_60187,3,0,0,0
molecola_60187,4,0,0,0
molecola_60187,5,0,0,0
molecola_60187,6,0,0,0
molecola_60187,7,0,0,0
molecola_60187,8,0,0,0
molecola_60187,9,0,0,0
molecola_60187,10,0,0,0
molecola_60187,11,0,0,0
molecola_60187,12,0,0,0
molecola_60187,13,0,0,0
molecola_60187,14,0,0,0
molecola_60187,15,0,0,0
molecola_60187,16,0,0,0
molecola_60187,17,0,0,0
molecola_60187,18,0,0,0
molecola_60187,19,0,0,0
molecola_60187,20,0,0,0
molecola_60187,21,0,0,0
molecola_60187,22,0,0,0
molecola_60187,23,1,5,1
molecola_60187,24,0,0,0
molecola_60187,25,0,0,0
molecola_60187,26,0,0,0
molecola_60187,27,0,0,0
molecola_60187,28,0,0,0
molecola_60187,29,0,0,0
molecola_60187,30,0,0,0
molecola_60187,31,0,0,0
molecola_60187,32,0,0,0
molecola_60187,33,0,0,0
molecola_60188,1,0,0,0
molecola_60188,2,0,0,0
molecola_60188,3,0,0,0
molecola_60188,4,0,0,0
molecola_60188,5,0,0,0
molecola_60188,6,0,0,0
molecola_60188,7,0,0,0
molecola_60188,8,0,0,0
molecola_60188,9,0,0,0
molecola_60188,10,0,0,0
molecola_60188,11,0,0,0
molecola_60188,12,0,0,0
molecola_60188,13,0,0,0
molecola_60188,14,0,0,0
molecola_60188,15,0,0,0
molecola_60188,16,0,0,0
molecola_60188,17,0,0,0
molecola_60188,18,0,0,0
molecola_60188,19,0,0,0
molecola_60188,20,0,0,0
molecola_60188,21,0,1,0
molecola_60188,22,0,0,0
molecola_60188,23,0,0,0
molecola_60188,24,1,5,1
molecola_60188,25,0,0,0
molecola_60190,1,0,0,0
molecola_60190,2,0,0,0
molecola_60190,3,0,0,0
molecola_60190,4,0,0,0
molecola_60190,5,1,5,1
molecola_60190,6,0,0,0
molecola_60190,7,0,0,0
molecola_60190,8,0,0,0
molecola_60190,9,0,0,0
molecola_60190,10,0,0,0
molecola_60190,11,0,0,0
molecola_60190,12,0,0,0
molecola_60190,13,0,0,0
molecola_60190,14,0,0,0
molecola_60190,15,0,0,0
molecola_60190,16,0,0,0
molecola_60190,17,0,0,0
molecola_60190,18,0,0,0
molecola_60190,19,0,0,0
molecola_60190,20,0,0,0
molecola_60190,21,0,0,0
molecola_60190,22,0,0,0
molecola_60190,23,0,0,0
molecola_60190,24,0,0,0
molecola_60001,1,0,0,0
molecola_60001,2,0,0,0
molecola_60001,3,0,0,0
molecola_60001,4,0,0,0
molecola_60001,5,0,0,0
molecola_60001,6,0,0,0
molecola_60001,7,0,0,0
molecola_60001,8,0,0,0
molecola_60001,9,0,0,0
molecola_60001,10,0,0,0
molecola_60001,11,0,0,0
molecola_60001,12,0,2,0
molecola_60001,13,0,0,0
molecola_60001,14,1,5,1
molecola_60001,15,0,0,0
molecola_60001,16,0,0,0
molecola_60001,17,0,0,0
molecola_60001,18,0,0,0
molecola_60001,19,0,0,0
molecola_60026,1,0,5,1
molecola_60026,2,0,4,1
molecola_60026,3,0,5,1
molecola_60026,4,0,0,0
molecola_60026,5,0,0,0
molecola_60026,6,0,0,0
molecola_60026,7,0,0,0
molecola_60026,8,0,0,0
molecola_60026,9,0,0,0
molecola_60026,10,0,0,0
molecola_60026,11,0,0,0
molecola_60026,12,0,0,0
molecola_60026,13,0,5,1
molecola_60026,14,0,0,0
molecola_60026,15,0,0,0
molecola_60026,16,0,0,0
molecola_60026,17,0,0,0
molecola_60026,18,0,0,0
molecola_60026,19,0,5,1
molecola_60026,20,0,0,0
molecola_60026,21,0,0,0
molecola_60026,22,0,0,0
molecola_60026,23,0,0,0
molecola_60026,24,0,0,0
molecola_60026,25,0,0,0
molecola_60026,26,0,0,0
molecola_60026,27,0,0,0
molecola_60026,28,1,5,1
molecola_60026,29,0,0,0
molecola_60026,30,0,0,0
molecola_60026,31,0,0,0
molecola_60026,32,0,0,0
molecola_60026,33,0,0,0
molecola_60026,34,0,0,0
molecola_60026,35,0,0,0
molecola_60026,36,0,0,0
molecola_60026,37,0,0,0
molecola_60026,38,0,0,0
molecola_60026,39,0,0,0
molecola_60026,40,0,0,0
molecola_60026,41,0,0,0
molecola_60026,42,0,0,0
molecola_60026,43,0,0,0
molecola_60026,44,0,0,0
molecola_60026,45,0,0,0
molecola_60002,1,0,0,0
molecola_60002,2,0,0,0
molecola_60002,3,0,0,0
molecola_60002,4,0,0,0
molecola_60002,5,0,0,0
molecola_60002,6,0,0,0
molecola_60002,7,0,0,0
molecola_60002,8,0,0,0
molecola_60002,9,0,0,0
molecola_60002,10,0,0,0
molecola_60002,11,0,0,0
molecola_60002,12,0,0,0
molecola_60002,13,1,5,1
molecola_60002,14,0,0,0
molecola_60002,15,0,0,0
molecola_60002,16,0,0,0
molecola_60002,17,0,0,0
molecola_60002,18,0,0,0
molecola_60002,19,0,0,0
molecola_60002,20,0,3,1
molecola_60002,21,0,0,0
molecola_60002,22,0,0,0
molecola_60002,23,0,0,0
molecola_60002,24,0,0,0
molecola_60002,25,0,0,0
molecola_60002,26,0,0,0
molecola_60002,27,0,0,0
molecola_60002,28,0,0,0
molecola_60002,29,0,0,0
molecola_60002,30,0,0,0
molecola_60002,31,0,0,0
molecola_60042,1,0,0,0
molecola_60042,2,0,0,0
molecola_60042,3,0,0,0
molecola_60042,4,0,0,0
molecola_60042,5,0,0,0
molecola_60042,6,0,3,1
molecola_60042,7,0,0,0
molecola_60042,8,0,0,0
molecola_60042,9,0,0,0
molecola_60042,10,0,1,0
molecola_60042,11,0,0,0
molecola_60042,12,0,0,0
molecola_60042,13,0,0,0
molecola_60042,14,0,0,0
molecola_60042,15,0,0,0
molecola_60042,16,0,0,0
molecola_60042,17,0,0,0
molecola_60042,18,0,0,0
molecola_60042,19,0,0,0
molecola_60042,20,0,0,0
molecola_60042,21,0,0,0
molecola_60042,22,0,0,0
molecola_60042,23,0,0,0
molecola_60042,24,0,0,0
molecola_60042,25,0,0,0
molecola_60042,26,0,0,0
molecola_60042,27,1,5,1
molecola_60042,28,0,0,0
molecola_60042,29,0,0,0
molecola_60044,1,0,0,0
molecola_60044,2,0,3,1
molecola_60044,3,0,0,0
molecola_60044,4,0,5,1
molecola_60044,5,0,5,1
molecola_60044,6,0,0,0
molecola_60044,7,0,0,0
molecola_60044,8,0,0,0
molecola_60044,9,0,0,0
molecola_60044,10,0,0,0
molecola_60044,11,0,0,0
molecola_60044,12,0,0,0
molecola_60044,13,0,0,0
molecola_60044,14,0,0,0
molecola_60044,15,0,0,0
molecola_60044,16,0,0,0
molecola_60044,17,0,5,1
molecola_60044,18,0,0,0
molecola_60044,19,0,0,0
molecola_60044,20,0,0,0
molecola_60044,21,1,5,1
molecola_60044,22,0,0,0
molecola_60057,1,0,0,0
molecola_60057,2,0,0,0
molecola_60057,3,0,0,0
molecola_60057,4,0,4,1
molecola_60057,5,0,0,0
molecola_60057,6,0,0,0
molecola_60057,7,0,0,0
molecola_60057,8,1,5,1
molecola_60057,9,0,0,0
molecola_60057,10,0,0,0
molecola_60057,11,0,0,0
molecola_60057,12,0,0,0
molecola_60057,13,0,0,0
molecola_60057,14,0,0,0
molecola_60057,15,0,0,0
molecola_60057,16,0,0,0
molecola_60057,17,0,0,0
molecola_60057,18,0,0,0
molecola_60057,19,0,0,0
molecola_60057,20,0,0,0
molecola_60057,21,0,0,0
molecola_60057,22,0,0,0
molecola_60057,23,0,0,0
molecola_60057,24,0,0,0
molecola_60057,25,0,0,0
molecola_60057,26,0,0,0
molecola_60057,27,0,0,0
molecola_60057,28,0,0,0
molecola_60057,29,0,0,0
molecola_60057,30,0,0,0
molecola_60057,31,0,0,0
molecola_60057,32,0,0,0
molecola_60057,33,0,0,0
molecola_60057,34,0,0,0
molecola_60057,35,0,0,0
molecola_60065,1,0,0,0
molecola_60065,2,0,0,0
molecola_60065,3,0,0,0
molecola_60065,4,0,0,0
molecola_60065,5,0,0,0
molecola_60065,6,0,0,0
molecola_60065,7,0,0,0
molecola_60065,8,0,0,0
molecola_60065,9,0,0,0
molecola_60065,10,0,4,1
molecola_60065,11,0,0,0
molecola_60065,12,0,0,0
molecola_60065,13,0,0,0
molecola_60065,14,0,0,0
molecola_60065,15,0,0,0
molecola_60065,16,0,0,0
molecola_60065,17,0,4,1
molecola_60065,18,0,0,0
molecola_60065,19,0,0,0
molecola_60065,20,0,0,0
molecola_60065,21,0,0,0
molecola_60065,22,0,0,0
molecola_60065,23,0,0,0
molecola_60065,24,0,0,0
molecola_60065,25,0,0,0
molecola_60065,26,0,0,0
molecola_60065,27,0,0,0
molecola_60065,28,0,0,0
molecola_60065,29,0,0,0
molecola_60065,30,0,0,0
molecola_60065,31,0,0,0
molecola_60065,32,1,5,1
molecola_60065,33,0,0,0
molecola_60065,34,0,0,0
molecola_60065,35,0,0,0
molecola_60065,36,0,0,0
molecola_60065,37,0,0,0
molecola_60065,38,0,0,0
molecola_60065,39,0,0,0
molecola_60065,40,0,0,0
molecola_60007,1,0,0,0
molecola_60007,2,0,0,0
molecola_60007,3,0,0,0
molecola_60007,4,1,5,1
molecola_60007,5,0,0,0
molecola_60007,6,0,0,0
molecola_60007,7,0,0,0
molecola_60007,8,0,0,0
molecola_60007,9,0,0,0
molecola_60007,10,0,0,0
molecola_60007,11,0,0,0
molecola_60007,12,0,5,1
molecola_60007,13,0,0,0
molecola_60007,14,0,0,0
molecola_60007,15,0,0,0
molecola_60007,16,0,0,0
molecola_60007,17,0,0,0
molecola_60007,18,0,0,0
molecola_60007,19,0,0,0
molecola_60007,20,0,0,0
molecola_60007,21,0,0,0
molecola_60007,22,0,0,0
molecola_60007,23,0,0,0
molecola_60007,24,0,0,0
molecola_60007,25,0,0,0
molecola_60007,26,0,0,0
molecola_60007,27,0,0,0
molecola_60007,28,0,0,0
molecola_60007,29,0,0,0
molecola_60007,30,0,0,0
molecola_60007,31,0,0,0
molecola_60007,32,0,0,0
molecola_60007,33,0,0,0
molecola_60007,34,0,0,0
molecola_60007,35,0,0,0
molecola_60007,36,0,0,0
molecola_60007,37,0,0,0
molecola_60093,1,0,0,0
molecola_60093,2,0,0,0
molecola_60093,3,0,0,0
molecola_60093,4,0,0,0
molecola_60093,5,0,0,0
molecola_60093,6,0,0,0
molecola_60093,7,0,0,0
molecola_60093,8,0,0,0
molecola_60093,9,0,0,0
molecola_60093,10,0,0,0
molecola_60093,11,0,0,0
molecola_60093,12,0,0,0
molecola_60093,13,0,0,0
molecola_60093,14,0,0,0
molecola_60093,15,0,0,0
molecola_60093,16,0,0,0
molecola_60093,17,0,0,0
molecola_60093,18,0,0,0
molecola_60093,19,0,0,0
molecola_60093,20,0,0,0
molecola_60093,21,0,0,0
molecola_60093,22,0,0,0
molecola_60093,23,1,5,1
molecola_60093,24,0,0,0
molecola_60093,25,0,0,0
molecola_60093,26,0,0,0
molecola_60093,27,0,0,0
molecola_60093,28,0,0,0
molecola_60093,29,0,1,0
molecola_60093,30,0,0,0
molecola_60093,31,0,0,0
molecola_60093,32,0,0,0
molecola_60093,33,0,0,0
molecola_60093,34,0,0,0
molecola_60093,35,0,0,0
molecola_60093,36,0,0,0
molecola_60093,37,0,0,0
molecola_60009,1,0,0,0
molecola_60009,2,0,0,0
molecola_60009,3,0,0,0
molecola_60009,4,0,0,0
molecola_60009,5,0,0,0
molecola_60009,6,0,0,0
molecola_60009,7,0,0,0
molecola_60009,8,0,0,0
molecola_60009,9,0,0,0
molecola_60009,10,0,0,0
molecola_60009,11,0,0,0
molecola_60009,12,0,0,0
molecola_60009,13,0,0,0
molecola_60009,14,0,0,0
molecola_60009,15,0,5,1
molecola_60009,16,0,0,0
molecola_60009,17,0,0,0
molecola_60009,18,0,0,0
molecola_60009,19,0,0,0
molecola_60009,20,0,0,0
molecola_60009,21,0,2,0
molecola_60009,22,0,0,0
molecola_60009,23,0,0,0
molecola_60009,24,0,5,1
molecola_60009,25,0,5,1
molecola_60009,26,0,5,1
molecola_60009,27,0,5,1
molecola_60009,28,0,5,1
molecola_60009,29,0,0,0
molecola_60009,30,1,5,1
molecola_60009,31,0,0,0
molecola_60009,32,0,0,0
molecola_60009,33,0,0,0
molecola_60009,34,0,0,0
molecola_60009,35,0,0,0
molecola_60009,36,0,0,0
molecola_60009,37,0,0,0
molecola_60009,38,0,0,0
molecola_60009,39,0,0,0
molecola_60009,40,0,0,0
molecola_60009,41,0,0,0
molecola_60009,42,0,0,0
molecola_60009,43,1,5,1
molecola_60009,44,0,0,0
molecola_60009,45,0,0,0
molecola_60009,46,0,0,0
molecola_60009,47,0,0,0
molecola_60009,48,0,0,0
molecola_60009,49,0,0,0
molecola_60009,50,0,0,0
molecola_60009,51,0,0,0
molecola_60009,52,0,0,0
molecola_60009,53,0,5,1
molecola_60009,54,0,5,1
molecola_60009,55,0,5,1
molecola_60009,56,0,5,1
molecola_60009,57,0,5,1
molecola_60009,58,0,0,0
molecola_60009,59,0,0,0
molecola_60009,60,0,0,0
