molecola,indice_atomo,prob_mean_match_Dealkylation,n_voti_positivi_match_Dealkylation,y_pred_ensemble_match_Dealkylation,prob_mean_match_Glucuronidation,n_voti_positivi_match_Glucuronidation,y_pred_ensemble_match_Glucuronidation,prob_mean_match_GlutathioneConjugation,n_voti_positivi_match_GlutathioneConjugation,y_pred_ensemble_match_GlutathioneConjugation,prob_mean_match_Hydrolysis,n_voti_positivi_match_Hydrolysis,y_pred_ensemble_match_Hydrolysis,prob_mean_match_Oxidation,n_voti_positivi_match_Oxidation,y_pred_ensemble_match_Oxidation,prob_mean_match_Reduction,n_voti_positivi_match_Reduction,y_pred_ensemble_match_Reduction,prob_mean_match_Sulfonation,n_voti_positivi_match_Sulfonation,y_pred_ensemble_match_Sulfonation
mol_16,1,0.9080782175064087,5,1,0.1990421250462532,0,0,0.15134232193231584,0,0,0.006499066622927785,0,0,0.02145390249788761,0,0,5.963643288851017e-05,0,0,0.00023580175547976978,0,0
mol_16,2,0.9309887886047363,5,1,0.07471370846033096,0,0,0.2478991463780403,1,0,0.007563161477446556,0,0,0.3245083004236221,0,0,3.0633597452833784e-05,0,0,3.5943729744758454e-05,0,0
mol_16,3,0.14144116789102554,0,0,0.1373649001121521,0,0,0.2623826265335083,0,0,0.03435300346463919,0,0,0.5319414973258972,3,1,0.0027950683055678383,0,0,0.0024527867790311575,0,0
mol_16,4,0.05438707210123539,0,0,0.04371616579592228,0,0,0.37442122399806976,1,0,0.015168847469612955,0,0,0.3593661516904831,1,0,0.0029421156388707457,0,0,0.006398725950202788,0,0
mol_16,5,0.011144710844382644,0,0,0.06233638860285282,0,0,0.4729734599590302,2,0,0.03753349566832185,0,0,0.372557720541954,2,0,0.22424273937940598,1,0,0.06353795621544123,0,0
mol_16,6,0.015031303651630879,0,0,0.09361767843365669,0,0,0.5681952714920044,3,1,0.0617246912792325,0,0,0.7388481616973877,4,1,0.005789426155388355,0,0,0.012908109748968855,0,0
mol_16,7,0.07057097032666207,0,0,0.27975289821624755,1,0,0.3120077162981033,0,0,0.04919663639739156,0,0,0.7325539469718934,5,1,0.0037694627535529435,0,0,0.07035702615976333,0,0
mol_16,8,0.035535310953855516,0,0,0.0842761404812336,0,0,0.3987266838550568,2,0,0.2843187630176544,1,0,0.38698954284191134,0,0,0.0021391175396274775,0,0,0.005450828763423487,0,0
mol_16,9,0.5354963064193725,3,1,0.9881857633590698,5,1,0.6593684911727905,5,1,0.36625559329986573,1,0,0.5826409220695495,5,1,0.0037109254160895945,0,0,0.9953377485275269,5,1
mol_16,10,0.18020766340196132,1,0,0.15101901814341545,0,0,0.7501370906829834,4,1,0.0391253050416708,0,0,0.7971257448196412,5,1,0.9229370594024658,5,1,0.02004748024046421,0,0
mol_16,11,0.2452434003353119,1,0,0.43613552749156953,2,0,0.5904998064041138,3,1,0.04965903181582689,0,0,0.5750712931156159,4,1,0.910521411895752,5,1,0.008866546116769314,0,0
mol_16,12,0.8024561762809753,5,1,0.597866690158844,3,1,0.5549244284629822,3,1,0.7785799622535705,5,1,0.14828319987282157,0,0,0.6015983819961548,4,1,0.026035351771861316,0,0
mol_16,13,0.6768225073814392,5,1,0.43242659121751786,2,0,0.511125922203064,3,1,0.3392955228686333,2,0,0.35244845449924467,1,0,0.8409974336624145,5,1,0.005864635622128844,0,0
mol_16,14,0.7943849921226501,5,1,0.4026060950011015,2,0,0.5660105526447297,3,1,0.7117842316627503,4,1,0.07556462613865733,0,0,0.4157959699630737,2,0,0.025062207295559347,0,0
mol_16,15,0.5057057291269302,3,1,0.30692427828907964,1,0,0.28273468017578124,0,0,0.3406300739850849,2,0,0.0830017663538456,0,0,0.20363775491714478,1,0,0.017054791026748718,0,0
mol_16,16,0.2828044332563877,1,0,0.39259222745895384,2,0,0.658402681350708,5,1,0.05071253394708038,0,0,0.6364687263965607,4,1,0.9489141941070557,5,1,0.01413872092962265,0,0
mol_16,17,0.16494217067956923,0,0,0.07872072383761405,0,0,0.7677530169486999,5,1,0.01967364107258618,0,0,0.8506446480751038,5,1,0.9614094495773315,5,1,0.016612211242318153,0,0
mol_16,18,0.010927278688177467,0,0,0.0651701394468546,0,0,0.46074254512786866,1,0,0.03672872371971607,0,0,0.3647107779979706,2,0,0.21723466068506242,1,0,0.06614136304706335,0,0
mol_16,19,0.015031303651630879,0,0,0.09361768141388893,0,0,0.5681953310966492,3,1,0.061724682338535786,0,0,0.7388481497764587,4,1,0.00578942964784801,0,0,0.012908108881674707,0,0
mol_16,20,0.07057095542550088,0,0,0.27975291907787325,1,0,0.3120077133178711,0,0,0.04919664831832051,0,0,0.7325539469718934,5,1,0.0037694626138545574,0,0,0.07035703286528587,0,0
mol_16,21,0.03553531765937805,0,0,0.08427614569664002,0,0,0.39872665107250216,2,0,0.28431878238916397,1,0,0.38698955774307253,0,0,0.002139117382466793,0,0,0.005450827331515029,0,0
mol_16,22,0.14144116640090942,0,0,0.1373649001121521,0,0,0.26238261759281156,0,0,0.034352996153756976,0,0,0.5319415181875229,3,1,0.002795068101841025,0,0,0.0024527859641239047,0,0
mol_16,23,0.054387067258358,0,0,0.04371616803109646,0,0,0.3744212418794632,1,0,0.015168858459219337,0,0,0.3593661218881607,1,0,0.0029421157611068337,0,0,0.0063987281970185,0,0
mol_16,24,0.9309887886047363,5,1,0.07471370697021484,0,0,0.2478991374373436,1,0,0.007563163340091705,0,0,0.3245083227753639,0,0,3.063361345994054e-05,0,0,3.5943729744758454e-05,0,0
mol_16,25,0.9080781698226928,5,1,0.19904211312532424,0,0,0.15134233087301255,0,0,0.006499065272510052,0,0,0.02145389877259731,0,0,5.9636461446643804e-05,0,0,0.00023580175547976978,0,0
mol_16,26,0.5354963183403015,3,1,0.9881857633590698,5,1,0.6593684911727905,5,1,0.36625561118125916,1,0,0.5826409101486206,5,1,0.0037109264405444263,0,0,0.9953377485275269,5,1
mol_16,27,0.44906224608421325,2,0,0.60197674036026,3,1,0.31264137625694277,0,0,0.3518224410712719,2,0,0.11642220914363861,0,0,0.12637899229303,0,0,0.021596460323780774,0,0
mol_2,1,0.027265376038849355,0,0,0.06899665407836438,0,0,0.35732942819595337,1,0,0.024850541003979744,0,0,0.637939989566803,5,1,0.00017257934232475236,0,0,0.00260783537523821,0,0
mol_2,2,0.02374223303049803,0,0,0.10533547922968864,0,0,0.2894468933343887,0,0,0.0026994560845196246,0,0,0.8264517784118652,5,1,0.00027785055281128737,0,0,0.00179202975705266,0,0
mol_2,3,0.04643043018877506,0,0,0.049871701188385485,0,0,0.1484767585992813,0,0,0.0018211033137049526,0,0,0.06356934942305088,0,0,0.0025264580086513887,0,0,0.00024325987178599461,0,0
mol_2,4,0.3531133055686951,0,0,0.05506787970662117,0,0,0.1303780898451805,0,0,0.022052581938623916,0,0,0.14088373258709908,0,0,0.09327215030789375,0,0,0.0004458356048417045,0,0
mol_2,5,0.37498899102211,1,0,0.20583221539855004,0,0,0.4830446779727936,2,0,0.066516088321805,0,0,0.3184078559279442,2,0,0.12475208137184382,0,0,0.0035953521088231354,0,0
mol_2,6,0.10491114258766174,0,0,0.056798186898231504,0,0,0.23673458620905877,0,0,0.047884115687338635,0,0,0.14094898700714112,0,0,0.008464434929192067,0,0,0.0006591083671082743,0,0
mol_2,7,0.17591427266597748,0,0,0.2533518597483635,0,0,0.5931602239608764,5,1,0.10891716345213354,0,0,0.4388380110263824,2,0,0.8869871616363525,5,1,0.007574648747686296,0,0
mol_2,8,0.18486018776893615,0,0,0.3719952769577503,2,0,0.6890371322631836,4,1,0.09197754291817546,0,0,0.29675858095288277,1,0,0.6844355642795563,4,1,0.367373326420784,2,0
mol_2,9,0.10817150697112084,0,0,0.32861829102039336,1,0,0.6154611587524415,4,1,0.11623918544501066,0,0,0.4477965235710144,1,0,0.8674973130226136,5,1,0.010602549323812127,0,0
mol_2,10,0.33454025387763975,1,0,0.3516349673271179,1,0,0.7470845222473145,5,1,0.03472131472080946,0,0,0.6306670725345611,4,1,0.9111718654632568,5,1,0.00832133051007986,0,0
mol_2,11,0.3008132681250572,1,0,0.31359056681394576,1,0,0.4373514011502266,2,0,0.004641174810240045,0,0,0.1987263008952141,0,0,0.006451512221246958,0,0,0.001692090037977323,0,0
mol_2,12,0.24132631197571755,0,0,0.22266710698604583,0,0,0.38806352466344834,2,0,0.013583771884441376,0,0,0.33230584263801577,1,0,0.022461228584870697,0,0,0.0012233857938554137,0,0
mol_2,13,0.18420828841626644,0,0,0.10960781089961529,0,0,0.37063070982694624,1,0,0.13354116417467593,0,0,0.4718449115753174,3,1,0.07948194667696953,0,0,0.0016239213931839914,0,0
mol_2,14,0.05508517287671566,0,0,0.5920068264007569,4,1,0.28935464322566984,0,0,0.15030974745750428,0,0,0.8012388348579407,5,1,0.00794952951837331,0,0,0.10690323784947395,0,0
mol_2,15,0.014639451447874308,0,0,0.06126631796360016,0,0,0.45430258512496946,2,0,0.24364676773548127,0,0,0.1969540935009718,0,0,0.00313259829999879,0,0,0.04711002409458161,0,0
mol_2,16,0.05508517287671566,0,0,0.5920068264007569,4,1,0.28935464322566984,0,0,0.15030974745750428,0,0,0.8012388348579407,5,1,0.00794952951837331,0,0,0.10690323784947395,0,0
mol_2,17,0.18420828841626644,0,0,0.10960781089961529,0,0,0.37063070982694624,1,0,0.13354116417467593,0,0,0.4718449115753174,3,1,0.07948194667696953,0,0,0.0016239213931839914,0,0
mol_2,18,0.20730038583278657,0,0,0.9878768563270569,5,1,0.6203773319721222,4,1,0.2389848917722702,0,0,0.3353371024131775,0,0,0.0011275481374468654,0,0,0.9955373406410217,5,1
mol_2,19,0.16108929514884948,0,0,0.8281880259513855,5,1,0.7740044713020324,5,1,0.04418140733614564,0,0,0.6014133393764496,3,1,0.16817046627402304,0,0,0.8641590237617492,5,1
mol_24,1,0.09377475678920746,0,0,0.3958705961704254,1,0,0.31102215051651,1,0,0.011301367955456953,0,0,0.19981781989336014,0,0,0.0012018072724458762,0,0,0.0011615354938840027,0,0
mol_24,2,0.66207857131958,5,1,0.4539541393518448,2,0,0.32770287096500395,1,0,0.8961918711662292,5,1,0.016633129119873045,0,0,0.0027370801239158028,0,0,0.008394645201042295,0,0
mol_24,3,0.2014915645122528,1,0,0.11761536076664925,0,0,0.1410097822546959,0,0,0.061413712427020074,0,0,0.017674860171973707,0,0,0.00852354461530922,0,0,0.0034214616578537973,0,0
mol_24,4,0.9770973205566407,5,1,0.39390156865119935,2,0,0.2027663081884384,0,0,0.03997128382325173,0,0,0.1110959580168128,0,0,0.00012715923398900486,0,0,0.0009876451833406464,0,0
mol_24,5,0.9505772233009339,5,1,0.37244577407836915,1,0,0.32225229889154433,1,0,0.32752365842461584,1,0,0.26872080862522124,0,0,0.000615889025357319,0,0,0.0005666772631229833,0,0
mol_24,6,0.09917312860488892,0,0,0.033622187376022336,0,0,0.18623750954866408,0,0,0.002595037792343646,0,0,0.8125744819641113,5,1,0.0015307083624065854,0,0,0.0036565933958627285,0,0
mol_24,7,0.09602619037032127,0,0,0.06766319377347826,0,0,0.5624097913503647,4,1,0.06318711845378858,0,0,0.8038901686668396,5,1,0.029296863405033947,0,0,0.020545051494445944,0,0
mol_24,8,0.038490450009703636,0,0,0.02008303739130497,0,0,0.4590161919593811,1,0,0.012445450061932206,0,0,0.8312816262245178,5,1,0.0026056178845465182,0,0,0.0021541093941777945,0,0
mol_24,9,0.05212520696222782,0,0,0.5164975166320801,3,1,0.6207777619361877,4,1,0.02972368858754635,0,0,0.9587029814720154,5,1,0.01582328760996461,0,0,0.09536685831844807,0,0
mol_24,10,0.011926390416920184,0,0,0.22797911316156388,0,0,0.5551682591438294,3,1,0.0302277285605669,0,0,0.9459740281105041,5,1,0.023250250553246588,0,0,0.02229142878204584,0,0
mol_24,11,0.01434065904468298,0,0,0.47142972946166994,3,1,0.6182075142860413,4,1,0.03313568867743015,0,0,0.9425409436225891,5,1,0.03030198239721358,0,0,0.040980253368616104,0,0
mol_24,12,0.044772830232977866,0,0,0.1844613403081894,0,0,0.6999381065368653,5,1,0.016008984693326057,0,0,0.9480065822601318,5,1,0.011683412035927177,0,0,0.027661337214522064,0,0
mol_24,13,0.10784107595682144,0,0,0.9513555765151978,5,1,0.7872541844844818,4,1,0.08300492577254773,0,0,0.941051697731018,5,1,0.0357328740414232,0,0,0.9776883959770203,5,1
mol_24,14,0.10514403507113457,0,0,0.9544289350509644,5,1,0.7739508926868439,4,1,0.08345094546675683,0,0,0.9394404172897339,5,1,0.037538161221891644,0,0,0.9790426611900329,5,1
mol_25,1,0.03474598117172718,0,0,0.017481771763414145,0,0,0.4626291751861572,2,0,0.012492147274315357,0,0,0.8405323505401612,5,1,0.0023057568236254157,0,0,0.0024664062628289686,0,0
mol_25,2,0.04695730172097683,0,0,0.5271038293838501,3,1,0.5976755976676941,4,1,0.029683103039860725,0,0,0.9585822582244873,5,1,0.015609385631978511,0,0,0.093661255761981,0,0
mol_25,3,0.01192638985812664,0,0,0.2279790982604027,0,0,0.5551682591438294,3,1,0.030227722600102425,0,0,0.9459740281105041,5,1,0.023250250320415944,0,0,0.02229142878204584,0,0
mol_25,4,0.014344500936567783,0,0,0.4713897854089737,3,1,0.6181017398834229,4,1,0.03316548429429531,0,0,0.9425350785255432,5,1,0.030261772265657783,0,0,0.04091244637966156,0,0
mol_25,5,0.042474473267793654,0,0,0.16076661348342897,0,0,0.7082282662391662,5,1,0.016110748052597046,0,0,0.9522844672203064,5,1,0.008752881991676986,0,0,0.02835704544559121,0,0
mol_25,6,0.09904034733772278,0,0,0.06688910201191903,0,0,0.6148839354515075,3,1,0.06375830022152514,0,0,0.7978758573532104,5,1,0.037415398936718705,0,0,0.017674642789643258,0,0
mol_25,7,0.032045260071754456,0,0,0.14175566509366036,0,0,0.20299969017505645,0,0,0.0006238407098862808,0,0,0.7011521697044373,5,1,0.004656916891690344,0,0,0.0034685037448070944,0,0
mol_25,8,0.08302296847105026,0,0,0.9760171890258789,5,1,0.24668484628200532,0,0,0.02389454235089943,0,0,0.9253738760948181,5,1,0.007416991656646133,0,0,0.0052658315049484376,0,0
mol_25,9,0.022963908687233924,0,0,0.61801677942276,5,1,0.23148662522435187,0,0,0.006754347457899712,0,0,0.31878834664821626,0,0,0.0026382880663732068,0,0,0.004048662097193301,0,0
mol_25,10,0.06036616787314415,0,0,0.8028772950172425,5,1,0.33860158920288086,0,0,0.029372432129457594,0,0,0.42318093180656435,1,0,0.007768851984292269,0,0,0.004605274926871061,0,0
mol_25,11,0.04205852001905441,0,0,0.9792905330657959,5,1,0.21290355622768403,0,0,0.4337866723537445,2,0,0.3124563664197922,0,0,0.0031994578312151134,0,0,0.016606769245117902,0,0
mol_25,12,0.14182606488466262,0,0,0.8945412397384643,5,1,0.2140362650156021,0,0,0.3737259954214096,1,0,0.2829037994146347,0,0,0.0030736766871996223,0,0,0.011248097894713283,0,0
mol_25,13,0.14182606488466262,0,0,0.8945412397384643,5,1,0.2140362650156021,0,0,0.3737259954214096,1,0,0.2829037994146347,0,0,0.0030736766871996223,0,0,0.011248097894713283,0,0
mol_25,14,0.06404961310327054,0,0,0.9732619524002075,5,1,0.1900717869400978,0,0,0.02895131353288889,0,0,0.9211290001869201,5,1,0.011061758454889058,0,0,0.9616518378257751,5,1
mol_25,15,0.10784107148647308,0,0,0.9513555765151978,5,1,0.7872541844844818,4,1,0.08300492353737354,0,0,0.941051697731018,5,1,0.03573287669569254,0,0,0.9776883959770203,5,1
mol_25,16,0.10514403507113457,0,0,0.9544289350509644,5,1,0.7739508926868439,4,1,0.08345094546675683,0,0,0.9394404172897339,5,1,0.037538161221891644,0,0,0.9790426611900329,5,1
mol_27,1,0.0037583024008199573,0,0,0.12213262766599656,0,0,0.49396422505378723,3,1,0.06717966154683382,0,0,0.4194173842668533,1,0,0.0010058432060759514,0,0,0.011873722181189806,0,0
mol_27,2,0.018880364671349525,0,0,0.7329749464988708,5,1,0.30454752743244173,0,0,0.12014126926660537,0,0,0.7765784144401551,5,1,0.00503018794406671,0,0,0.25439420640468596,0,0
mol_27,3,0.014131333213299513,0,0,0.0686942521482706,0,0,0.4614280164241791,2,0,0.23873814791440964,0,0,0.19709848873317243,0,0,0.0031811244087293746,0,0,0.04884834466502071,0,0
mol_27,4,0.018880364671349525,0,0,0.7329749464988708,5,1,0.30454752743244173,0,0,0.12014126926660537,0,0,0.7765784144401551,5,1,0.00503018794406671,0,0,0.25439420640468596,0,0
mol_27,5,0.0037583024008199573,0,0,0.12213262766599656,0,0,0.49396422505378723,3,1,0.06717966154683382,0,0,0.4194173842668533,1,0,0.0010058432060759514,0,0,0.011873722181189806,0,0
mol_27,6,0.0054978896398097275,0,0,0.10986453890800477,0,0,0.4842912137508392,2,0,0.027076938177924604,0,0,0.15796683356165886,0,0,0.18795887231826783,0,0,0.09633211754262447,0,0
mol_27,7,0.008732341788709163,0,0,0.26528364345431327,0,0,0.540139451622963,3,1,0.012644240981899202,0,0,0.6862326264381409,5,1,0.30270997881889344,1,0,0.3550014071166515,2,0
mol_27,8,0.023124919505789876,0,0,0.29295978546142576,1,0,0.5298892855644226,3,1,0.03812680207192898,0,0,0.6801482915878296,5,1,0.375748011469841,2,0,0.3403737962245941,1,0
mol_27,9,0.13431186880916357,0,0,0.11330804955214262,0,0,0.599436217546463,3,1,0.12379497364163398,0,0,0.6344469785690308,3,1,0.27815255578607323,2,0,0.0830280565423891,0,0
mol_27,10,0.06676131412386895,0,0,0.3326117515563965,0,0,0.3955643862485886,1,0,0.02851019783411175,0,0,0.5111026167869568,3,1,0.008462966897059231,0,0,0.02281010216102004,0,0
mol_27,11,0.11220134869217872,0,0,0.1718900054693222,0,0,0.5591511845588684,3,1,0.609087198972702,4,1,0.4176364988088608,2,0,0.0406343384180218,0,0,0.021696063317358495,0,0
mol_27,12,0.09223703294992447,0,0,0.3637702286243439,1,0,0.44813008308410646,2,0,0.021325942873954774,0,0,0.42586059868335724,2,0,0.00876494445838034,0,0,0.013287003710865974,0,0
mol_27,13,0.3230039894580841,0,0,0.14473526626825334,0,0,0.564157372713089,3,1,0.022571438923478127,0,0,0.44527132660150526,3,1,0.03289690064266324,0,0,0.0009456763851630967,0,0
mol_27,14,0.05756465687882155,0,0,0.006896172021515668,0,0,0.14352559745311738,0,0,0.0001876395421277266,0,0,0.2569729208946228,1,0,0.0014417498197872192,0,0,0.00020901325292470573,0,0
mol_27,15,0.1227949619293213,0,0,0.03594900709576905,0,0,0.19983125776052474,1,0,0.0011731615952157882,0,0,0.7470320463180542,5,1,0.001814800147258211,0,0,0.00035895816181437113,0,0
mol_27,16,0.08561591729521752,0,0,0.0685246542096138,0,0,0.50252725481987,2,0,0.06803131913766265,0,0,0.551171088218689,3,1,0.00879103180486709,0,0,0.010674153629224747,0,0
mol_27,17,0.05397113598883152,0,0,0.17779649198055267,0,0,0.31475364565849306,0,0,0.007798746228218079,0,0,0.44401463866233826,2,0,0.0045194743783213195,0,0,0.015317730256356299,0,0
mol_27,18,0.0598730806261301,0,0,0.1363220989704132,0,0,0.5060698211193084,2,0,0.6011982411146164,4,1,0.3703125387430191,1,0,0.008302213530987501,0,0,0.018114530574530364,0,0
mol_27,19,0.12302067428827286,0,0,0.31143135726451876,0,0,0.28137434720993043,0,0,0.04405301995575428,0,0,0.7468405961990356,5,1,0.00442360935267061,0,0,0.02605561688542366,0,0
mol_27,20,0.0598730806261301,0,0,0.1363220989704132,0,0,0.5060698211193084,2,0,0.6011982411146164,4,1,0.3703125387430191,1,0,0.008302213530987501,0,0,0.018114530574530364,0,0
mol_27,21,0.05397113598883152,0,0,0.17779649198055267,0,0,0.31475364565849306,0,0,0.007798746228218079,0,0,0.44401463866233826,2,0,0.0045194743783213195,0,0,0.015317730256356299,0,0
mol_27,22,0.4034077376127243,2,0,0.9834816336631775,5,1,0.6590694427490235,5,1,0.4053641468286514,2,0,0.44785521030426023,2,0,0.00375366949592717,0,0,0.9919375061988831,5,1
mol_27,23,0.4034077376127243,2,0,0.9834816336631775,5,1,0.6590694427490235,5,1,0.4053641468286514,2,0,0.44785521030426023,2,0,0.00375366949592717,0,0,0.9919375061988831,5,1
mol_27,24,0.3094252411276102,1,0,0.049112748075276616,0,0,0.25962421894073484,1,0,0.0012019231216982007,0,0,0.5855383396148681,3,1,0.008507958002883242,0,0,0.0005155519512300089,0,0
mol_27,25,0.06842472944408655,0,0,0.007381626928690821,0,0,0.0910151768475771,0,0,0.014662792658782564,0,0,0.07338317092508077,0,0,0.0016361497342586516,0,0,0.0010208769005657814,0,0
mol_27,26,0.03547608088701963,0,0,0.04953320762142539,0,0,0.32243131250143053,1,0,0.09063915589358658,0,0,0.39338563084602357,1,0,0.0023615296697244046,0,0,0.002055464606928581,0,0
mol_27,27,0.029712921008467674,0,0,0.7330256938934326,5,1,0.2697595864534378,0,0,0.1992405630648136,0,0,0.771274983882904,5,1,0.0050458849291317165,0,0,0.1590573415160179,0,0
mol_27,28,0.014333478827029466,0,0,0.06421974785625935,0,0,0.4564060479402542,2,0,0.24300718307495117,0,0,0.19690092746168375,0,0,0.0031174137024208904,0,0,0.0479870474897325,0,0
mol_27,29,0.029712921008467674,0,0,0.7330256938934326,5,1,0.2697595864534378,0,0,0.1992405630648136,0,0,0.771274983882904,5,1,0.0050458849291317165,0,0,0.1590573415160179,0,0
mol_27,30,0.03547608088701963,0,0,0.04953320762142539,0,0,0.32243131250143053,1,0,0.09063915589358658,0,0,0.39338563084602357,1,0,0.0023615296697244046,0,0,0.002055464606928581,0,0
mol_27,31,0.20730038583278657,0,0,0.9878768563270569,5,1,0.6203773319721222,4,1,0.2389848917722702,0,0,0.3353371024131775,0,0,0.0011275481374468654,0,0,0.9955373406410217,5,1
mol_27,32,0.25879073664546015,1,0,0.12648666594177485,0,0,0.35715328007936475,1,0,0.009773905869042209,0,0,0.16751918643712999,0,0,0.00015229231721605174,0,0,0.003308506083521934,0,0
mol_27,33,0.5264082252979279,4,1,0.9851595282554626,5,1,0.6796524286270141,5,1,0.5026929795742034,4,1,0.4898448884487152,3,1,0.008184969646390528,0,0,0.9912450551986695,5,1
mol_27,34,0.20730038583278657,0,0,0.9878768563270569,5,1,0.6203773319721222,4,1,0.2389848917722702,0,0,0.3353371024131775,0,0,0.0011275481374468654,0,0,0.9955373406410217,5,1
mol_33,1,0.007567222128272988,0,0,0.0006333576398901642,0,0,0.02573107983916998,0,0,2.9306032354270427e-05,0,0,0.35520910620689394,1,0,3.217945686628809e-05,0,0,3.4692440522121615e-05,0,0
mol_33,2,0.01096901015844196,0,0,0.0017876991303637623,0,0,0.06563436845317483,0,0,5.308979380060919e-05,0,0,0.15458160117268563,0,0,0.00016340643851435742,0,0,4.7108479952839845e-05,0,0
mol_33,3,0.027178747486323117,0,0,0.12432414677459747,0,0,0.14534774012863635,0,0,0.000494613268529065,0,0,0.5736788988113404,4,1,0.000270372386512463,0,0,0.0007180518299719551,0,0
mol_33,4,0.019802478747442363,0,0,0.6764724254608154,4,1,0.134864966571331,0,0,0.010302666039206088,0,0,0.623863935470581,5,1,0.008260454348055645,0,0,0.016801823722198607,0,0
mol_33,5,0.01970188897103071,0,0,0.9806674838066101,5,1,0.237751504778862,0,0,0.02226767532993108,0,0,0.851223087310791,5,1,0.014373127350700088,0,0,0.015748971910215914,0,0
mol_33,6,0.022783475276082755,0,0,0.6411650836467743,4,1,0.14274607896804808,0,0,0.0031004235497675836,0,0,0.620044207572937,5,1,0.0042577755360980515,0,0,0.010907627292908728,0,0
mol_33,7,0.025669185305014254,0,0,0.1107342523522675,0,0,0.10267457198351622,0,0,0.0004475024761632085,0,0,0.6410899996757508,4,1,0.0008088557278824737,0,0,0.00038837719621369614,0,0
mol_33,8,0.004525263677351177,0,0,0.0021519366709981114,0,0,0.0645573005080223,0,0,6.244273208722007e-05,0,0,0.3790456712245941,2,0,0.00015471649744540626,0,0,0.000110695747889622,0,0
mol_33,9,0.010367342445533723,0,0,0.017764645791612566,0,0,0.06417039949446916,0,0,0.0001088404911570251,0,0,0.424646782875061,2,0,0.00020079189771422535,0,0,0.00023076959764694037,0,0
mol_33,10,0.01832987809320912,0,0,0.04951850560028106,0,0,0.04029004480689764,0,0,0.0005632424541545334,0,0,0.5569460213184356,3,1,0.00018659793204278685,0,0,0.0010507325121579924,0,0
mol_33,11,0.01824098960496485,0,0,0.19794227569364012,1,0,0.12015359923243522,0,0,0.0006791181047447025,0,0,0.45770270228385923,1,0,0.0025585888826753942,0,0,0.0016750880342442543,0,0
mol_33,12,0.04141196785494685,0,0,0.7966181874275208,4,1,0.4975437164306641,2,0,0.025488736759871244,0,0,0.6177900671958924,2,0,0.9151597261428833,5,1,0.019119608076289298,0,0
mol_33,13,0.018527287244796752,0,0,0.03490403397008777,0,0,0.5101661324501038,2,0,0.05363078471273184,0,0,0.1000419333577156,0,0,0.9348756194114685,5,1,0.005339514091610908,0,0
mol_33,14,0.03838003221899271,0,0,0.011752738151699305,0,0,0.41864643096923826,1,0,0.035148765332996844,0,0,0.07813157252967358,0,0,0.8485847651958466,4,1,0.0053967613028362395,0,0
mol_33,15,0.02325449394993484,0,0,0.09381832787767053,0,0,0.406378810107708,2,0,0.009513477701693774,0,0,0.15373839708045126,0,0,0.7927570044994354,4,1,0.00430983908008784,0,0
mol_33,16,0.006257690628990531,0,0,0.055286746844649313,0,0,0.12307643815875054,0,0,4.4504990910354536e-05,0,0,0.3227784663438797,1,0,0.00014524665184580953,0,0,0.0008325619897959768,0,0
mol_33,17,0.015382742532528937,0,0,0.0016054732026532293,0,0,0.06745121330022812,0,0,7.69131220295094e-05,0,0,0.5954209595918656,4,1,0.0033138043974759055,0,0,0.00024122088798321782,0,0
mol_33,18,0.01359011793974787,0,0,0.1503970805904828,0,0,0.07483045216649771,0,0,0.00019136705304845236,0,0,0.4792319893836975,2,0,0.00014531220149365253,0,0,0.0004916649530059658,0,0
mol_33,19,0.004820114083122462,0,0,0.20324235344305636,1,0,0.052233653515577315,0,0,0.00017644962890699388,0,0,0.6204994022846222,4,1,0.00023085184343472065,0,0,0.00263687002043298,0,0
mol_33,20,0.01597369103692472,0,0,0.8952453970909119,5,1,0.22560953497886657,0,0,0.001801123667974025,0,0,0.22813006713986397,1,0,0.0015430913219461218,0,0,0.003360557713313028,0,0
mol_33,21,0.009716618363745511,0,0,0.9027412891387939,5,1,0.22136442810297013,0,0,0.0024509469949407503,0,0,0.08358689537271857,0,0,9.842269928412861e-05,0,0,0.9064441442489624,5,1
mol_33,22,0.027091989712789654,0,0,0.0024660178525664376,0,0,0.07436265684664249,0,0,0.0012286753568332641,0,0,0.21771668940782546,1,0,0.005996599222999066,0,0,0.00015439537091879174,0,0
mol_33,23,0.10995335392653942,0,0,0.0716835705563426,0,0,0.2702929824590683,0,0,0.011335399805102498,0,0,0.4420620620250702,2,0,0.054055247083306314,0,0,0.00244318707691491,0,0
mol_33,24,0.07568982653319836,0,0,0.6435672581195832,4,1,0.1411033734679222,0,0,0.02968017100356519,0,0,0.616679334640503,5,1,0.5790544092655182,3,1,0.0063049921067431566,0,0
mol_33,25,0.5736154794692994,4,1,0.0568465530872345,0,0,0.1885936126112938,0,0,0.11389204915612935,0,0,0.024468024633824824,0,0,0.0850067459512502,0,0,0.0010383003700553672,0,0
mol_33,26,0.026992106810212135,0,0,0.1860961750149727,0,0,0.18852225244045256,0,0,0.008562326076207683,0,0,0.007318270136602223,0,0,0.00915834535844624,0,0,0.014301008079200983,0,0
mol_33,27,0.44631763696670534,2,0,0.07468851655721664,0,0,0.16671425178647042,0,0,0.03824406047351658,0,0,0.09629089664667845,0,0,0.003935795882716775,0,0,0.0006079844722989946,0,0
mol_33,28,0.344157937169075,0,0,0.024833264574408532,0,0,0.11218112856149673,0,0,0.02334557549620513,0,0,0.07827692516148091,0,0,0.12359387874603271,0,0,0.0002579227848400478,0,0
mol_33,29,0.03231730777770281,0,0,0.9431412696838379,5,1,0.46794381737709045,2,0,0.01912730240728706,0,0,0.572596549987793,3,1,0.008644068983267061,0,0,0.9732671260833741,5,1
mol_33,30,0.07590380981564522,0,0,0.9884613275527954,5,1,0.28547838926315305,0,0,0.0701593305915594,0,0,0.8177838802337647,5,1,0.002073140308493748,0,0,0.9919537425041198,5,1
mol_38,1,0.026003738306462763,0,0,0.42174753844738005,2,0,0.2806162089109421,0,0,0.0012717470952338771,0,0,0.4432564198970795,0,0,0.00018737657965175458,0,0,0.002680040817358531,0,0
mol_38,2,0.15812487341463566,0,0,0.2527154177427292,1,0,0.6198951467871666,4,1,0.007083529280498624,0,0,0.953409469127655,5,1,0.006387081809225492,0,0,0.0181435912149027,0,0
mol_38,3,0.1576629590243101,0,0,0.243099083006382,1,0,0.6068714633584023,4,1,0.006477755750529468,0,0,0.9451722145080567,5,1,0.006258585628529545,0,0,0.015192321967333555,0,0
mol_38,4,0.034377775713801385,0,0,0.14535414278507233,0,0,0.406546089053154,2,0,0.019929606281220914,0,0,0.5482841789722442,2,0,0.0010202580830082296,0,0,0.0014099965905188584,0,0
mol_38,5,0.13091869205236434,0,0,0.037606405466794966,0,0,0.5862665593624115,4,1,0.007574515976011753,0,0,0.9066148400306702,5,1,0.007212467402860056,0,0,0.0014012628002092243,0,0
mol_38,6,0.08966735452413559,0,0,0.16143132001161575,0,0,0.6335646063089371,4,1,0.010242052120156586,0,0,0.8987726926803589,5,1,0.031790607841685414,0,0,0.00932779568247497,0,0
mol_38,7,0.0328658364713192,0,0,0.2911882549524307,0,0,0.3912616342306137,2,0,0.04732375256717205,0,0,0.6132081985473633,3,1,0.0014735211268998682,0,0,0.002872571948682889,0,0
mol_38,8,0.14236353039741517,0,0,0.9809206128120422,5,1,0.6817842900753022,4,1,0.09353005886077881,0,0,0.5307003080844879,3,1,0.0015798823791556061,0,0,0.9937171220779419,5,1
mol_38,9,0.029534006118774415,0,0,0.4103279411792755,1,0,0.24987425804138183,0,0,0.001354878719575936,0,0,0.4298342764377594,0,0,0.0003301587984424259,0,0,0.0024850450194207952,0,0
mol_38,10,0.12813329361379147,0,0,0.02513387184590101,0,0,0.36649230867624283,1,0,0.000697082866099663,0,0,0.5836506605148315,4,1,0.0004299449657992227,0,0,0.00023924500637804159,0,0
mol_38,11,0.01941415425390005,0,0,0.015594486193731428,0,0,0.08970226012170315,0,0,0.00014264627388911323,0,0,0.5627591490745545,4,1,0.00022900963922438676,0,0,0.00015119494892132935,0,0
mol_38,12,0.6926647335290909,4,1,0.2986563192680478,1,0,0.25971082895994185,0,0,0.019657294172793625,0,0,0.3988544702529907,1,0,0.0030555939782061616,0,0,0.002238900733937044,0,0
mol_38,13,0.0014526690065395087,0,0,0.010948902508243919,0,0,0.04998500719666481,0,0,2.956728503704653e-05,0,0,0.27778432667255404,1,0,4.773333059802098e-05,0,0,0.0001409651835274417,0,0
mol_38,14,0.0285143094137311,0,0,0.33626991510391235,2,0,0.1511309415102005,0,0,0.0016419752821093426,0,0,0.49179306626319885,2,0,0.00025051213197002653,0,0,0.0008307591662742198,0,0
mol_38,15,0.03654984831809997,0,0,0.7460404098033905,4,1,0.31814598441123965,1,0,0.010563730192370713,0,0,0.7161399722099304,5,1,0.1160945900133811,0,0,0.013242118246853351,0,0
mol_38,16,0.809170413017273,5,1,0.10993498153984546,0,0,0.27774458527565005,0,0,0.7135582149028779,4,1,0.012998334027361124,0,0,0.006607105839066207,0,0,0.0028905586310429498,0,0
mol_38,17,0.023681981954723597,0,0,0.06091430415399372,0,0,0.1887531340122223,0,0,0.01763231372460723,0,0,0.015635239088442176,0,0,0.012284186494071037,0,0,0.004980706342030317,0,0
mol_38,18,0.877466881275177,5,1,0.10801707096397876,0,0,0.2530418738722801,0,0,0.2444416031241417,0,0,0.0586522160563618,0,0,0.0236912453649893,0,0,0.0033083023605286143,0,0
mol_38,19,0.12460962161421776,0,0,0.9703492283821106,5,1,0.6964948773384094,5,1,0.058689636364579204,0,0,0.4626040518283844,2,0,0.0010343550296965987,0,0,0.9900810480117798,5,1
mol_38,20,0.02615106664597988,0,0,0.4168353915214539,2,0,0.28180875778198244,0,0,0.0012717937603156314,0,0,0.4417064607143402,0,0,0.0001876115382401622,0,0,0.0026838119752937927,0,0
mol_41,1,0.23121654689311982,1,0,0.9626514196395874,5,1,0.32382179498672486,0,0,0.016781895607709884,0,0,0.853364908695221,5,1,0.0043597258219961075,0,0,0.0045272006653249265,0,0
mol_41,2,0.18061680123209953,0,0,0.9527829766273499,5,1,0.3162781924009323,0,0,0.06350715341977775,0,0,0.7553310036659241,5,1,0.013527647205046378,0,0,0.012004529917612672,0,0
mol_41,3,0.47535272538661955,3,1,0.571988168079406,4,1,0.5443291559815406,4,1,0.1543767207302153,1,0,0.30142104998230934,1,0,0.6329159889370203,4,1,0.01884611208442948,0,0
mol_41,4,0.017835595179349184,0,0,0.04743888210505247,0,0,0.6535243451595306,4,1,0.06549809090793132,0,0,0.13055757917463778,0,0,0.9317153573036194,5,1,0.00554772790055722,0,0
mol_41,5,0.026248984411358832,0,0,0.21252508759498595,1,0,0.5961046695709229,3,1,0.10024012252688408,0,0,0.1299651339650154,0,0,0.9478037476539611,5,1,0.009026748733595014,0,0
mol_41,6,0.4661131024360657,3,1,0.14821356255561113,0,0,0.5506502002477646,4,1,0.38706829473376275,2,0,0.050159072736278176,0,0,0.5920126106590032,3,1,0.01759854722113232,0,0
mol_41,7,0.04479350745677948,0,0,0.07882034592330456,0,0,0.29914599359035493,1,0,0.0410596133209765,0,0,0.008302404382266104,0,0,0.048997906409204005,0,0,0.024899544566869734,0,0
mol_41,8,0.6398257672786712,3,1,0.39320918880403044,2,0,0.42512154430150983,2,0,0.1652948936447501,1,0,0.03650486054830253,0,0,0.0039697109459666535,0,0,0.008222512737847864,0,0
mol_41,9,0.022016467340290547,0,0,0.03914824845269323,0,0,0.600245988368988,4,1,0.02989043453708291,0,0,0.06221049083396792,0,0,0.5943856110796333,3,1,0.049258723855018616,0,0
mol_41,10,0.0210606443695724,0,0,0.018626686814241112,0,0,0.44510576128959656,2,0,0.02812079694122076,0,0,0.0436813248321414,0,0,0.7585087835788726,4,1,0.01423656577244401,0,0
mol_41,11,0.2880057290196419,1,0,0.9572348475456238,5,1,0.22219934761524202,0,0,0.09328284417279065,0,0,0.6975247204303742,4,1,0.0023009046679362656,0,0,0.8009440779685975,4,1
mol_41,12,0.3782917559146881,1,0,0.9633072137832641,5,1,0.20991378128528596,0,0,0.08055435232818127,0,0,0.8968594431877136,5,1,0.001174780644942075,0,0,0.9609278559684753,5,1
mol_51,1,0.12482135742902756,0,0,0.23938390612602234,0,0,0.7083670616149902,5,1,0.022089402284473182,0,0,0.9508880376815796,5,1,0.041529972851276395,0,0,0.042794807069003585,0,0
mol_51,2,0.06722617745399476,0,0,0.03672083932906389,0,0,0.5174072712659836,3,1,0.11401270689675584,0,0,0.734913444519043,5,1,0.005530587304383517,0,0,0.004694885901335511,0,0
mol_51,3,0.12482135742902756,0,0,0.23938390612602234,0,0,0.7083670616149902,5,1,0.022089402284473182,0,0,0.9508880376815796,5,1,0.041529972851276395,0,0,0.042794807069003585,0,0
mol_51,4,0.026120234467089175,0,0,0.47773574888706205,2,0,0.6851886570453644,4,1,0.09811774361878633,0,0,0.9164902806282044,5,1,0.07945456486195326,0,0,0.02135240798816085,0,0
mol_51,5,0.028818779066205023,0,0,0.4210045993328094,1,0,0.6574105560779572,4,1,0.03819834459573031,0,0,0.8951287984848022,5,1,0.0816052172333002,0,0,0.12624639011919497,0,0
mol_51,6,0.026120234467089175,0,0,0.47773574888706205,2,0,0.6851886570453644,4,1,0.09811774361878633,0,0,0.9164902806282044,5,1,0.07945456486195326,0,0,0.02135240798816085,0,0
mol_51,7,0.14977120608091354,0,0,0.951101279258728,5,1,0.7874514043331147,4,1,0.11948918625712394,0,0,0.9103934526443481,5,1,0.04068651581183076,0,0,0.9771595239639282,5,1
mol_51,8,0.1316890075802803,0,0,0.9401041507720947,5,1,0.8153099894523621,5,1,0.10452075693756342,0,0,0.9176507711410522,5,1,0.04391455091536045,0,0,0.9689919114112854,5,1
mol_51,9,0.14977120608091354,0,0,0.951101279258728,5,1,0.7874514043331147,4,1,0.11948918625712394,0,0,0.9103934526443481,5,1,0.04068651581183076,0,0,0.9771595239639282,5,1
mol_51,10,0.15483662337064744,0,0,0.9898998618125916,5,1,0.28985259830951693,0,0,0.4297623187303543,2,0,0.4608787715435028,1,0,0.010198550496716053,0,0,0.03201672621071339,0,0
mol_51,11,0.2757961690425873,0,0,0.9520385146141053,5,1,0.18483152836561204,0,0,0.3207456260919571,0,0,0.41438008546829225,2,0,0.01248534123878926,0,0,0.022067848406732083,0,0
mol_51,12,0.2757961690425873,0,0,0.9520385146141053,5,1,0.18483152836561204,0,0,0.3207456260919571,0,0,0.41438008546829225,2,0,0.01248534123878926,0,0,0.022067848406732083,0,0
mol_54,1,0.010123832989484072,0,0,0.030898360535502434,0,0,0.14502086490392685,0,0,0.005616281949914992,0,0,0.09954835288226604,0,0,0.006643861287739128,0,0,0.0018108380507328547,0,0
mol_54,2,0.01775348335504532,0,0,0.7629603624343873,5,1,0.29014148116111754,0,0,0.08617953574284912,0,0,0.7339428067207336,5,1,0.003988133103121072,0,0,0.12522037774324418,0,0
mol_54,3,0.017020360007882117,0,0,0.06693407595157623,0,0,0.46550566256046294,2,0,0.25968751311302185,0,0,0.1993592672049999,0,0,0.004038434103131294,0,0,0.04671528115868569,0,0
mol_54,4,0.01775348335504532,0,0,0.7629603624343873,5,1,0.29014148116111754,0,0,0.08617953574284912,0,0,0.7339428067207336,5,1,0.003988133103121072,0,0,0.12522037774324418,0,0
mol_54,5,0.010123832989484072,0,0,0.030898360535502434,0,0,0.14502086490392685,0,0,0.005616281949914992,0,0,0.09954835288226604,0,0,0.006643861287739128,0,0,0.0018108380507328547,0,0
mol_54,6,0.04070821441709995,0,0,0.009476311784237624,0,0,0.1082815632224083,0,0,0.0010281780734658242,0,0,0.03408471937291324,0,0,0.029962432890897617,0,0,0.0004473730345125659,0,0
mol_54,7,0.08144361227750778,0,0,0.0027049237862229345,0,0,0.06933551654219627,0,0,0.001390829071169719,0,0,0.42642953880131246,2,0,0.0402936358936131,0,0,0.00043373201915528623,0,0
mol_54,8,0.012974524311721325,0,0,0.0014638376887887716,0,0,0.055541856586933135,0,0,0.0002447621628562047,0,0,0.025869646621868015,0,0,0.0072109657630790025,0,0,1.672724392847158e-05,0,0
mol_54,9,0.13701243381947278,0,0,0.00803038184531033,0,0,0.14451452791690828,0,0,0.00365911565895658,0,0,0.29355822056531905,1,0,0.00909076347015798,0,0,0.0002879239039430104,0,0
mol_54,10,0.03261553309857845,0,0,0.3638090521097183,0,0,0.21486302167177201,0,0,0.006584459648001939,0,0,0.3615082710981369,0,0,0.00764358825981617,0,0,0.008283745613880455,0,0
mol_54,11,0.04371287040412426,0,0,0.08912275731563568,0,0,0.5023150742053986,2,0,0.475107142329216,3,1,0.4779989689588547,2,0,0.009011352551169693,0,0,0.03323473054915667,0,0
mol_54,12,0.0872056946158409,0,0,0.614430719614029,4,1,0.24226993322372437,0,0,0.02703363187611103,0,0,0.5915664672851563,4,1,0.003547060687560588,0,0,0.052665810519829395,0,0
mol_54,13,0.08045544289052486,0,0,0.06624796353280545,0,0,0.1920123055577278,0,0,0.005650773324305192,0,0,0.12794434130191804,0,0,0.0007551182832685299,0,0,0.0005310298933181911,0,0
mol_54,14,0.08012066669762134,0,0,0.014058937691152096,0,0,0.0818749126046896,0,0,0.0002940320920970407,0,0,0.11516839005053044,0,0,0.006904713076073677,0,0,0.00010102984742843546,0,0
mol_54,15,0.07835646755993367,0,0,0.007066631386987865,0,0,0.046080194786190985,0,0,0.0006935320459888316,0,0,0.4351575016975403,2,0,0.003833020565798506,0,0,9.838101868808735e-05,0,0
mol_54,16,0.3377634257078171,1,0,0.9877987980842591,5,1,0.6697062969207763,5,1,0.373791778087616,1,0,0.532934033870697,3,1,0.0014077808940783144,0,0,0.9949665427207947,5,1
mol_54,17,0.004270587814971805,0,0,0.001404701577848755,0,0,0.06904690265655518,0,0,0.00014969750918680802,0,0,0.001197069211048074,0,0,0.0005500095125171356,0,0,0.00011502080396894599,0,0
mol_54,18,0.20730038583278657,0,0,0.9878768563270569,5,1,0.6203773319721222,4,1,0.23898488879203797,0,0,0.33533710837364195,0,0,0.0011275481374468654,0,0,0.9955373406410217,5,1
