molecule;smiles;atom_idx;atom_symbol;kcf_type;som_score;molecola;indice_atomo;prob_mean;n_voti_positivi;y_pred_ensemble;mol_id;atom_id;input_text;input_smiles;preprocessed_smiles;prediction;prediction_binary;fame_score;shannon_entropy;Structure;Atom_Idx;Atom_Symbol;Ground_Truth
mol_2;c1ccc2c(c1)c(=O)c(c(o2)c3ccc(cc3)O)O;0;C;C8x;0,010972;mol_2;0;0,0047375013586133;0;0;2;0;c1ccc2c(c1)c(=O)c(c(o2)c3ccc(cc3)O)O;O=c1c(O)c(-c2ccc(O)cc2)oc2ccccc12;O=c1c(O)c(-c2ccc(O)cc2)oc2ccccc12;0,0;False;1,0;0,0;c1ccc2c(c1)c(=O)c(c(o2)c3ccc(cc3)O)O;0;C;0
mol_2;c1ccc2c(c1)c(=O)c(c(o2)c3ccc(cc3)O)O;1;C;C8x;0,00372;mol_2;1;0,0047360263299196;0;0;2;1;c1ccc2c(c1)c(=O)c(c(o2)c3ccc(cc3)O)O;O=c1c(O)c(-c2ccc(O)cc2)oc2ccccc12;O=c1c(O)c(-c2ccc(O)cc2)oc2ccccc12;0,004;False;0,962962963;0,03762236;c1ccc2c(c1)c(=O)c(c(o2)c3ccc(cc3)O)O;1;C;0
mol_2;c1ccc2c(c1)c(=O)c(c(o2)c3ccc(cc3)O)O;2;C;C8x;0,015788;mol_2;2;0,0045306071173399;0;0;2;2;c1ccc2c(c1)c(=O)c(c(o2)c3ccc(cc3)O)O;O=c1c(O)c(-c2ccc(O)cc2)oc2ccccc12;O=c1c(O)c(-c2ccc(O)cc2)oc2ccccc12;0,012;False;0,98245614;0,09377791;c1ccc2c(c1)c(=O)c(c(o2)c3ccc(cc3)O)O;2;C;0
mol_2;c1ccc2c(c1)c(=O)c(c(o2)c3ccc(cc3)O)O;3;C;C8y;0,006945;mol_2;3;0,0046651125419884;0;0;2;3;c1ccc2c(c1)c(=O)c(c(o2)c3ccc(cc3)O)O;O=c1c(O)c(-c2ccc(O)cc2)oc2ccccc12;O=c1c(O)c(-c2ccc(O)cc2)oc2ccccc12;0,516;True;1,0;0,999261214;c1ccc2c(c1)c(=O)c(c(o2)c3ccc(cc3)O)O;3;C;0
mol_2;c1ccc2c(c1)c(=O)c(c(o2)c3ccc(cc3)O)O;4;C;C8y;0,014131;mol_2;4;0,0045793923083692;0;0;2;4;c1ccc2c(c1)c(=O)c(c(o2)c3ccc(cc3)O)O;O=c1c(O)c(-c2ccc(O)cc2)oc2ccccc12;O=c1c(O)c(-c2ccc(O)cc2)oc2ccccc12;0,004;False;0,964912281;0,03762236;c1ccc2c(c1)c(=O)c(c(o2)c3ccc(cc3)O)O;4;C;0
mol_2;c1ccc2c(c1)c(=O)c(c(o2)c3ccc(cc3)O)O;5;C;C8x;0,004295;mol_2;5;0,0044495546724647;0;0;2;5;c1ccc2c(c1)c(=O)c(c(o2)c3ccc(cc3)O)O;O=c1c(O)c(-c2ccc(O)cc2)oc2ccccc12;O=c1c(O)c(-c2ccc(O)cc2)oc2ccccc12;0,0;False;0,964912281;0,0;c1ccc2c(c1)c(=O)c(c(o2)c3ccc(cc3)O)O;5;C;0
mol_2;c1ccc2c(c1)c(=O)c(c(o2)c3ccc(cc3)O)O;6;C;C8y;0,244952;mol_2;6;0,0060365899465978;0;0;2;6;c1ccc2c(c1)c(=O)c(c(o2)c3ccc(cc3)O)O;O=c1c(O)c(-c2ccc(O)cc2)oc2ccccc12;O=c1c(O)c(-c2ccc(O)cc2)oc2ccccc12;0,0;False;0,960784314;0,0;c1ccc2c(c1)c(=O)c(c(o2)c3ccc(cc3)O)O;6;C;0
mol_2;c1ccc2c(c1)c(=O)c(c(o2)c3ccc(cc3)O)O;7;O;O5x;0,094841;mol_2;7;0,0064224991947412;0;0;2;7;c1ccc2c(c1)c(=O)c(c(o2)c3ccc(cc3)O)O;O=c1c(O)c(-c2ccc(O)cc2)oc2ccccc12;O=c1c(O)c(-c2ccc(O)cc2)oc2ccccc12;0,0;False;0,928571429;0,0;c1ccc2c(c1)c(=O)c(c(o2)c3ccc(cc3)O)O;7;O;0
mol_2;c1ccc2c(c1)c(=O)c(c(o2)c3ccc(cc3)O)O;8;C;C8y;0,488724;mol_2;8;0,0144997746683657;0;0;2;8;c1ccc2c(c1)c(=O)c(c(o2)c3ccc(cc3)O)O;O=c1c(O)c(-c2ccc(O)cc2)oc2ccccc12;O=c1c(O)c(-c2ccc(O)cc2)oc2ccccc12;0,0;False;0,909090909;0,0;c1ccc2c(c1)c(=O)c(c(o2)c3ccc(cc3)O)O;8;C;0
mol_2;c1ccc2c(c1)c(=O)c(c(o2)c3ccc(cc3)O)O;9;C;C8y;0,148928;mol_2;9;0,0073911923915147;0;0;2;9;c1ccc2c(c1)c(=O)c(c(o2)c3ccc(cc3)O)O;O=c1c(O)c(-c2ccc(O)cc2)oc2ccccc12;O=c1c(O)c(-c2ccc(O)cc2)oc2ccccc12;0,964;True;1,0;0,223641664;c1ccc2c(c1)c(=O)c(c(o2)c3ccc(cc3)O)O;9;C;0
mol_2;c1ccc2c(c1)c(=O)c(c(o2)c3ccc(cc3)O)O;10;O;O2x;0,057322;mol_2;10;0,0048147702589631;0;0;2;10;c1ccc2c(c1)c(=O)c(c(o2)c3ccc(cc3)O)O;O=c1c(O)c(-c2ccc(O)cc2)oc2ccccc12;O=c1c(O)c(-c2ccc(O)cc2)oc2ccccc12;0,0;False;0,928571429;0,0;c1ccc2c(c1)c(=O)c(c(o2)c3ccc(cc3)O)O;10;O;0
mol_2;c1ccc2c(c1)c(=O)c(c(o2)c3ccc(cc3)O)O;11;C;C8y;0,015753;mol_2;11;0,0046635515987873;0;0;2;11;c1ccc2c(c1)c(=O)c(c(o2)c3ccc(cc3)O)O;O=c1c(O)c(-c2ccc(O)cc2)oc2ccccc12;O=c1c(O)c(-c2ccc(O)cc2)oc2ccccc12;0,0;False;0,960784314;0,0;c1ccc2c(c1)c(=O)c(c(o2)c3ccc(cc3)O)O;11;C;0
mol_2;c1ccc2c(c1)c(=O)c(c(o2)c3ccc(cc3)O)O;12;C;C8x;0,0348;mol_2;12;0,0045412683393806;0;0;2;12;c1ccc2c(c1)c(=O)c(c(o2)c3ccc(cc3)O)O;O=c1c(O)c(-c2ccc(O)cc2)oc2ccccc12;O=c1c(O)c(-c2ccc(O)cc2)oc2ccccc12;0,004;False;0,949122807;0,03762236;c1ccc2c(c1)c(=O)c(c(o2)c3ccc(cc3)O)O;12;C;0
mol_2;c1ccc2c(c1)c(=O)c(c(o2)c3ccc(cc3)O)O;13;C;C8x;0,08103;mol_2;13;0,0127398676238954;0;0;2;13;c1ccc2c(c1)c(=O)c(c(o2)c3ccc(cc3)O)O;O=c1c(O)c(-c2ccc(O)cc2)oc2ccccc12;O=c1c(O)c(-c2ccc(O)cc2)oc2ccccc12;0,004;False;0,981481481;0,03762236;c1ccc2c(c1)c(=O)c(c(o2)c3ccc(cc3)O)O;13;C;0
mol_2;c1ccc2c(c1)c(=O)c(c(o2)c3ccc(cc3)O)O;14;C;C8y;0,013397;mol_2;14;0,0150699939578771;0;0;2;14;c1ccc2c(c1)c(=O)c(c(o2)c3ccc(cc3)O)O;O=c1c(O)c(-c2ccc(O)cc2)oc2ccccc12;O=c1c(O)c(-c2ccc(O)cc2)oc2ccccc12;0,008;False;0,958333333;0,067221545;c1ccc2c(c1)c(=O)c(c(o2)c3ccc(cc3)O)O;14;C;0
mol_2;c1ccc2c(c1)c(=O)c(c(o2)c3ccc(cc3)O)O;15;C;C8x;0,066045;mol_2;15;0,0127398676238954;0;0;2;15;c1ccc2c(c1)c(=O)c(c(o2)c3ccc(cc3)O)O;O=c1c(O)c(-c2ccc(O)cc2)oc2ccccc12;O=c1c(O)c(-c2ccc(O)cc2)oc2ccccc12;0,0;False;0,948717949;0,0;c1ccc2c(c1)c(=O)c(c(o2)c3ccc(cc3)O)O;15;C;0
mol_2;c1ccc2c(c1)c(=O)c(c(o2)c3ccc(cc3)O)O;16;C;C8x;0,040912;mol_2;16;0,0045412683393806;0;0;2;16;c1ccc2c(c1)c(=O)c(c(o2)c3ccc(cc3)O)O;O=c1c(O)c(-c2ccc(O)cc2)oc2ccccc12;O=c1c(O)c(-c2ccc(O)cc2)oc2ccccc12;0,0;False;0,948717949;0,0;c1ccc2c(c1)c(=O)c(c(o2)c3ccc(cc3)O)O;16;C;0
mol_2;c1ccc2c(c1)c(=O)c(c(o2)c3ccc(cc3)O)O;17;O;O1a;0,221635;mol_2;17;0,989715838432312;5;1;2;17;c1ccc2c(c1)c(=O)c(c(o2)c3ccc(cc3)O)O;O=c1c(O)c(-c2ccc(O)cc2)oc2ccccc12;O=c1c(O)c(-c2ccc(O)cc2)oc2ccccc12;0,004;False;0,952380952;0,03762236;c1ccc2c(c1)c(=O)c(c(o2)c3ccc(cc3)O)O;17;O;1
mol_2;c1ccc2c(c1)c(=O)c(c(o2)c3ccc(cc3)O)O;18;O;O1a;0,662514;mol_2;18;0,9894314765930176;5;1;2;18;c1ccc2c(c1)c(=O)c(c(o2)c3ccc(cc3)O)O;O=c1c(O)c(-c2ccc(O)cc2)oc2ccccc12;O=c1c(O)c(-c2ccc(O)cc2)oc2ccccc12;0,0;False;0,979166667;0,0;c1ccc2c(c1)c(=O)c(c(o2)c3ccc(cc3)O)O;18;O;0
mol_16;COc1cc(ccc1O)C=C/C(=C/C(=O)C=Cc2ccc(c(c2)OC)O)/O;0;C;C1a;0,132997;mol_16;0;0,0049216144252568;0;0;16;0;COc1cc(ccc1O)C=C/C(=C/C(=O)C=Cc2ccc(c(c2)OC)O)/O;COc1cc(C=CC(=O)/C=C(\O)C=Cc2ccc(O)c(OC)c2)ccc1O;COc1cc(C=CC(=O)/C=C(\O)C=Cc2ccc(O)c(OC)c2)ccc1O;0,0;False;1,0;0,0;COc1cc(ccc1O)C=C/C(=C/C(=O)C=Cc2ccc(c(c2)OC)O)/O;0;C;0
mol_16;COc1cc(ccc1O)C=C/C(=C/C(=O)C=Cc2ccc(c(c2)OC)O)/O;1;O;O2a;0,109382;mol_16;1;0,0062135838903486;0;0;16;1;COc1cc(ccc1O)C=C/C(=C/C(=O)C=Cc2ccc(c(c2)OC)O)/O;COc1cc(C=CC(=O)/C=C(\O)C=Cc2ccc(O)c(OC)c2)ccc1O;COc1cc(C=CC(=O)/C=C(\O)C=Cc2ccc(O)c(OC)c2)ccc1O;0,0;False;1,0;0,0;COc1cc(ccc1O)C=C/C(=C/C(=O)C=Cc2ccc(c(c2)OC)O)/O;1;O;0
mol_16;COc1cc(ccc1O)C=C/C(=C/C(=O)C=Cc2ccc(c(c2)OC)O)/O;2;C;C8y;0,006604;mol_16;2;0,0067153585143387;0;0;16;2;COc1cc(ccc1O)C=C/C(=C/C(=O)C=Cc2ccc(c(c2)OC)O)/O;COc1cc(C=CC(=O)/C=C(\O)C=Cc2ccc(O)c(OC)c2)ccc1O;COc1cc(C=CC(=O)/C=C(\O)C=Cc2ccc(O)c(OC)c2)ccc1O;0,0;False;1,0;0,0;COc1cc(ccc1O)C=C/C(=C/C(=O)C=Cc2ccc(c(c2)OC)O)/O;2;C;0
mol_16;COc1cc(ccc1O)C=C/C(=C/C(=O)C=Cc2ccc(c(c2)OC)O)/O;3;C;C8x;0,010747;mol_16;3;0,0053635948337614;0;0;16;3;COc1cc(ccc1O)C=C/C(=C/C(=O)C=Cc2ccc(c(c2)OC)O)/O;COc1cc(C=CC(=O)/C=C(\O)C=Cc2ccc(O)c(OC)c2)ccc1O;COc1cc(C=CC(=O)/C=C(\O)C=Cc2ccc(O)c(OC)c2)ccc1O;0,0;False;0,911111111;0,0;COc1cc(ccc1O)C=C/C(=C/C(=O)C=Cc2ccc(c(c2)OC)O)/O;3;C;0
mol_16;COc1cc(ccc1O)C=C/C(=C/C(=O)C=Cc2ccc(c(c2)OC)O)/O;4;C;C8y;0,022101;mol_16;4;0,0046781608369201;0;0;16;4;COc1cc(ccc1O)C=C/C(=C/C(=O)C=Cc2ccc(c(c2)OC)O)/O;COc1cc(C=CC(=O)/C=C(\O)C=Cc2ccc(O)c(OC)c2)ccc1O;COc1cc(C=CC(=O)/C=C(\O)C=Cc2ccc(O)c(OC)c2)ccc1O;0,0;False;0,913888889;0,0;COc1cc(ccc1O)C=C/C(=C/C(=O)C=Cc2ccc(c(c2)OC)O)/O;4;C;0
mol_16;COc1cc(ccc1O)C=C/C(=C/C(=O)C=Cc2ccc(c(c2)OC)O)/O;5;C;C8x;0,01175;mol_16;5;0,0045469078235328;0;0;16;5;COc1cc(ccc1O)C=C/C(=C/C(=O)C=Cc2ccc(c(c2)OC)O)/O;COc1cc(C=CC(=O)/C=C(\O)C=Cc2ccc(O)c(OC)c2)ccc1O;COc1cc(C=CC(=O)/C=C(\O)C=Cc2ccc(O)c(OC)c2)ccc1O;0,004;False;0,890608875;0,03762236;COc1cc(ccc1O)C=C/C(=C/C(=O)C=Cc2ccc(c(c2)OC)O)/O;5;C;0
mol_16;COc1cc(ccc1O)C=C/C(=C/C(=O)C=Cc2ccc(c(c2)OC)O)/O;6;C;C8x;0,038404;mol_16;6;0,0129030367359519;0;0;16;6;COc1cc(ccc1O)C=C/C(=C/C(=O)C=Cc2ccc(c(c2)OC)O)/O;COc1cc(C=CC(=O)/C=C(\O)C=Cc2ccc(O)c(OC)c2)ccc1O;COc1cc(C=CC(=O)/C=C(\O)C=Cc2ccc(O)c(OC)c2)ccc1O;0,0;False;0,905092593;0,0;COc1cc(ccc1O)C=C/C(=C/C(=O)C=Cc2ccc(c(c2)OC)O)/O;6;C;0
mol_16;COc1cc(ccc1O)C=C/C(=C/C(=O)C=Cc2ccc(c(c2)OC)O)/O;7;C;C8y;0,008708;mol_16;7;0,0160952629521489;0;0;16;7;COc1cc(ccc1O)C=C/C(=C/C(=O)C=Cc2ccc(c(c2)OC)O)/O;COc1cc(C=CC(=O)/C=C(\O)C=Cc2ccc(O)c(OC)c2)ccc1O;COc1cc(C=CC(=O)/C=C(\O)C=Cc2ccc(O)c(OC)c2)ccc1O;0,008;False;0,921568627;0,067221545;COc1cc(ccc1O)C=C/C(=C/C(=O)C=Cc2ccc(c(c2)OC)O)/O;7;C;0
mol_16;COc1cc(ccc1O)C=C/C(=C/C(=O)C=Cc2ccc(c(c2)OC)O)/O;8;O;O1a;0,2026;mol_16;8;0,9895107269287108;5;1;16;8;COc1cc(ccc1O)C=C/C(=C/C(=O)C=Cc2ccc(c(c2)OC)O)/O;COc1cc(C=CC(=O)/C=C(\O)C=Cc2ccc(O)c(OC)c2)ccc1O;COc1cc(C=CC(=O)/C=C(\O)C=Cc2ccc(O)c(OC)c2)ccc1O;0,0;False;0,923076923;0,0;COc1cc(ccc1O)C=C/C(=C/C(=O)C=Cc2ccc(c(c2)OC)O)/O;8;O;0
mol_16;COc1cc(ccc1O)C=C/C(=C/C(=O)C=Cc2ccc(c(c2)OC)O)/O;9;C;C2b;0,033281;mol_16;9;0,0045137883163988;0;0;16;9;COc1cc(ccc1O)C=C/C(=C/C(=O)C=Cc2ccc(c(c2)OC)O)/O;COc1cc(C=CC(=O)/C=C(\O)C=Cc2ccc(O)c(OC)c2)ccc1O;COc1cc(C=CC(=O)/C=C(\O)C=Cc2ccc(O)c(OC)c2)ccc1O;0,02;False;0,873015873;0,141440543;COc1cc(ccc1O)C=C/C(=C/C(=O)C=Cc2ccc(c(c2)OC)O)/O;9;C;0
mol_16;COc1cc(ccc1O)C=C/C(=C/C(=O)C=Cc2ccc(c(c2)OC)O)/O;10;C;C2b;0,08445;mol_16;10;0,0046894560102373;0;0;16;10;COc1cc(ccc1O)C=C/C(=C/C(=O)C=Cc2ccc(c(c2)OC)O)/O;COc1cc(C=CC(=O)/C=C(\O)C=Cc2ccc(O)c(OC)c2)ccc1O;COc1cc(C=CC(=O)/C=C(\O)C=Cc2ccc(O)c(OC)c2)ccc1O;0,016;False;0,921568627;0,118350011;COc1cc(ccc1O)C=C/C(=C/C(=O)C=Cc2ccc(c(c2)OC)O)/O;10;C;0
mol_16;COc1cc(ccc1O)C=C/C(=C/C(=O)C=Cc2ccc(c(c2)OC)O)/O;11;C;C2c;0,357568;mol_16;11;0,0063767917454242;0;0;16;11;COc1cc(ccc1O)C=C/C(=C/C(=O)C=Cc2ccc(c(c2)OC)O)/O;COc1cc(C=CC(=O)/C=C(\O)C=Cc2ccc(O)c(OC)c2)ccc1O;COc1cc(C=CC(=O)/C=C(\O)C=Cc2ccc(O)c(OC)c2)ccc1O;0,88;True;0,923076923;0,529360865;COc1cc(ccc1O)C=C/C(=C/C(=O)C=Cc2ccc(c(c2)OC)O)/O;11;C;0
mol_16;COc1cc(ccc1O)C=C/C(=C/C(=O)C=Cc2ccc(c(c2)OC)O)/O;12;C;C2b;0,253556;mol_16;12;0,0045240503270179;0;0;16;12;COc1cc(ccc1O)C=C/C(=C/C(=O)C=Cc2ccc(c(c2)OC)O)/O;COc1cc(C=CC(=O)/C=C(\O)C=Cc2ccc(O)c(OC)c2)ccc1O;COc1cc(C=CC(=O)/C=C(\O)C=Cc2ccc(O)c(OC)c2)ccc1O;0,012;False;0,905092593;0,09377791;COc1cc(ccc1O)C=C/C(=C/C(=O)C=Cc2ccc(c(c2)OC)O)/O;12;C;0
mol_16;COc1cc(ccc1O)C=C/C(=C/C(=O)C=Cc2ccc(c(c2)OC)O)/O;13;C;C5a;0,25301;mol_16;13;0,0045459269080311;0;0;16;13;COc1cc(ccc1O)C=C/C(=C/C(=O)C=Cc2ccc(c(c2)OC)O)/O;COc1cc(C=CC(=O)/C=C(\O)C=Cc2ccc(O)c(OC)c2)ccc1O;COc1cc(C=CC(=O)/C=C(\O)C=Cc2ccc(O)c(OC)c2)ccc1O;0,012;False;0,890608875;0,09377791;COc1cc(ccc1O)C=C/C(=C/C(=O)C=Cc2ccc(c(c2)OC)O)/O;13;C;0
mol_16;COc1cc(ccc1O)C=C/C(=C/C(=O)C=Cc2ccc(c(c2)OC)O)/O;14;O;O5a;0,038078;mol_16;14;0,0045220608823001;0;0;16;14;COc1cc(ccc1O)C=C/C(=C/C(=O)C=Cc2ccc(c(c2)OC)O)/O;COc1cc(C=CC(=O)/C=C(\O)C=Cc2ccc(O)c(OC)c2)ccc1O;COc1cc(C=CC(=O)/C=C(\O)C=Cc2ccc(O)c(OC)c2)ccc1O;0,0;False;0,913888889;0,0;COc1cc(ccc1O)C=C/C(=C/C(=O)C=Cc2ccc(c(c2)OC)O)/O;14;O;0
mol_16;COc1cc(ccc1O)C=C/C(=C/C(=O)C=Cc2ccc(c(c2)OC)O)/O;15;C;C2b;0,019245;mol_16;15;0,0042341508436948;0;0;16;15;COc1cc(ccc1O)C=C/C(=C/C(=O)C=Cc2ccc(c(c2)OC)O)/O;COc1cc(C=CC(=O)/C=C(\O)C=Cc2ccc(O)c(OC)c2)ccc1O;COc1cc(C=CC(=O)/C=C(\O)C=Cc2ccc(O)c(OC)c2)ccc1O;0,0;False;0,907936508;0,0;COc1cc(ccc1O)C=C/C(=C/C(=O)C=Cc2ccc(c(c2)OC)O)/O;15;C;0
mol_16;COc1cc(ccc1O)C=C/C(=C/C(=O)C=Cc2ccc(c(c2)OC)O)/O;16;C;C2b;0,006735;mol_16;16;0,0045288018882274;0;0;16;16;COc1cc(ccc1O)C=C/C(=C/C(=O)C=Cc2ccc(c(c2)OC)O)/O;COc1cc(C=CC(=O)/C=C(\O)C=Cc2ccc(O)c(OC)c2)ccc1O;COc1cc(C=CC(=O)/C=C(\O)C=Cc2ccc(O)c(OC)c2)ccc1O;0,0;False;1,0;0,0;COc1cc(ccc1O)C=C/C(=C/C(=O)C=Cc2ccc(c(c2)OC)O)/O;16;C;0
mol_16;COc1cc(ccc1O)C=C/C(=C/C(=O)C=Cc2ccc(c(c2)OC)O)/O;17;C;C8y;0,015884;mol_16;17;0,0046781608369201;0;0;16;17;COc1cc(ccc1O)C=C/C(=C/C(=O)C=Cc2ccc(c(c2)OC)O)/O;COc1cc(C=CC(=O)/C=C(\O)C=Cc2ccc(O)c(OC)c2)ccc1O;COc1cc(C=CC(=O)/C=C(\O)C=Cc2ccc(O)c(OC)c2)ccc1O;0,0;False;1,0;0,0;COc1cc(ccc1O)C=C/C(=C/C(=O)C=Cc2ccc(c(c2)OC)O)/O;17;C;0
mol_16;COc1cc(ccc1O)C=C/C(=C/C(=O)C=Cc2ccc(c(c2)OC)O)/O;18;C;C8x;0,012586;mol_16;18;0,0045469078235328;0;0;16;18;COc1cc(ccc1O)C=C/C(=C/C(=O)C=Cc2ccc(c(c2)OC)O)/O;COc1cc(C=CC(=O)/C=C(\O)C=Cc2ccc(O)c(OC)c2)ccc1O;COc1cc(C=CC(=O)/C=C(\O)C=Cc2ccc(O)c(OC)c2)ccc1O;0,112;False;1,0;0,505919244;COc1cc(ccc1O)C=C/C(=C/C(=O)C=Cc2ccc(c(c2)OC)O)/O;18;C;0
mol_16;COc1cc(ccc1O)C=C/C(=C/C(=O)C=Cc2ccc(c(c2)OC)O)/O;19;C;C8x;0,036268;mol_16;19;0,0129030367359519;0;0;16;19;COc1cc(ccc1O)C=C/C(=C/C(=O)C=Cc2ccc(c(c2)OC)O)/O;COc1cc(C=CC(=O)/C=C(\O)C=Cc2ccc(O)c(OC)c2)ccc1O;COc1cc(C=CC(=O)/C=C(\O)C=Cc2ccc(O)c(OC)c2)ccc1O;0,0;False;1,0;0,0;COc1cc(ccc1O)C=C/C(=C/C(=O)C=Cc2ccc(c(c2)OC)O)/O;19;C;0
mol_16;COc1cc(ccc1O)C=C/C(=C/C(=O)C=Cc2ccc(c(c2)OC)O)/O;20;C;C8y;0,013752;mol_16;20;0,0160952629521489;0;0;16;20;COc1cc(ccc1O)C=C/C(=C/C(=O)C=Cc2ccc(c(c2)OC)O)/O;COc1cc(C=CC(=O)/C=C(\O)C=Cc2ccc(O)c(OC)c2)ccc1O;COc1cc(C=CC(=O)/C=C(\O)C=Cc2ccc(O)c(OC)c2)ccc1O;0,0;False;1,0;0,0;COc1cc(ccc1O)C=C/C(=C/C(=O)C=Cc2ccc(c(c2)OC)O)/O;20;C;0
mol_16;COc1cc(ccc1O)C=C/C(=C/C(=O)C=Cc2ccc(c(c2)OC)O)/O;21;C;C8y;0,008602;mol_16;21;0,0067153585143387;0;0;16;21;COc1cc(ccc1O)C=C/C(=C/C(=O)C=Cc2ccc(c(c2)OC)O)/O;COc1cc(C=CC(=O)/C=C(\O)C=Cc2ccc(O)c(OC)c2)ccc1O;COc1cc(C=CC(=O)/C=C(\O)C=Cc2ccc(O)c(OC)c2)ccc1O;0,004;False;1,0;0,03762236;COc1cc(ccc1O)C=C/C(=C/C(=O)C=Cc2ccc(c(c2)OC)O)/O;21;C;0
mol_16;COc1cc(ccc1O)C=C/C(=C/C(=O)C=Cc2ccc(c(c2)OC)O)/O;22;C;C8x;0,008394;mol_16;22;0,0053635948337614;0;0;16;22;COc1cc(ccc1O)C=C/C(=C/C(=O)C=Cc2ccc(c(c2)OC)O)/O;COc1cc(C=CC(=O)/C=C(\O)C=Cc2ccc(O)c(OC)c2)ccc1O;COc1cc(C=CC(=O)/C=C(\O)C=Cc2ccc(O)c(OC)c2)ccc1O;0,0;False;0,907936508;0,0;COc1cc(ccc1O)C=C/C(=C/C(=O)C=Cc2ccc(c(c2)OC)O)/O;22;C;0
mol_16;COc1cc(ccc1O)C=C/C(=C/C(=O)C=Cc2ccc(c(c2)OC)O)/O;23;O;O2a;0,113336;mol_16;23;0,0062135838903486;0;0;16;23;COc1cc(ccc1O)C=C/C(=C/C(=O)C=Cc2ccc(c(c2)OC)O)/O;COc1cc(C=CC(=O)/C=C(\O)C=Cc2ccc(O)c(OC)c2)ccc1O;COc1cc(C=CC(=O)/C=C(\O)C=Cc2ccc(O)c(OC)c2)ccc1O;0,0;False;0,911111111;0,0;COc1cc(ccc1O)C=C/C(=C/C(=O)C=Cc2ccc(c(c2)OC)O)/O;23;O;0
mol_16;COc1cc(ccc1O)C=C/C(=C/C(=O)C=Cc2ccc(c(c2)OC)O)/O;24;C;C1a;0,124919;mol_16;24;0,0049216144252568;0;0;16;24;COc1cc(ccc1O)C=C/C(=C/C(=O)C=Cc2ccc(c(c2)OC)O)/O;COc1cc(C=CC(=O)/C=C(\O)C=Cc2ccc(O)c(OC)c2)ccc1O;COc1cc(C=CC(=O)/C=C(\O)C=Cc2ccc(O)c(OC)c2)ccc1O;0,0;False;1,0;0,0;COc1cc(ccc1O)C=C/C(=C/C(=O)C=Cc2ccc(c(c2)OC)O)/O;24;C;0
mol_16;COc1cc(ccc1O)C=C/C(=C/C(=O)C=Cc2ccc(c(c2)OC)O)/O;25;O;O1a;0,195116;mol_16;25;0,9895107269287108;5;1;16;25;COc1cc(ccc1O)C=C/C(=C/C(=O)C=Cc2ccc(c(c2)OC)O)/O;COc1cc(C=CC(=O)/C=C(\O)C=Cc2ccc(O)c(OC)c2)ccc1O;COc1cc(C=CC(=O)/C=C(\O)C=Cc2ccc(O)c(OC)c2)ccc1O;0,0;False;1,0;0,0;COc1cc(ccc1O)C=C/C(=C/C(=O)C=Cc2ccc(c(c2)OC)O)/O;25;O;1
mol_16;COc1cc(ccc1O)C=C/C(=C/C(=O)C=Cc2ccc(c(c2)OC)O)/O;26;O;O1a;0,073028;mol_16;26;0,0062599600758403;0;0;16;26;COc1cc(ccc1O)C=C/C(=C/C(=O)C=Cc2ccc(c(c2)OC)O)/O;COc1cc(C=CC(=O)/C=C(\O)C=Cc2ccc(O)c(OC)c2)ccc1O;COc1cc(C=CC(=O)/C=C(\O)C=Cc2ccc(O)c(OC)c2)ccc1O;0,128;False;1,0;0,551927553;COc1cc(ccc1O)C=C/C(=C/C(=O)C=Cc2ccc(c(c2)OC)O)/O;26;O;0
mol_24;CC(=O)OCCc1ccc(c(c1)O)O;0;C;C1a;0,009098;mol_24;0;0,0042617372469976;0;0;24;0;CC(=O)OCCc1ccc(c(c1)O)O;CC(=O)OCCc1ccc(O)c(O)c1;CC(=O)OCCc1ccc(O)c(O)c1;0,052;False;0,555555556;0,294832819;CC(=O)OCCc1ccc(c(c1)O)O;0;C;0
mol_24;CC(=O)OCCc1ccc(c(c1)O)O;1;C;C7a;0,320529;mol_24;1;0,0050146918278187;0;0;24;1;CC(=O)OCCc1ccc(c(c1)O)O;CC(=O)OCCc1ccc(O)c(O)c1;CC(=O)OCCc1ccc(O)c(O)c1;0,168;False;0,618686869;0,653109112;CC(=O)OCCc1ccc(c(c1)O)O;1;C;0
mol_24;CC(=O)OCCc1ccc(c(c1)O)O;2;O;O6a2;0,003365;mol_24;2;0,0047471017111092;0;0;24;2;CC(=O)OCCc1ccc(c(c1)O)O;CC(=O)OCCc1ccc(O)c(O)c1;CC(=O)OCCc1ccc(O)c(O)c1;0,012;False;0,75;0,09377791;CC(=O)OCCc1ccc(c(c1)O)O;2;O;0
mol_24;CC(=O)OCCc1ccc(c(c1)O)O;3;O;O7a1;0,55006;mol_24;3;0,0047301746439188;0;0;24;3;CC(=O)OCCc1ccc(c(c1)O)O;CC(=O)OCCc1ccc(O)c(O)c1;CC(=O)OCCc1ccc(O)c(O)c1;0,048;False;0,700854701;0,277839574;CC(=O)OCCc1ccc(c(c1)O)O;3;O;0
mol_24;CC(=O)OCCc1ccc(c(c1)O)O;4;C;C1b;0,23345;mol_24;4;0,0045507488772273;0;0;24;4;CC(=O)OCCc1ccc(c(c1)O)O;CC(=O)OCCc1ccc(O)c(O)c1;CC(=O)OCCc1ccc(O)c(O)c1;0,028;False;0,683760684;0,184260593;CC(=O)OCCc1ccc(c(c1)O)O;4;C;0
mol_24;CC(=O)OCCc1ccc(c(c1)O)O;5;C;C1b;0,019495;mol_24;5;0,0042800779920071;0;0;24;5;CC(=O)OCCc1ccc(c(c1)O)O;CC(=O)OCCc1ccc(O)c(O)c1;CC(=O)OCCc1ccc(O)c(O)c1;0,024;False;0,661111111;0,163345543;CC(=O)OCCc1ccc(c(c1)O)O;5;C;0
mol_24;CC(=O)OCCc1ccc(c(c1)O)O;6;C;C8y;0,012925;mol_24;6;0,0042228896869346;0;0;24;6;CC(=O)OCCc1ccc(c(c1)O)O;CC(=O)OCCc1ccc(O)c(O)c1;CC(=O)OCCc1ccc(O)c(O)c1;0,004;False;0,744444444;0,03762236;CC(=O)OCCc1ccc(c(c1)O)O;6;C;0
mol_24;CC(=O)OCCc1ccc(c(c1)O)O;7;C;C8x;0,009165;mol_24;7;0,004170402791351;0;0;24;7;CC(=O)OCCc1ccc(c(c1)O)O;CC(=O)OCCc1ccc(O)c(O)c1;CC(=O)OCCc1ccc(O)c(O)c1;0,0;False;0,857142857;0,0;CC(=O)OCCc1ccc(c(c1)O)O;7;C;0
mol_24;CC(=O)OCCc1ccc(c(c1)O)O;8;C;C8x;0,006737;mol_24;8;0,0157289168797433;0;0;24;8;CC(=O)OCCc1ccc(c(c1)O)O;CC(=O)OCCc1ccc(O)c(O)c1;CC(=O)OCCc1ccc(O)c(O)c1;0,02;False;0,846153846;0,141440543;CC(=O)OCCc1ccc(c(c1)O)O;8;C;0
mol_24;CC(=O)OCCc1ccc(c(c1)O)O;9;C;C8y;0,101931;mol_24;9;0,0234469261020421;0;0;24;9;CC(=O)OCCc1ccc(c(c1)O)O;CC(=O)OCCc1ccc(O)c(O)c1;CC(=O)OCCc1ccc(O)c(O)c1;0,0;False;1,0;0,0;CC(=O)OCCc1ccc(c(c1)O)O;9;C;0
mol_24;CC(=O)OCCc1ccc(c(c1)O)O;10;C;C8y;0,106952;mol_24;10;0,0232802933081984;0;0;24;10;CC(=O)OCCc1ccc(c(c1)O)O;CC(=O)OCCc1ccc(O)c(O)c1;CC(=O)OCCc1ccc(O)c(O)c1;0,252;False;1,0;0,814432688;CC(=O)OCCc1ccc(c(c1)O)O;10;C;0
mol_24;CC(=O)OCCc1ccc(c(c1)O)O;11;C;C8x;0,014631;mol_24;11;0,0073152409866452;0;0;24;11;CC(=O)OCCc1ccc(c(c1)O)O;CC(=O)OCCc1ccc(O)c(O)c1;CC(=O)OCCc1ccc(O)c(O)c1;0,0;False;0,846153846;0,0;CC(=O)OCCc1ccc(c(c1)O)O;11;C;0
mol_24;CC(=O)OCCc1ccc(c(c1)O)O;12;O;O1a;0,321101;mol_24;12;0,9879104375839234;5;1;24;12;CC(=O)OCCc1ccc(c(c1)O)O;CC(=O)OCCc1ccc(O)c(O)c1;CC(=O)OCCc1ccc(O)c(O)c1;0,86;True;1,0;0,584238812;CC(=O)OCCc1ccc(c(c1)O)O;12;O;0
mol_24;CC(=O)OCCc1ccc(c(c1)O)O;13;O;O1a;0,367347;mol_24;13;0,9879046559333802;5;1;24;13;CC(=O)OCCc1ccc(c(c1)O)O;CC(=O)OCCc1ccc(O)c(O)c1;CC(=O)OCCc1ccc(O)c(O)c1;0,0;False;0,78021978;0,0;CC(=O)OCCc1ccc(c(c1)O)O;13;O;1
mol_25;c1cc(c(cc1CC(CCC(=O)O)O)O)O;0;C;C8x;0,034284;mol_25;0;0,004167889477685;0;0;25;0;c1cc(c(cc1CC(CCC(=O)O)O)O)O;O=C(O)CCC(O)Cc1ccc(O)c(O)c1;O=C(O)CCC(O)Cc1ccc(O)c(O)c1;0,0;False;0,875;0,0;c1cc(c(cc1CC(CCC(=O)O)O)O)O;0;C;0
mol_25;c1cc(c(cc1CC(CCC(=O)O)O)O)O;1;C;C8x;0,01765;mol_25;1;0,0157289168797433;0;0;25;1;c1cc(c(cc1CC(CCC(=O)O)O)O)O;O=C(O)CCC(O)Cc1ccc(O)c(O)c1;O=C(O)CCC(O)Cc1ccc(O)c(O)c1;0,136;False;0,7;0,573666536;c1cc(c(cc1CC(CCC(=O)O)O)O)O;1;C;0
mol_25;c1cc(c(cc1CC(CCC(=O)O)O)O)O;2;C;C8y;0,037428;mol_25;2;0,0234469261020421;0;0;25;2;c1cc(c(cc1CC(CCC(=O)O)O)O)O;O=C(O)CCC(O)Cc1ccc(O)c(O)c1;O=C(O)CCC(O)Cc1ccc(O)c(O)c1;0,256;False;0,875;0,820650129;c1cc(c(cc1CC(CCC(=O)O)O)O)O;2;C;0
mol_25;c1cc(c(cc1CC(CCC(=O)O)O)O)O;3;C;C8y;0,1137;mol_25;3;0,0232802933081984;0;0;25;3;c1cc(c(cc1CC(CCC(=O)O)O)O)O;O=C(O)CCC(O)Cc1ccc(O)c(O)c1;O=C(O)CCC(O)Cc1ccc(O)c(O)c1;0,092;False;0,625582751;0,443110558;c1cc(c(cc1CC(CCC(=O)O)O)O)O;3;C;0
mol_25;c1cc(c(cc1CC(CCC(=O)O)O)O)O;4;C;C8x;0,027785;mol_25;4;0,0072807532735168;0;0;25;4;c1cc(c(cc1CC(CCC(=O)O)O)O)O;O=C(O)CCC(O)Cc1ccc(O)c(O)c1;O=C(O)CCC(O)Cc1ccc(O)c(O)c1;0,004;False;0,924908425;0,03762236;c1cc(c(cc1CC(CCC(=O)O)O)O)O;4;C;0
mol_25;c1cc(c(cc1CC(CCC(=O)O)O)O)O;5;C;C8y;0,030092;mol_25;5;0,0042679472826421;0;0;25;5;c1cc(c(cc1CC(CCC(=O)O)O)O)O;O=C(O)CCC(O)Cc1ccc(O)c(O)c1;O=C(O)CCC(O)Cc1ccc(O)c(O)c1;0,024;False;0,700292398;0,163345543;c1cc(c(cc1CC(CCC(=O)O)O)O)O;5;C;0
mol_25;c1cc(c(cc1CC(CCC(=O)O)O)O)O;6;C;C1b;0,132103;mol_25;6;0,0052146608708426;0;0;25;6;c1cc(c(cc1CC(CCC(=O)O)O)O)O;O=C(O)CCC(O)Cc1ccc(O)c(O)c1;O=C(O)CCC(O)Cc1ccc(O)c(O)c1;0,496;True;0,638997821;0,999953833;c1cc(c(cc1CC(CCC(=O)O)O)O)O;6;C;0
mol_25;c1cc(c(cc1CC(CCC(=O)O)O)O)O;7;C;C1c;0,291415;mol_25;7;0,0123330362606793;0;0;25;7;c1cc(c(cc1CC(CCC(=O)O)O)O)O;O=C(O)CCC(O)Cc1ccc(O)c(O)c1;O=C(O)CCC(O)Cc1ccc(O)c(O)c1;0,06;False;0,660130719;0,327444919;c1cc(c(cc1CC(CCC(=O)O)O)O)O;7;C;0
mol_25;c1cc(c(cc1CC(CCC(=O)O)O)O)O;8;C;C1b;0,076445;mol_25;8;0,0052501758560538;0;0;25;8;c1cc(c(cc1CC(CCC(=O)O)O)O)O;O=C(O)CCC(O)Cc1ccc(O)c(O)c1;O=C(O)CCC(O)Cc1ccc(O)c(O)c1;0,0;False;0,781944444;0,0;c1cc(c(cc1CC(CCC(=O)O)O)O)O;8;C;0
mol_25;c1cc(c(cc1CC(CCC(=O)O)O)O)O;9;C;C1b;0,013197;mol_25;9;0,0041770005598664;0;0;25;9;c1cc(c(cc1CC(CCC(=O)O)O)O)O;O=C(O)CCC(O)Cc1ccc(O)c(O)c1;O=C(O)CCC(O)Cc1ccc(O)c(O)c1;0,0;False;0,86007326;0,0;c1cc(c(cc1CC(CCC(=O)O)O)O)O;9;C;0
mol_25;c1cc(c(cc1CC(CCC(=O)O)O)O)O;10;C;C6a;0,07535;mol_25;10;0,0059575829654932;0;0;25;10;c1cc(c(cc1CC(CCC(=O)O)O)O)O;O=C(O)CCC(O)Cc1ccc(O)c(O)c1;O=C(O)CCC(O)Cc1ccc(O)c(O)c1;0,084;False;0,86965812;0,416118951;c1cc(c(cc1CC(CCC(=O)O)O)O)O;10;C;0
mol_25;c1cc(c(cc1CC(CCC(=O)O)O)O)O;11;O;O6a2;0,01183;mol_25;11;0,0058135970029979;0;0;25;11;c1cc(c(cc1CC(CCC(=O)O)O)O)O;O=C(O)CCC(O)Cc1ccc(O)c(O)c1;O=C(O)CCC(O)Cc1ccc(O)c(O)c1;0,004;False;1,0;0,03762236;c1cc(c(cc1CC(CCC(=O)O)O)O)O;11;O;0
mol_25;c1cc(c(cc1CC(CCC(=O)O)O)O)O;12;O;O6a1;0,280695;mol_25;12;0,0058135970029979;0;0;25;12;c1cc(c(cc1CC(CCC(=O)O)O)O)O;O=C(O)CCC(O)Cc1ccc(O)c(O)c1;O=C(O)CCC(O)Cc1ccc(O)c(O)c1;0,376;True;1,0;0,955167892;c1cc(c(cc1CC(CCC(=O)O)O)O)O;12;O;0
mol_25;c1cc(c(cc1CC(CCC(=O)O)O)O)O;13;O;O1a;0,454103;mol_25;13;0,9247017502784728;5;1;25;13;c1cc(c(cc1CC(CCC(=O)O)O)O)O;O=C(O)CCC(O)Cc1ccc(O)c(O)c1;O=C(O)CCC(O)Cc1ccc(O)c(O)c1;0,0;False;0,923076923;0,0;c1cc(c(cc1CC(CCC(=O)O)O)O)O;13;O;0
mol_25;c1cc(c(cc1CC(CCC(=O)O)O)O)O;14;O;O1a;0,400405;mol_25;14;0,9879104375839234;5;1;25;14;c1cc(c(cc1CC(CCC(=O)O)O)O)O;O=C(O)CCC(O)Cc1ccc(O)c(O)c1;O=C(O)CCC(O)Cc1ccc(O)c(O)c1;0,656;True;1,0;0,928595094;c1cc(c(cc1CC(CCC(=O)O)O)O)O;14;O;1
mol_25;c1cc(c(cc1CC(CCC(=O)O)O)O)O;15;O;O1a;0,267297;mol_25;15;0,9879046559333802;5;1;25;15;c1cc(c(cc1CC(CCC(=O)O)O)O)O;O=C(O)CCC(O)Cc1ccc(O)c(O)c1;O=C(O)CCC(O)Cc1ccc(O)c(O)c1;0,0;False;0,924908425;0,0;c1cc(c(cc1CC(CCC(=O)O)O)O)O;15;O;0
mol_27;c1cc(ccc1C=Cc2cc(cc3c2C(c4cc(cc(c4)O)O)C(c5ccc(cc5)O)O3)O)O;0;C;C8x;0,015755;mol_27;0;0,0045473793521523;0;0;27;0;c1cc(ccc1C=Cc2cc(cc3c2C(c4cc(cc(c4)O)O)C(c5ccc(cc5)O)O3)O)O;Oc1ccc(C=Cc2cc(O)cc3c2C(c2cc(O)cc(O)c2)C(c2ccc(O)cc2)O3)cc1;Oc1ccc(C=Cc2cc(O)cc3c2C(c2cc(O)cc(O)c2)C(c2ccc(O)cc2)O3)cc1;0,908;True;1,0;0,443110558;c1cc(ccc1C=Cc2cc(cc3c2C(c4cc(cc(c4)O)O)C(c5ccc(cc5)O)O3)O)O;0;C;0
mol_27;c1cc(ccc1C=Cc2cc(cc3c2C(c4cc(cc(c4)O)O)C(c5ccc(cc5)O)O3)O)O;1;C;C8x;0,03892;mol_27;1;0,0128114809282124;0;0;27;1;c1cc(ccc1C=Cc2cc(cc3c2C(c4cc(cc(c4)O)O)C(c5ccc(cc5)O)O3)O)O;Oc1ccc(C=Cc2cc(O)cc3c2C(c2cc(O)cc(O)c2)C(c2ccc(O)cc2)O3)cc1;Oc1ccc(C=Cc2cc(O)cc3c2C(c2cc(O)cc(O)c2)C(c2ccc(O)cc2)O3)cc1;0,0;False;1,0;0,0;c1cc(ccc1C=Cc2cc(cc3c2C(c4cc(cc(c4)O)O)C(c5ccc(cc5)O)O3)O)O;1;C;0
mol_27;c1cc(ccc1C=Cc2cc(cc3c2C(c4cc(cc(c4)O)O)C(c5ccc(cc5)O)O3)O)O;2;C;C8y;0,005762;mol_27;2;0,0150699939578771;0;0;27;2;c1cc(ccc1C=Cc2cc(cc3c2C(c4cc(cc(c4)O)O)C(c5ccc(cc5)O)O3)O)O;Oc1ccc(C=Cc2cc(O)cc3c2C(c2cc(O)cc(O)c2)C(c2ccc(O)cc2)O3)cc1;Oc1ccc(C=Cc2cc(O)cc3c2C(c2cc(O)cc(O)c2)C(c2ccc(O)cc2)O3)cc1;0,0;False;0,96969697;0,0;c1cc(ccc1C=Cc2cc(cc3c2C(c4cc(cc(c4)O)O)C(c5ccc(cc5)O)O3)O)O;2;C;0
mol_27;c1cc(ccc1C=Cc2cc(cc3c2C(c4cc(cc(c4)O)O)C(c5ccc(cc5)O)O3)O)O;3;C;C8x;0,026741;mol_27;3;0,0128114809282124;0;0;27;3;c1cc(ccc1C=Cc2cc(cc3c2C(c4cc(cc(c4)O)O)C(c5ccc(cc5)O)O3)O)O;Oc1ccc(C=Cc2cc(O)cc3c2C(c2cc(O)cc(O)c2)C(c2ccc(O)cc2)O3)cc1;Oc1ccc(C=Cc2cc(O)cc3c2C(c2cc(O)cc(O)c2)C(c2ccc(O)cc2)O3)cc1;0,0;False;0,974358974;0,0;c1cc(ccc1C=Cc2cc(cc3c2C(c4cc(cc(c4)O)O)C(c5ccc(cc5)O)O3)O)O;3;C;0
mol_27;c1cc(ccc1C=Cc2cc(cc3c2C(c4cc(cc(c4)O)O)C(c5ccc(cc5)O)O3)O)O;4;C;C8x;0,007927;mol_27;4;0,0045473793521523;0;0;27;4;c1cc(ccc1C=Cc2cc(cc3c2C(c4cc(cc(c4)O)O)C(c5ccc(cc5)O)O3)O)O;Oc1ccc(C=Cc2cc(O)cc3c2C(c2cc(O)cc(O)c2)C(c2ccc(O)cc2)O3)cc1;Oc1ccc(C=Cc2cc(O)cc3c2C(c2cc(O)cc(O)c2)C(c2ccc(O)cc2)O3)cc1;0,0;False;0,894444444;0,0;c1cc(ccc1C=Cc2cc(cc3c2C(c4cc(cc(c4)O)O)C(c5ccc(cc5)O)O3)O)O;4;C;0
mol_27;c1cc(ccc1C=Cc2cc(cc3c2C(c4cc(cc(c4)O)O)C(c5ccc(cc5)O)O3)O)O;5;C;C8y;0,002339;mol_27;5;0,0049335344228893;0;0;27;5;c1cc(ccc1C=Cc2cc(cc3c2C(c4cc(cc(c4)O)O)C(c5ccc(cc5)O)O3)O)O;Oc1ccc(C=Cc2cc(O)cc3c2C(c2cc(O)cc(O)c2)C(c2ccc(O)cc2)O3)cc1;Oc1ccc(C=Cc2cc(O)cc3c2C(c2cc(O)cc(O)c2)C(c2ccc(O)cc2)O3)cc1;0,024;False;0,823015873;0,163345543;c1cc(ccc1C=Cc2cc(cc3c2C(c4cc(cc(c4)O)O)C(c5ccc(cc5)O)O3)O)O;5;C;0
mol_27;c1cc(ccc1C=Cc2cc(cc3c2C(c4cc(cc(c4)O)O)C(c5ccc(cc5)O)O3)O)O;6;C;C2b;0,085656;mol_27;6;0,0045233630575239;0;0;27;6;c1cc(ccc1C=Cc2cc(cc3c2C(c4cc(cc(c4)O)O)C(c5ccc(cc5)O)O3)O)O;Oc1ccc(C=Cc2cc(O)cc3c2C(c2cc(O)cc(O)c2)C(c2ccc(O)cc2)O3)cc1;Oc1ccc(C=Cc2cc(O)cc3c2C(c2cc(O)cc(O)c2)C(c2ccc(O)cc2)O3)cc1;0,02;False;0,715473802;0,141440543;c1cc(ccc1C=Cc2cc(cc3c2C(c4cc(cc(c4)O)O)C(c5ccc(cc5)O)O3)O)O;6;C;0
mol_27;c1cc(ccc1C=Cc2cc(cc3c2C(c4cc(cc(c4)O)O)C(c5ccc(cc5)O)O3)O)O;7;C;C2b;0,0969;mol_27;7;0,0043429497163742;0;0;27;7;c1cc(ccc1C=Cc2cc(cc3c2C(c4cc(cc(c4)O)O)C(c5ccc(cc5)O)O3)O)O;Oc1ccc(C=Cc2cc(O)cc3c2C(c2cc(O)cc(O)c2)C(c2ccc(O)cc2)O3)cc1;Oc1ccc(C=Cc2cc(O)cc3c2C(c2cc(O)cc(O)c2)C(c2ccc(O)cc2)O3)cc1;0,004;False;0,717948718;0,03762236;c1cc(ccc1C=Cc2cc(cc3c2C(c4cc(cc(c4)O)O)C(c5ccc(cc5)O)O3)O)O;7;C;0
mol_27;c1cc(ccc1C=Cc2cc(cc3c2C(c4cc(cc(c4)O)O)C(c5ccc(cc5)O)O3)O)O;8;C;C8y;0,053272;mol_27;8;0,0043453245423734;0;0;27;8;c1cc(ccc1C=Cc2cc(cc3c2C(c4cc(cc(c4)O)O)C(c5ccc(cc5)O)O3)O)O;Oc1ccc(C=Cc2cc(O)cc3c2C(c2cc(O)cc(O)c2)C(c2ccc(O)cc2)O3)cc1;Oc1ccc(C=Cc2cc(O)cc3c2C(c2cc(O)cc(O)c2)C(c2ccc(O)cc2)O3)cc1;0,008;False;0,775757576;0,067221545;c1cc(ccc1C=Cc2cc(cc3c2C(c4cc(cc(c4)O)O)C(c5ccc(cc5)O)O3)O)O;8;C;0
mol_27;c1cc(ccc1C=Cc2cc(cc3c2C(c4cc(cc(c4)O)O)C(c5ccc(cc5)O)O3)O)O;9;C;C8x;0,022747;mol_27;9;0,0073959182947874;0;0;27;9;c1cc(ccc1C=Cc2cc(cc3c2C(c4cc(cc(c4)O)O)C(c5ccc(cc5)O)O3)O)O;Oc1ccc(C=Cc2cc(O)cc3c2C(c2cc(O)cc(O)c2)C(c2ccc(O)cc2)O3)cc1;Oc1ccc(C=Cc2cc(O)cc3c2C(c2cc(O)cc(O)c2)C(c2ccc(O)cc2)O3)cc1;0,0;False;0,704575163;0,0;c1cc(ccc1C=Cc2cc(cc3c2C(c4cc(cc(c4)O)O)C(c5ccc(cc5)O)O3)O)O;9;C;0
mol_27;c1cc(ccc1C=Cc2cc(cc3c2C(c4cc(cc(c4)O)O)C(c5ccc(cc5)O)O3)O)O;10;C;C8y;0,038057;mol_27;10;0,0149039703421294;0;0;27;10;c1cc(ccc1C=Cc2cc(cc3c2C(c4cc(cc(c4)O)O)C(c5ccc(cc5)O)O3)O)O;Oc1ccc(C=Cc2cc(O)cc3c2C(c2cc(O)cc(O)c2)C(c2ccc(O)cc2)O3)cc1;Oc1ccc(C=Cc2cc(O)cc3c2C(c2cc(O)cc(O)c2)C(c2ccc(O)cc2)O3)cc1;0,552;True;0,837606838;0,992183779;c1cc(ccc1C=Cc2cc(cc3c2C(c4cc(cc(c4)O)O)C(c5ccc(cc5)O)O3)O)O;10;C;0
mol_27;c1cc(ccc1C=Cc2cc(cc3c2C(c4cc(cc(c4)O)O)C(c5ccc(cc5)O)O3)O)O;11;C;C8x;0,028974;mol_27;11;0,006448998581618;0;0;27;11;c1cc(ccc1C=Cc2cc(cc3c2C(c4cc(cc(c4)O)O)C(c5ccc(cc5)O)O3)O)O;Oc1ccc(C=Cc2cc(O)cc3c2C(c2cc(O)cc(O)c2)C(c2ccc(O)cc2)O3)cc1;Oc1ccc(C=Cc2cc(O)cc3c2C(c2cc(O)cc(O)c2)C(c2ccc(O)cc2)O3)cc1;0,004;False;0,698412698;0,03762236;c1cc(ccc1C=Cc2cc(cc3c2C(c4cc(cc(c4)O)O)C(c5ccc(cc5)O)O3)O)O;11;C;0
mol_27;c1cc(ccc1C=Cc2cc(cc3c2C(c4cc(cc(c4)O)O)C(c5ccc(cc5)O)O3)O)O;12;C;C8y;0,029132;mol_27;12;0,0046304771676659;0;0;27;12;c1cc(ccc1C=Cc2cc(cc3c2C(c4cc(cc(c4)O)O)C(c5ccc(cc5)O)O3)O)O;Oc1ccc(C=Cc2cc(O)cc3c2C(c2cc(O)cc(O)c2)C(c2ccc(O)cc2)O3)cc1;Oc1ccc(C=Cc2cc(O)cc3c2C(c2cc(O)cc(O)c2)C(c2ccc(O)cc2)O3)cc1;0,012;False;0,75;0,09377791;c1cc(ccc1C=Cc2cc(cc3c2C(c4cc(cc(c4)O)O)C(c5ccc(cc5)O)O3)O)O;12;C;0
mol_27;c1cc(ccc1C=Cc2cc(cc3c2C(c4cc(cc(c4)O)O)C(c5ccc(cc5)O)O3)O)O;13;C;C8y;0,044666;mol_27;13;0,004072498017922;0;0;27;13;c1cc(ccc1C=Cc2cc(cc3c2C(c4cc(cc(c4)O)O)C(c5ccc(cc5)O)O3)O)O;Oc1ccc(C=Cc2cc(O)cc3c2C(c2cc(O)cc(O)c2)C(c2ccc(O)cc2)O3)cc1;Oc1ccc(C=Cc2cc(O)cc3c2C(c2cc(O)cc(O)c2)C(c2ccc(O)cc2)O3)cc1;0,008;False;0,657346491;0,067221545;c1cc(ccc1C=Cc2cc(cc3c2C(c4cc(cc(c4)O)O)C(c5ccc(cc5)O)O3)O)O;13;C;0
mol_27;c1cc(ccc1C=Cc2cc(cc3c2C(c4cc(cc(c4)O)O)C(c5ccc(cc5)O)O3)O)O;14;C;C1y;0,097879;mol_27;14;0,0038839035900309;0;0;27;14;c1cc(ccc1C=Cc2cc(cc3c2C(c4cc(cc(c4)O)O)C(c5ccc(cc5)O)O3)O)O;Oc1ccc(C=Cc2cc(O)cc3c2C(c2cc(O)cc(O)c2)C(c2ccc(O)cc2)O3)cc1;Oc1ccc(C=Cc2cc(O)cc3c2C(c2cc(O)cc(O)c2)C(c2ccc(O)cc2)O3)cc1;0,008;False;0,677083333;0,067221545;c1cc(ccc1C=Cc2cc(cc3c2C(c4cc(cc(c4)O)O)C(c5ccc(cc5)O)O3)O)O;14;C;0
mol_27;c1cc(ccc1C=Cc2cc(cc3c2C(c4cc(cc(c4)O)O)C(c5ccc(cc5)O)O3)O)O;15;C;C8y;0,042355;mol_27;15;0,0040327957831323;0;0;27;15;c1cc(ccc1C=Cc2cc(cc3c2C(c4cc(cc(c4)O)O)C(c5ccc(cc5)O)O3)O)O;Oc1ccc(C=Cc2cc(O)cc3c2C(c2cc(O)cc(O)c2)C(c2ccc(O)cc2)O3)cc1;Oc1ccc(C=Cc2cc(O)cc3c2C(c2cc(O)cc(O)c2)C(c2ccc(O)cc2)O3)cc1;0,004;False;0,729885057;0,03762236;c1cc(ccc1C=Cc2cc(cc3c2C(c4cc(cc(c4)O)O)C(c5ccc(cc5)O)O3)O)O;15;C;0
mol_27;c1cc(ccc1C=Cc2cc(cc3c2C(c4cc(cc(c4)O)O)C(c5ccc(cc5)O)O3)O)O;16;C;C8x;0,082179;mol_27;16;0,0068687573540955;0;0;27;16;c1cc(ccc1C=Cc2cc(cc3c2C(c4cc(cc(c4)O)O)C(c5ccc(cc5)O)O3)O)O;Oc1ccc(C=Cc2cc(O)cc3c2C(c2cc(O)cc(O)c2)C(c2ccc(O)cc2)O3)cc1;Oc1ccc(C=Cc2cc(O)cc3c2C(c2cc(O)cc(O)c2)C(c2ccc(O)cc2)O3)cc1;0,0;False;0,699879227;0,0;c1cc(ccc1C=Cc2cc(cc3c2C(c4cc(cc(c4)O)O)C(c5ccc(cc5)O)O3)O)O;16;C;0
mol_27;c1cc(ccc1C=Cc2cc(cc3c2C(c4cc(cc(c4)O)O)C(c5ccc(cc5)O)O3)O)O;17;C;C8y;0,086142;mol_27;17;0,0150047176517546;0;0;27;17;c1cc(ccc1C=Cc2cc(cc3c2C(c4cc(cc(c4)O)O)C(c5ccc(cc5)O)O3)O)O;Oc1ccc(C=Cc2cc(O)cc3c2C(c2cc(O)cc(O)c2)C(c2ccc(O)cc2)O3)cc1;Oc1ccc(C=Cc2cc(O)cc3c2C(c2cc(O)cc(O)c2)C(c2ccc(O)cc2)O3)cc1;0,0;False;0,716775599;0,0;c1cc(ccc1C=Cc2cc(cc3c2C(c4cc(cc(c4)O)O)C(c5ccc(cc5)O)O3)O)O;17;C;0
mol_27;c1cc(ccc1C=Cc2cc(cc3c2C(c4cc(cc(c4)O)O)C(c5ccc(cc5)O)O3)O)O;18;C;C8x;0,086196;mol_27;18;0,0169046555645763;0;0;27;18;c1cc(ccc1C=Cc2cc(cc3c2C(c4cc(cc(c4)O)O)C(c5ccc(cc5)O)O3)O)O;Oc1ccc(C=Cc2cc(O)cc3c2C(c2cc(O)cc(O)c2)C(c2ccc(O)cc2)O3)cc1;Oc1ccc(C=Cc2cc(O)cc3c2C(c2cc(O)cc(O)c2)C(c2ccc(O)cc2)O3)cc1;0,668;True;0,807359307;0,916956726;c1cc(ccc1C=Cc2cc(cc3c2C(c4cc(cc(c4)O)O)C(c5ccc(cc5)O)O3)O)O;18;C;0
mol_27;c1cc(ccc1C=Cc2cc(cc3c2C(c4cc(cc(c4)O)O)C(c5ccc(cc5)O)O3)O)O;19;C;C8y;0,06631;mol_27;19;0,0150047176517546;0;0;27;19;c1cc(ccc1C=Cc2cc(cc3c2C(c4cc(cc(c4)O)O)C(c5ccc(cc5)O)O3)O)O;Oc1ccc(C=Cc2cc(O)cc3c2C(c2cc(O)cc(O)c2)C(c2ccc(O)cc2)O3)cc1;Oc1ccc(C=Cc2cc(O)cc3c2C(c2cc(O)cc(O)c2)C(c2ccc(O)cc2)O3)cc1;0,008;False;0,75;0,067221545;c1cc(ccc1C=Cc2cc(cc3c2C(c4cc(cc(c4)O)O)C(c5ccc(cc5)O)O3)O)O;19;C;0
mol_27;c1cc(ccc1C=Cc2cc(cc3c2C(c4cc(cc(c4)O)O)C(c5ccc(cc5)O)O3)O)O;20;C;C8x;0,068897;mol_27;20;0,0068687573540955;0;0;27;20;c1cc(ccc1C=Cc2cc(cc3c2C(c4cc(cc(c4)O)O)C(c5ccc(cc5)O)O3)O)O;Oc1ccc(C=Cc2cc(O)cc3c2C(c2cc(O)cc(O)c2)C(c2ccc(O)cc2)O3)cc1;Oc1ccc(C=Cc2cc(O)cc3c2C(c2cc(O)cc(O)c2)C(c2ccc(O)cc2)O3)cc1;0,0;False;0,716775599;0,0;c1cc(ccc1C=Cc2cc(cc3c2C(c4cc(cc(c4)O)O)C(c5ccc(cc5)O)O3)O)O;20;C;0
mol_27;c1cc(ccc1C=Cc2cc(cc3c2C(c4cc(cc(c4)O)O)C(c5ccc(cc5)O)O3)O)O;21;O;O1a;0,243669;mol_27;21;0,9897199630737304;5;1;27;21;c1cc(ccc1C=Cc2cc(cc3c2C(c4cc(cc(c4)O)O)C(c5ccc(cc5)O)O3)O)O;Oc1ccc(C=Cc2cc(O)cc3c2C(c2cc(O)cc(O)c2)C(c2ccc(O)cc2)O3)cc1;Oc1ccc(C=Cc2cc(O)cc3c2C(c2cc(O)cc(O)c2)C(c2ccc(O)cc2)O3)cc1;0,668;True;0,807359307;0,916956726;c1cc(ccc1C=Cc2cc(cc3c2C(c4cc(cc(c4)O)O)C(c5ccc(cc5)O)O3)O)O;21;O;0
mol_27;c1cc(ccc1C=Cc2cc(cc3c2C(c4cc(cc(c4)O)O)C(c5ccc(cc5)O)O3)O)O;22;O;O1a;0,255462;mol_27;22;0,9897199630737304;5;1;27;22;c1cc(ccc1C=Cc2cc(cc3c2C(c4cc(cc(c4)O)O)C(c5ccc(cc5)O)O3)O)O;Oc1ccc(C=Cc2cc(O)cc3c2C(c2cc(O)cc(O)c2)C(c2ccc(O)cc2)O3)cc1;Oc1ccc(C=Cc2cc(O)cc3c2C(c2cc(O)cc(O)c2)C(c2ccc(O)cc2)O3)cc1;0,0;False;0,699879227;0,0;c1cc(ccc1C=Cc2cc(cc3c2C(c4cc(cc(c4)O)O)C(c5ccc(cc5)O)O3)O)O;22;O;0
mol_27;c1cc(ccc1C=Cc2cc(cc3c2C(c4cc(cc(c4)O)O)C(c5ccc(cc5)O)O3)O)O;23;C;C1y;0,071636;mol_27;23;0,0040223110700026;0;0;27;23;c1cc(ccc1C=Cc2cc(cc3c2C(c4cc(cc(c4)O)O)C(c5ccc(cc5)O)O3)O)O;Oc1ccc(C=Cc2cc(O)cc3c2C(c2cc(O)cc(O)c2)C(c2ccc(O)cc2)O3)cc1;Oc1ccc(C=Cc2cc(O)cc3c2C(c2cc(O)cc(O)c2)C(c2ccc(O)cc2)O3)cc1;0,02;False;0,649621212;0,141440543;c1cc(ccc1C=Cc2cc(cc3c2C(c4cc(cc(c4)O)O)C(c5ccc(cc5)O)O3)O)O;23;C;0
mol_27;c1cc(ccc1C=Cc2cc(cc3c2C(c4cc(cc(c4)O)O)C(c5ccc(cc5)O)O3)O)O;24;C;C8y;0,002186;mol_27;24;0,0040306471055373;0;0;27;24;c1cc(ccc1C=Cc2cc(cc3c2C(c4cc(cc(c4)O)O)C(c5ccc(cc5)O)O3)O)O;Oc1ccc(C=Cc2cc(O)cc3c2C(c2cc(O)cc(O)c2)C(c2ccc(O)cc2)O3)cc1;Oc1ccc(C=Cc2cc(O)cc3c2C(c2cc(O)cc(O)c2)C(c2ccc(O)cc2)O3)cc1;0,0;False;0,728438228;0,0;c1cc(ccc1C=Cc2cc(cc3c2C(c4cc(cc(c4)O)O)C(c5ccc(cc5)O)O3)O)O;24;C;0
mol_27;c1cc(ccc1C=Cc2cc(cc3c2C(c4cc(cc(c4)O)O)C(c5ccc(cc5)O)O3)O)O;25;C;C8x;0,014929;mol_27;25;0,0041401478927582;0;0;27;25;c1cc(ccc1C=Cc2cc(cc3c2C(c4cc(cc(c4)O)O)C(c5ccc(cc5)O)O3)O)O;Oc1ccc(C=Cc2cc(O)cc3c2C(c2cc(O)cc(O)c2)C(c2ccc(O)cc2)O3)cc1;Oc1ccc(C=Cc2cc(O)cc3c2C(c2cc(O)cc(O)c2)C(c2ccc(O)cc2)O3)cc1;0,0;False;0,727272727;0,0;c1cc(ccc1C=Cc2cc(cc3c2C(c4cc(cc(c4)O)O)C(c5ccc(cc5)O)O3)O)O;25;C;0
mol_27;c1cc(ccc1C=Cc2cc(cc3c2C(c4cc(cc(c4)O)O)C(c5ccc(cc5)O)O3)O)O;26;C;C8x;0,055236;mol_27;26;0,010851970501244;0;0;27;26;c1cc(ccc1C=Cc2cc(cc3c2C(c4cc(cc(c4)O)O)C(c5ccc(cc5)O)O3)O)O;Oc1ccc(C=Cc2cc(O)cc3c2C(c2cc(O)cc(O)c2)C(c2ccc(O)cc2)O3)cc1;Oc1ccc(C=Cc2cc(O)cc3c2C(c2cc(O)cc(O)c2)C(c2ccc(O)cc2)O3)cc1;0,0;False;0,733333333;0,0;c1cc(ccc1C=Cc2cc(cc3c2C(c4cc(cc(c4)O)O)C(c5ccc(cc5)O)O3)O)O;26;C;0
mol_27;c1cc(ccc1C=Cc2cc(cc3c2C(c4cc(cc(c4)O)O)C(c5ccc(cc5)O)O3)O)O;27;C;C8y;0,010319;mol_27;27;0,0150699939578771;0;0;27;27;c1cc(ccc1C=Cc2cc(cc3c2C(c4cc(cc(c4)O)O)C(c5ccc(cc5)O)O3)O)O;Oc1ccc(C=Cc2cc(O)cc3c2C(c2cc(O)cc(O)c2)C(c2ccc(O)cc2)O3)cc1;Oc1ccc(C=Cc2cc(O)cc3c2C(c2cc(O)cc(O)c2)C(c2ccc(O)cc2)O3)cc1;0,0;False;0,909090909;0,0;c1cc(ccc1C=Cc2cc(cc3c2C(c4cc(cc(c4)O)O)C(c5ccc(cc5)O)O3)O)O;27;C;0
mol_27;c1cc(ccc1C=Cc2cc(cc3c2C(c4cc(cc(c4)O)O)C(c5ccc(cc5)O)O3)O)O;28;C;C8x;0,049108;mol_27;28;0,010851970501244;0;0;27;28;c1cc(ccc1C=Cc2cc(cc3c2C(c4cc(cc(c4)O)O)C(c5ccc(cc5)O)O3)O)O;Oc1ccc(C=Cc2cc(O)cc3c2C(c2cc(O)cc(O)c2)C(c2ccc(O)cc2)O3)cc1;Oc1ccc(C=Cc2cc(O)cc3c2C(c2cc(O)cc(O)c2)C(c2ccc(O)cc2)O3)cc1;0,856;True;1,0;0,594619344;c1cc(ccc1C=Cc2cc(cc3c2C(c4cc(cc(c4)O)O)C(c5ccc(cc5)O)O3)O)O;28;C;0
mol_27;c1cc(ccc1C=Cc2cc(cc3c2C(c4cc(cc(c4)O)O)C(c5ccc(cc5)O)O3)O)O;29;C;C8x;0,0251;mol_27;29;0,0041401478927582;0;0;27;29;c1cc(ccc1C=Cc2cc(cc3c2C(c4cc(cc(c4)O)O)C(c5ccc(cc5)O)O3)O)O;Oc1ccc(C=Cc2cc(O)cc3c2C(c2cc(O)cc(O)c2)C(c2ccc(O)cc2)O3)cc1;Oc1ccc(C=Cc2cc(O)cc3c2C(c2cc(O)cc(O)c2)C(c2ccc(O)cc2)O3)cc1;0,0;False;0,733333333;0,0;c1cc(ccc1C=Cc2cc(cc3c2C(c4cc(cc(c4)O)O)C(c5ccc(cc5)O)O3)O)O;29;C;0
mol_27;c1cc(ccc1C=Cc2cc(cc3c2C(c4cc(cc(c4)O)O)C(c5ccc(cc5)O)O3)O)O;30;O;O1a;0,241098;mol_27;30;0,989715838432312;5;1;27;30;c1cc(ccc1C=Cc2cc(cc3c2C(c4cc(cc(c4)O)O)C(c5ccc(cc5)O)O3)O)O;Oc1ccc(C=Cc2cc(O)cc3c2C(c2cc(O)cc(O)c2)C(c2ccc(O)cc2)O3)cc1;Oc1ccc(C=Cc2cc(O)cc3c2C(c2cc(O)cc(O)c2)C(c2ccc(O)cc2)O3)cc1;0,0;False;0,727272727;0,0;c1cc(ccc1C=Cc2cc(cc3c2C(c4cc(cc(c4)O)O)C(c5ccc(cc5)O)O3)O)O;30;O;0
mol_27;c1cc(ccc1C=Cc2cc(cc3c2C(c4cc(cc(c4)O)O)C(c5ccc(cc5)O)O3)O)O;31;O;O2x;0,056123;mol_27;31;0,0045232924399897;0;0;27;31;c1cc(ccc1C=Cc2cc(cc3c2C(c4cc(cc(c4)O)O)C(c5ccc(cc5)O)O3)O)O;Oc1ccc(C=Cc2cc(O)cc3c2C(c2cc(O)cc(O)c2)C(c2ccc(O)cc2)O3)cc1;Oc1ccc(C=Cc2cc(O)cc3c2C(c2cc(O)cc(O)c2)C(c2ccc(O)cc2)O3)cc1;0,048;False;0,684444444;0,277839574;c1cc(ccc1C=Cc2cc(cc3c2C(c4cc(cc(c4)O)O)C(c5ccc(cc5)O)O3)O)O;31;O;0
mol_27;c1cc(ccc1C=Cc2cc(cc3c2C(c4cc(cc(c4)O)O)C(c5ccc(cc5)O)O3)O)O;32;O;O1a;0,318456;mol_27;32;0,9897199630737304;5;1;27;32;c1cc(ccc1C=Cc2cc(cc3c2C(c4cc(cc(c4)O)O)C(c5ccc(cc5)O)O3)O)O;Oc1ccc(C=Cc2cc(O)cc3c2C(c2cc(O)cc(O)c2)C(c2ccc(O)cc2)O3)cc1;Oc1ccc(C=Cc2cc(O)cc3c2C(c2cc(O)cc(O)c2)C(c2ccc(O)cc2)O3)cc1;0,0;False;0,974358974;0,0;c1cc(ccc1C=Cc2cc(cc3c2C(c4cc(cc(c4)O)O)C(c5ccc(cc5)O)O3)O)O;32;O;1
mol_27;c1cc(ccc1C=Cc2cc(cc3c2C(c4cc(cc(c4)O)O)C(c5ccc(cc5)O)O3)O)O;33;O;O1a;0,188122;mol_27;33;0,989715838432312;5;1;27;33;c1cc(ccc1C=Cc2cc(cc3c2C(c4cc(cc(c4)O)O)C(c5ccc(cc5)O)O3)O)O;Oc1ccc(C=Cc2cc(O)cc3c2C(c2cc(O)cc(O)c2)C(c2ccc(O)cc2)O3)cc1;Oc1ccc(C=Cc2cc(O)cc3c2C(c2cc(O)cc(O)c2)C(c2ccc(O)cc2)O3)cc1;0,0;False;0,96969697;0,0;c1cc(ccc1C=Cc2cc(cc3c2C(c4cc(cc(c4)O)O)C(c5ccc(cc5)O)O3)O)O;33;O;1
mol_33;CC12CCC(CC1CCC3C2C(C(=O)C4(C)C(CCC34O)c5ccc(=O)oc5)O)O;0;C;C1a;0,004942;mol_33;0;0,0043507710564881;0;0;33;0;CC12CCC(CC1CCC3C2C(C(=O)C4(C)C(CCC34O)c5ccc(=O)oc5)O)O;CC12CCC(O)CC1CCC1C2C(O)C(=O)C2(C)C(c3ccc(=O)oc3)CCC12O;CC12CCC(O)CC1CCC1C2C(O)C(=O)C2(C)C(c3ccc(=O)oc3)CCC12O;0,004;False;0,663730159;0,03762236;CC12CCC(CC1CCC3C2C(C(=O)C4(C)C(CCC34O)c5ccc(=O)oc5)O)O;0;C;0
mol_33;CC12CCC(CC1CCC3C2C(C(=O)C4(C)C(CCC34O)c5ccc(=O)oc5)O)O;1;C;C1z;0,001395;mol_33;1;0,0039818732067942;0;0;33;1;CC12CCC(CC1CCC3C2C(C(=O)C4(C)C(CCC34O)c5ccc(=O)oc5)O)O;CC12CCC(O)CC1CCC1C2C(O)C(=O)C2(C)C(c3ccc(=O)oc3)CCC12O;CC12CCC(O)CC1CCC1C2C(O)C(=O)C2(C)C(c3ccc(=O)oc3)CCC12O;0,004;False;0,694942254;0,03762236;CC12CCC(CC1CCC3C2C(C(=O)C4(C)C(CCC34O)c5ccc(=O)oc5)O)O;1;C;0
mol_33;CC12CCC(CC1CCC3C2C(C(=O)C4(C)C(CCC34O)c5ccc(=O)oc5)O)O;2;C;C1x;0,001652;mol_33;2;0,0040063462918624;0;0;33;2;CC12CCC(CC1CCC3C2C(C(=O)C4(C)C(CCC34O)c5ccc(=O)oc5)O)O;CC12CCC(O)CC1CCC1C2C(O)C(=O)C2(C)C(c3ccc(=O)oc3)CCC12O;CC12CCC(O)CC1CCC1C2C(O)C(=O)C2(C)C(c3ccc(=O)oc3)CCC12O;0,004;False;0,638447972;0,03762236;CC12CCC(CC1CCC3C2C(C(=O)C4(C)C(CCC34O)c5ccc(=O)oc5)O)O;2;C;0
mol_33;CC12CCC(CC1CCC3C2C(C(=O)C4(C)C(CCC34O)c5ccc(=O)oc5)O)O;3;C;C1x;0,001745;mol_33;3;0,0053407162427902;0;0;33;3;CC12CCC(CC1CCC3C2C(C(=O)C4(C)C(CCC34O)c5ccc(=O)oc5)O)O;CC12CCC(O)CC1CCC1C2C(O)C(=O)C2(C)C(c3ccc(=O)oc3)CCC12O;CC12CCC(O)CC1CCC1C2C(O)C(=O)C2(C)C(c3ccc(=O)oc3)CCC12O;0,016;False;0,702556022;0,118350011;CC12CCC(CC1CCC3C2C(C(=O)C4(C)C(CCC34O)c5ccc(=O)oc5)O)O;3;C;0
mol_33;CC12CCC(CC1CCC3C2C(C(=O)C4(C)C(CCC34O)c5ccc(=O)oc5)O)O;4;C;C1y;0,024533;mol_33;4;0,0127891939133405;0;0;33;4;CC12CCC(CC1CCC3C2C(C(=O)C4(C)C(CCC34O)c5ccc(=O)oc5)O)O;CC12CCC(O)CC1CCC1C2C(O)C(=O)C2(C)C(c3ccc(=O)oc3)CCC12O;CC12CCC(O)CC1CCC1C2C(O)C(=O)C2(C)C(c3ccc(=O)oc3)CCC12O;0,016;False;0,786111111;0,118350011;CC12CCC(CC1CCC3C2C(C(=O)C4(C)C(CCC34O)c5ccc(=O)oc5)O)O;4;C;0
mol_33;CC12CCC(CC1CCC3C2C(C(=O)C4(C)C(CCC34O)c5ccc(=O)oc5)O)O;5;C;C1x;0,005955;mol_33;5;0,0048229543259367;0;0;33;5;CC12CCC(CC1CCC3C2C(C(=O)C4(C)C(CCC34O)c5ccc(=O)oc5)O)O;CC12CCC(O)CC1CCC1C2C(O)C(=O)C2(C)C(c3ccc(=O)oc3)CCC12O;CC12CCC(O)CC1CCC1C2C(O)C(=O)C2(C)C(c3ccc(=O)oc3)CCC12O;0,512;True;0,846153846;0,999584464;CC12CCC(CC1CCC3C2C(C(=O)C4(C)C(CCC34O)c5ccc(=O)oc5)O)O;5;C;0
mol_33;CC12CCC(CC1CCC3C2C(C(=O)C4(C)C(CCC34O)c5ccc(=O)oc5)O)O;6;C;C1y;0,000456;mol_33;6;0,0041235744254663;0;0;33;6;CC12CCC(CC1CCC3C2C(C(=O)C4(C)C(CCC34O)c5ccc(=O)oc5)O)O;CC12CCC(O)CC1CCC1C2C(O)C(=O)C2(C)C(c3ccc(=O)oc3)CCC12O;CC12CCC(O)CC1CCC1C2C(O)C(=O)C2(C)C(c3ccc(=O)oc3)CCC12O;0,012;False;0,6875;0,09377791;CC12CCC(CC1CCC3C2C(C(=O)C4(C)C(CCC34O)c5ccc(=O)oc5)O)O;6;C;0
mol_33;CC12CCC(CC1CCC3C2C(C(=O)C4(C)C(CCC34O)c5ccc(=O)oc5)O)O;7;C;C1x;0,003858;mol_33;7;0,0038374044932425;0;0;33;7;CC12CCC(CC1CCC3C2C(C(=O)C4(C)C(CCC34O)c5ccc(=O)oc5)O)O;CC12CCC(O)CC1CCC1C2C(O)C(=O)C2(C)C(c3ccc(=O)oc3)CCC12O;CC12CCC(O)CC1CCC1C2C(O)C(=O)C2(C)C(c3ccc(=O)oc3)CCC12O;0,008;False;0,629290463;0,067221545;CC12CCC(CC1CCC3C2C(C(=O)C4(C)C(CCC34O)c5ccc(=O)oc5)O)O;7;C;0
mol_33;CC12CCC(CC1CCC3C2C(C(=O)C4(C)C(CCC34O)c5ccc(=O)oc5)O)O;8;C;C1x;0,002774;mol_33;8;0,0038602913962677;0;0;33;8;CC12CCC(CC1CCC3C2C(C(=O)C4(C)C(CCC34O)c5ccc(=O)oc5)O)O;CC12CCC(O)CC1CCC1C2C(O)C(=O)C2(C)C(c3ccc(=O)oc3)CCC12O;CC12CCC(O)CC1CCC1C2C(O)C(=O)C2(C)C(c3ccc(=O)oc3)CCC12O;0,012;False;0,697865353;0,09377791;CC12CCC(CC1CCC3C2C(C(=O)C4(C)C(CCC34O)c5ccc(=O)oc5)O)O;8;C;0
mol_33;CC12CCC(CC1CCC3C2C(C(=O)C4(C)C(CCC34O)c5ccc(=O)oc5)O)O;9;C;C1y;0,004939;mol_33;9;0,0049236947204917;0;0;33;9;CC12CCC(CC1CCC3C2C(C(=O)C4(C)C(CCC34O)c5ccc(=O)oc5)O)O;CC12CCC(O)CC1CCC1C2C(O)C(=O)C2(C)C(c3ccc(=O)oc3)CCC12O;CC12CCC(O)CC1CCC1C2C(O)C(=O)C2(C)C(c3ccc(=O)oc3)CCC12O;0,008;False;0,682351533;0,067221545;CC12CCC(CC1CCC3C2C(C(=O)C4(C)C(CCC34O)c5ccc(=O)oc5)O)O;9;C;0
mol_33;CC12CCC(CC1CCC3C2C(C(=O)C4(C)C(CCC34O)c5ccc(=O)oc5)O)O;10;C;C1y;0,007595;mol_33;10;0,0049454007763415;0;0;33;10;CC12CCC(CC1CCC3C2C(C(=O)C4(C)C(CCC34O)c5ccc(=O)oc5)O)O;CC12CCC(O)CC1CCC1C2C(O)C(=O)C2(C)C(c3ccc(=O)oc3)CCC12O;CC12CCC(O)CC1CCC1C2C(O)C(=O)C2(C)C(c3ccc(=O)oc3)CCC12O;0,008;False;0,684811828;0,067221545;CC12CCC(CC1CCC3C2C(C(=O)C4(C)C(CCC34O)c5ccc(=O)oc5)O)O;10;C;0
mol_33;CC12CCC(CC1CCC3C2C(C(=O)C4(C)C(CCC34O)c5ccc(=O)oc5)O)O;11;C;C1y;0,056609;mol_33;11;0,0121757701504975;0;0;33;11;CC12CCC(CC1CCC3C2C(C(=O)C4(C)C(CCC34O)c5ccc(=O)oc5)O)O;CC12CCC(O)CC1CCC1C2C(O)C(=O)C2(C)C(c3ccc(=O)oc3)CCC12O;CC12CCC(O)CC1CCC1C2C(O)C(=O)C2(C)C(c3ccc(=O)oc3)CCC12O;0,0;False;0,612373737;0,0;CC12CCC(CC1CCC3C2C(C(=O)C4(C)C(CCC34O)c5ccc(=O)oc5)O)O;11;C;0
mol_33;CC12CCC(CC1CCC3C2C(C(=O)C4(C)C(CCC34O)c5ccc(=O)oc5)O)O;12;C;C5x;0,159403;mol_33;12;0,0045111963292583;0;0;33;12;CC12CCC(CC1CCC3C2C(C(=O)C4(C)C(CCC34O)c5ccc(=O)oc5)O)O;CC12CCC(O)CC1CCC1C2C(O)C(=O)C2(C)C(c3ccc(=O)oc3)CCC12O;CC12CCC(O)CC1CCC1C2C(O)C(=O)C2(C)C(c3ccc(=O)oc3)CCC12O;0,008;False;0,631476051;0,067221545;CC12CCC(CC1CCC3C2C(C(=O)C4(C)C(CCC34O)c5ccc(=O)oc5)O)O;12;C;0
mol_33;CC12CCC(CC1CCC3C2C(C(=O)C4(C)C(CCC34O)c5ccc(=O)oc5)O)O;13;O;O5x;0,072581;mol_33;13;0,0045326566090807;0;0;33;13;CC12CCC(CC1CCC3C2C(C(=O)C4(C)C(CCC34O)c5ccc(=O)oc5)O)O;CC12CCC(O)CC1CCC1C2C(O)C(=O)C2(C)C(c3ccc(=O)oc3)CCC12O;CC12CCC(O)CC1CCC1C2C(O)C(=O)C2(C)C(c3ccc(=O)oc3)CCC12O;0,212;False;0,589291934;0,745288315;CC12CCC(CC1CCC3C2C(C(=O)C4(C)C(CCC34O)c5ccc(=O)oc5)O)O;13;O;0
mol_33;CC12CCC(CC1CCC3C2C(C(=O)C4(C)C(CCC34O)c5ccc(=O)oc5)O)O;14;C;C1z;0,026005;mol_33;14;0,0043256507022306;0;0;33;14;CC12CCC(CC1CCC3C2C(C(=O)C4(C)C(CCC34O)c5ccc(=O)oc5)O)O;CC12CCC(O)CC1CCC1C2C(O)C(=O)C2(C)C(c3ccc(=O)oc3)CCC12O;CC12CCC(O)CC1CCC1C2C(O)C(=O)C2(C)C(c3ccc(=O)oc3)CCC12O;0,004;False;0,625597372;0,03762236;CC12CCC(CC1CCC3C2C(C(=O)C4(C)C(CCC34O)c5ccc(=O)oc5)O)O;14;C;0
mol_33;CC12CCC(CC1CCC3C2C(C(=O)C4(C)C(CCC34O)c5ccc(=O)oc5)O)O;15;C;C1a;0,010025;mol_33;15;0,0044740214245393;0;0;33;15;CC12CCC(CC1CCC3C2C(C(=O)C4(C)C(CCC34O)c5ccc(=O)oc5)O)O;CC12CCC(O)CC1CCC1C2C(O)C(=O)C2(C)C(c3ccc(=O)oc3)CCC12O;CC12CCC(O)CC1CCC1C2C(O)C(=O)C2(C)C(c3ccc(=O)oc3)CCC12O;0,008;False;0,605308642;0,067221545;CC12CCC(CC1CCC3C2C(C(=O)C4(C)C(CCC34O)c5ccc(=O)oc5)O)O;15;C;0
mol_33;CC12CCC(CC1CCC3C2C(C(=O)C4(C)C(CCC34O)c5ccc(=O)oc5)O)O;16;C;C1y;0,001992;mol_33;16;0,0040755062829703;0;0;33;16;CC12CCC(CC1CCC3C2C(C(=O)C4(C)C(CCC34O)c5ccc(=O)oc5)O)O;CC12CCC(O)CC1CCC1C2C(O)C(=O)C2(C)C(c3ccc(=O)oc3)CCC12O;CC12CCC(O)CC1CCC1C2C(O)C(=O)C2(C)C(c3ccc(=O)oc3)CCC12O;0,012;False;0,623318839;0,09377791;CC12CCC(CC1CCC3C2C(C(=O)C4(C)C(CCC34O)c5ccc(=O)oc5)O)O;16;C;0
mol_33;CC12CCC(CC1CCC3C2C(C(=O)C4(C)C(CCC34O)c5ccc(=O)oc5)O)O;17;C;C1x;0,002343;mol_33;17;0,0038349638925865;0;0;33;17;CC12CCC(CC1CCC3C2C(C(=O)C4(C)C(CCC34O)c5ccc(=O)oc5)O)O;CC12CCC(O)CC1CCC1C2C(O)C(=O)C2(C)C(c3ccc(=O)oc3)CCC12O;CC12CCC(O)CC1CCC1C2C(O)C(=O)C2(C)C(c3ccc(=O)oc3)CCC12O;0,012;False;0,627126437;0,09377791;CC12CCC(CC1CCC3C2C(C(=O)C4(C)C(CCC34O)c5ccc(=O)oc5)O)O;17;C;0
mol_33;CC12CCC(CC1CCC3C2C(C(=O)C4(C)C(CCC34O)c5ccc(=O)oc5)O)O;18;C;C1x;0,003284;mol_33;18;0,0055464618839323;0;0;33;18;CC12CCC(CC1CCC3C2C(C(=O)C4(C)C(CCC34O)c5ccc(=O)oc5)O)O;CC12CCC(O)CC1CCC1C2C(O)C(=O)C2(C)C(c3ccc(=O)oc3)CCC12O;CC12CCC(O)CC1CCC1C2C(O)C(=O)C2(C)C(c3ccc(=O)oc3)CCC12O;0,008;False;0,600297619;0,067221545;CC12CCC(CC1CCC3C2C(C(=O)C4(C)C(CCC34O)c5ccc(=O)oc5)O)O;18;C;0
mol_33;CC12CCC(CC1CCC3C2C(C(=O)C4(C)C(CCC34O)c5ccc(=O)oc5)O)O;19;C;C1z;0,040279;mol_33;19;0,0127539170440286;0;0;33;19;CC12CCC(CC1CCC3C2C(C(=O)C4(C)C(CCC34O)c5ccc(=O)oc5)O)O;CC12CCC(O)CC1CCC1C2C(O)C(=O)C2(C)C(c3ccc(=O)oc3)CCC12O;CC12CCC(O)CC1CCC1C2C(O)C(=O)C2(C)C(c3ccc(=O)oc3)CCC12O;0,024;False;0,608641975;0,163345543;CC12CCC(CC1CCC3C2C(C(=O)C4(C)C(CCC34O)c5ccc(=O)oc5)O)O;19;C;0
mol_33;CC12CCC(CC1CCC3C2C(C(=O)C4(C)C(CCC34O)c5ccc(=O)oc5)O)O;20;O;O1a;0,163898;mol_33;20;0,9708042860031127;5;1;33;20;CC12CCC(CC1CCC3C2C(C(=O)C4(C)C(CCC34O)c5ccc(=O)oc5)O)O;CC12CCC(O)CC1CCC1C2C(O)C(=O)C2(C)C(c3ccc(=O)oc3)CCC12O;CC12CCC(O)CC1CCC1C2C(O)C(=O)C2(C)C(c3ccc(=O)oc3)CCC12O;0,108;False;0,603318903;0,493853724;CC12CCC(CC1CCC3C2C(C(=O)C4(C)C(CCC34O)c5ccc(=O)oc5)O)O;20;O;0
mol_33;CC12CCC(CC1CCC3C2C(C(=O)C4(C)C(CCC34O)c5ccc(=O)oc5)O)O;21;C;C8y;0,003202;mol_33;21;0,0040445109829306;0;0;33;21;CC12CCC(CC1CCC3C2C(C(=O)C4(C)C(CCC34O)c5ccc(=O)oc5)O)O;CC12CCC(O)CC1CCC1C2C(O)C(=O)C2(C)C(c3ccc(=O)oc3)CCC12O;CC12CCC(O)CC1CCC1C2C(O)C(=O)C2(C)C(c3ccc(=O)oc3)CCC12O;0,136;False;0,583458647;0,573666536;CC12CCC(CC1CCC3C2C(C(=O)C4(C)C(CCC34O)c5ccc(=O)oc5)O)O;21;C;0
mol_33;CC12CCC(CC1CCC3C2C(C(=O)C4(C)C(CCC34O)c5ccc(=O)oc5)O)O;22;C;C8x;0,001784;mol_33;22;0,0041479000821709;0;0;33;22;CC12CCC(CC1CCC3C2C(C(=O)C4(C)C(CCC34O)c5ccc(=O)oc5)O)O;CC12CCC(O)CC1CCC1C2C(O)C(=O)C2(C)C(c3ccc(=O)oc3)CCC12O;CC12CCC(O)CC1CCC1C2C(O)C(=O)C2(C)C(c3ccc(=O)oc3)CCC12O;0,06;False;0,564407814;0,327444919;CC12CCC(CC1CCC3C2C(C(=O)C4(C)C(CCC34O)c5ccc(=O)oc5)O)O;22;C;0
mol_33;CC12CCC(CC1CCC3C2C(C(=O)C4(C)C(CCC34O)c5ccc(=O)oc5)O)O;23;C;C8x;0,011981;mol_33;23;0,0044534856919199;0;0;33;23;CC12CCC(CC1CCC3C2C(C(=O)C4(C)C(CCC34O)c5ccc(=O)oc5)O)O;CC12CCC(O)CC1CCC1C2C(O)C(=O)C2(C)C(c3ccc(=O)oc3)CCC12O;CC12CCC(O)CC1CCC1C2C(O)C(=O)C2(C)C(c3ccc(=O)oc3)CCC12O;0,02;False;0,594444444;0,141440543;CC12CCC(CC1CCC3C2C(C(=O)C4(C)C(CCC34O)c5ccc(=O)oc5)O)O;23;C;0
mol_33;CC12CCC(CC1CCC3C2C(C(=O)C4(C)C(CCC34O)c5ccc(=O)oc5)O)O;24;C;C8y;0,066519;mol_33;24;0,0054607835598289;0;0;33;24;CC12CCC(CC1CCC3C2C(C(=O)C4(C)C(CCC34O)c5ccc(=O)oc5)O)O;CC12CCC(O)CC1CCC1C2C(O)C(=O)C2(C)C(c3ccc(=O)oc3)CCC12O;CC12CCC(O)CC1CCC1C2C(O)C(=O)C2(C)C(c3ccc(=O)oc3)CCC12O;0,076;False;0,580482456;0,387925679;CC12CCC(CC1CCC3C2C(C(=O)C4(C)C(CCC34O)c5ccc(=O)oc5)O)O;24;C;0
mol_33;CC12CCC(CC1CCC3C2C(C(=O)C4(C)C(CCC34O)c5ccc(=O)oc5)O)O;25;O;O6a2;0,057049;mol_33;25;0,0060045740101486;0;0;33;25;CC12CCC(CC1CCC3C2C(C(=O)C4(C)C(CCC34O)c5ccc(=O)oc5)O)O;CC12CCC(O)CC1CCC1C2C(O)C(=O)C2(C)C(c3ccc(=O)oc3)CCC12O;CC12CCC(O)CC1CCC1C2C(O)C(=O)C2(C)C(c3ccc(=O)oc3)CCC12O;0,068;False;0,563973064;0,358415325;CC12CCC(CC1CCC3C2C(C(=O)C4(C)C(CCC34O)c5ccc(=O)oc5)O)O;25;O;0
mol_33;CC12CCC(CC1CCC3C2C(C(=O)C4(C)C(CCC34O)c5ccc(=O)oc5)O)O;26;O;O7x1;0,075648;mol_33;26;0,0047762390226125;0;0;33;26;CC12CCC(CC1CCC3C2C(C(=O)C4(C)C(CCC34O)c5ccc(=O)oc5)O)O;CC12CCC(O)CC1CCC1C2C(O)C(=O)C2(C)C(c3ccc(=O)oc3)CCC12O;CC12CCC(O)CC1CCC1C2C(O)C(=O)C2(C)C(c3ccc(=O)oc3)CCC12O;0,008;False;0,676032354;0,067221545;CC12CCC(CC1CCC3C2C(C(=O)C4(C)C(CCC34O)c5ccc(=O)oc5)O)O;26;O;0
mol_33;CC12CCC(CC1CCC3C2C(C(=O)C4(C)C(CCC34O)c5ccc(=O)oc5)O)O;27;C;C8x;0,063126;mol_33;27;0,0042637517675757;0;0;33;27;CC12CCC(CC1CCC3C2C(C(=O)C4(C)C(CCC34O)c5ccc(=O)oc5)O)O;CC12CCC(O)CC1CCC1C2C(O)C(=O)C2(C)C(c3ccc(=O)oc3)CCC12O;CC12CCC(O)CC1CCC1C2C(O)C(=O)C2(C)C(c3ccc(=O)oc3)CCC12O;0,004;False;0,608602151;0,03762236;CC12CCC(CC1CCC3C2C(C(=O)C4(C)C(CCC34O)c5ccc(=O)oc5)O)O;27;C;0
mol_33;CC12CCC(CC1CCC3C2C(C(=O)C4(C)C(CCC34O)c5ccc(=O)oc5)O)O;28;O;O1a;0,410445;mol_33;28;0,9643399119377136;5;1;33;28;CC12CCC(CC1CCC3C2C(C(=O)C4(C)C(CCC34O)c5ccc(=O)oc5)O)O;CC12CCC(O)CC1CCC1C2C(O)C(=O)C2(C)C(c3ccc(=O)oc3)CCC12O;CC12CCC(O)CC1CCC1C2C(O)C(=O)C2(C)C(c3ccc(=O)oc3)CCC12O;0,012;False;0,63884535;0,09377791;CC12CCC(CC1CCC3C2C(C(=O)C4(C)C(CCC34O)c5ccc(=O)oc5)O)O;28;O;0
mol_33;CC12CCC(CC1CCC3C2C(C(=O)C4(C)C(CCC34O)c5ccc(=O)oc5)O)O;29;O;O1a;0,200597;mol_33;29;0,9680590271949768;5;1;33;29;CC12CCC(CC1CCC3C2C(C(=O)C4(C)C(CCC34O)c5ccc(=O)oc5)O)O;CC12CCC(O)CC1CCC1C2C(O)C(=O)C2(C)C(c3ccc(=O)oc3)CCC12O;CC12CCC(O)CC1CCC1C2C(O)C(=O)C2(C)C(c3ccc(=O)oc3)CCC12O;0,176;False;0,696106363;0,671247885;CC12CCC(CC1CCC3C2C(C(=O)C4(C)C(CCC34O)c5ccc(=O)oc5)O)O;29;O;1
mol_38;Cc1c(c(c(c(c1O)C)CCC2(C)CCC(=O)O2)O)C;0;C;C1a;0,153044;mol_38;0;0,0045560799073427;0;0;38;0;Cc1c(c(c(c(c1O)C)CCC2(C)CCC(=O)O2)O)C;Cc1c(C)c(O)c(CCC2(C)CCC(=O)O2)c(C)c1O;Cc1c(C)c(O)c(CCC2(C)CCC(=O)O2)c(C)c1O;0,008;False;0,855311355;0,067221545;Cc1c(c(c(c(c1O)C)CCC2(C)CCC(=O)O2)O)C;0;C;0
mol_38;Cc1c(c(c(c(c1O)C)CCC2(C)CCC(=O)O2)O)C;1;C;C8y;0,151179;mol_38;1;0,0059697926975786;0;0;38;1;Cc1c(c(c(c(c1O)C)CCC2(C)CCC(=O)O2)O)C;Cc1c(C)c(O)c(CCC2(C)CCC(=O)O2)c(C)c1O;Cc1c(C)c(O)c(CCC2(C)CCC(=O)O2)c(C)c1O;0,0;False;0,875457875;0,0;Cc1c(c(c(c(c1O)C)CCC2(C)CCC(=O)O2)O)C;1;C;0
mol_38;Cc1c(c(c(c(c1O)C)CCC2(C)CCC(=O)O2)O)C;2;C;C8y;0,121093;mol_38;2;0,0059798033442348;0;0;38;2;Cc1c(c(c(c(c1O)C)CCC2(C)CCC(=O)O2)O)C;Cc1c(C)c(O)c(CCC2(C)CCC(=O)O2)c(C)c1O;Cc1c(C)c(O)c(CCC2(C)CCC(=O)O2)c(C)c1O;0,0;False;0,869047619;0,0;Cc1c(c(c(c(c1O)C)CCC2(C)CCC(=O)O2)O)C;2;C;0
mol_38;Cc1c(c(c(c(c1O)C)CCC2(C)CCC(=O)O2)O)C;3;C;C8y;0,253865;mol_38;3;0,013857726752758;0;0;38;3;Cc1c(c(c(c(c1O)C)CCC2(C)CCC(=O)O2)O)C;Cc1c(C)c(O)c(CCC2(C)CCC(=O)O2)c(C)c1O;Cc1c(C)c(O)c(CCC2(C)CCC(=O)O2)c(C)c1O;0,012;False;0,913690476;0,09377791;Cc1c(c(c(c(c1O)C)CCC2(C)CCC(=O)O2)O)C;3;C;0
mol_38;Cc1c(c(c(c(c1O)C)CCC2(C)CCC(=O)O2)O)C;4;C;C8y;0,059798;mol_38;4;0,0066751559264957;0;0;38;4;Cc1c(c(c(c(c1O)C)CCC2(C)CCC(=O)O2)O)C;Cc1c(C)c(O)c(CCC2(C)CCC(=O)O2)c(C)c1O;Cc1c(C)c(O)c(CCC2(C)CCC(=O)O2)c(C)c1O;0,0;False;0,748583878;0,0;Cc1c(c(c(c(c1O)C)CCC2(C)CCC(=O)O2)O)C;4;C;0
mol_38;Cc1c(c(c(c(c1O)C)CCC2(C)CCC(=O)O2)O)C;5;C;C8y;0,06305;mol_38;5;0,0058074167929589;0;0;38;5;Cc1c(c(c(c(c1O)C)CCC2(C)CCC(=O)O2)O)C;Cc1c(C)c(O)c(CCC2(C)CCC(=O)O2)c(C)c1O;Cc1c(C)c(O)c(CCC2(C)CCC(=O)O2)c(C)c1O;0,4;True;0,833333333;0,970950594;Cc1c(c(c(c(c1O)C)CCC2(C)CCC(=O)O2)O)C;5;C;0
mol_38;Cc1c(c(c(c(c1O)C)CCC2(C)CCC(=O)O2)O)C;6;C;C8y;0,31902;mol_38;6;0,0139248844236135;0;0;38;6;Cc1c(c(c(c(c1O)C)CCC2(C)CCC(=O)O2)O)C;Cc1c(C)c(O)c(CCC2(C)CCC(=O)O2)c(C)c1O;Cc1c(C)c(O)c(CCC2(C)CCC(=O)O2)c(C)c1O;0,004;False;0,777536232;0,03762236;Cc1c(c(c(c(c1O)C)CCC2(C)CCC(=O)O2)O)C;6;C;0
mol_38;Cc1c(c(c(c(c1O)C)CCC2(C)CCC(=O)O2)O)C;7;O;O1a;0,270764;mol_38;7;0,9895065903663636;5;1;38;7;Cc1c(c(c(c(c1O)C)CCC2(C)CCC(=O)O2)O)C;Cc1c(C)c(O)c(CCC2(C)CCC(=O)O2)c(C)c1O;Cc1c(C)c(O)c(CCC2(C)CCC(=O)O2)c(C)c1O;0,008;False;0,692257018;0,067221545;Cc1c(c(c(c(c1O)C)CCC2(C)CCC(=O)O2)O)C;7;O;1
mol_38;Cc1c(c(c(c(c1O)C)CCC2(C)CCC(=O)O2)O)C;8;C;C1a;0,055157;mol_38;8;0,0045472006313502;0;0;38;8;Cc1c(c(c(c(c1O)C)CCC2(C)CCC(=O)O2)O)C;Cc1c(C)c(O)c(CCC2(C)CCC(=O)O2)c(C)c1O;Cc1c(C)c(O)c(CCC2(C)CCC(=O)O2)c(C)c1O;0,016;False;0,742753623;0,118350011;Cc1c(c(c(c(c1O)C)CCC2(C)CCC(=O)O2)O)C;8;C;0
mol_38;Cc1c(c(c(c(c1O)C)CCC2(C)CCC(=O)O2)O)C;9;C;C1b;0,064505;mol_38;9;0,0040006234776228;0;0;38;9;Cc1c(c(c(c(c1O)C)CCC2(C)CCC(=O)O2)O)C;Cc1c(C)c(O)c(CCC2(C)CCC(=O)O2)c(C)c1O;Cc1c(C)c(O)c(CCC2(C)CCC(=O)O2)c(C)c1O;0,012;False;0,653594771;0,09377791;Cc1c(c(c(c(c1O)C)CCC2(C)CCC(=O)O2)O)C;9;C;0
mol_38;Cc1c(c(c(c(c1O)C)CCC2(C)CCC(=O)O2)O)C;10;C;C1b;0,051473;mol_38;10;0,0041153026046231;0;0;38;10;Cc1c(c(c(c(c1O)C)CCC2(C)CCC(=O)O2)O)C;Cc1c(C)c(O)c(CCC2(C)CCC(=O)O2)c(C)c1O;Cc1c(C)c(O)c(CCC2(C)CCC(=O)O2)c(C)c1O;0,004;False;0,683760684;0,03762236;Cc1c(c(c(c(c1O)C)CCC2(C)CCC(=O)O2)O)C;10;C;0
mol_38;Cc1c(c(c(c(c1O)C)CCC2(C)CCC(=O)O2)O)C;11;C;C1z;0,074004;mol_38;11;0,0042275310726836;0;0;38;11;Cc1c(c(c(c(c1O)C)CCC2(C)CCC(=O)O2)O)C;Cc1c(C)c(O)c(CCC2(C)CCC(=O)O2)c(C)c1O;Cc1c(C)c(O)c(CCC2(C)CCC(=O)O2)c(C)c1O;0,016;False;0,716666667;0,118350011;Cc1c(c(c(c(c1O)C)CCC2(C)CCC(=O)O2)O)C;11;C;0
mol_38;Cc1c(c(c(c(c1O)C)CCC2(C)CCC(=O)O2)O)C;12;C;C1a;0,018675;mol_38;12;0,004479774646461;0;0;38;12;Cc1c(c(c(c(c1O)C)CCC2(C)CCC(=O)O2)O)C;Cc1c(C)c(O)c(CCC2(C)CCC(=O)O2)c(C)c1O;Cc1c(C)c(O)c(CCC2(C)CCC(=O)O2)c(C)c1O;0,12;False;0,6;0,529360865;Cc1c(c(c(c(c1O)C)CCC2(C)CCC(=O)O2)O)C;12;C;0
mol_38;Cc1c(c(c(c(c1O)C)CCC2(C)CCC(=O)O2)O)C;13;C;C1x;0,002653;mol_38;13;0,0040090384660288;0;0;38;13;Cc1c(c(c(c(c1O)C)CCC2(C)CCC(=O)O2)O)C;Cc1c(C)c(O)c(CCC2(C)CCC(=O)O2)c(C)c1O;Cc1c(C)c(O)c(CCC2(C)CCC(=O)O2)c(C)c1O;0,128;False;0,695415695;0,551927553;Cc1c(c(c(c(c1O)C)CCC2(C)CCC(=O)O2)O)C;13;C;0
mol_38;Cc1c(c(c(c(c1O)C)CCC2(C)CCC(=O)O2)O)C;14;C;C1x;0,005231;mol_38;14;0,0038330674637109;0;0;38;14;Cc1c(c(c(c(c1O)C)CCC2(C)CCC(=O)O2)O)C;Cc1c(C)c(O)c(CCC2(C)CCC(=O)O2)c(C)c1O;Cc1c(C)c(O)c(CCC2(C)CCC(=O)O2)c(C)c1O;0,012;False;0,783333333;0,09377791;Cc1c(c(c(c(c1O)C)CCC2(C)CCC(=O)O2)O)C;14;C;0
mol_38;Cc1c(c(c(c(c1O)C)CCC2(C)CCC(=O)O2)O)C;15;C;C7x;0,091077;mol_38;15;0,0045826009009033;0;0;38;15;Cc1c(c(c(c(c1O)C)CCC2(C)CCC(=O)O2)O)C;Cc1c(C)c(O)c(CCC2(C)CCC(=O)O2)c(C)c1O;Cc1c(C)c(O)c(CCC2(C)CCC(=O)O2)c(C)c1O;0,084;False;0,567948718;0,416118951;Cc1c(c(c(c(c1O)C)CCC2(C)CCC(=O)O2)O)C;15;C;0
mol_38;Cc1c(c(c(c(c1O)C)CCC2(C)CCC(=O)O2)O)C;16;O;O6a2;0,018384;mol_38;16;0,0045641914475709;0;0;38;16;Cc1c(c(c(c(c1O)C)CCC2(C)CCC(=O)O2)O)C;Cc1c(C)c(O)c(CCC2(C)CCC(=O)O2)c(C)c1O;Cc1c(C)c(O)c(CCC2(C)CCC(=O)O2)c(C)c1O;0,0;False;0,869281046;0,0;Cc1c(c(c(c(c1O)C)CCC2(C)CCC(=O)O2)O)C;16;O;0
mol_38;Cc1c(c(c(c(c1O)C)CCC2(C)CCC(=O)O2)O)C;17;O;O7x1;0,24937;mol_38;17;0,0043488237075507;0;0;38;17;Cc1c(c(c(c(c1O)C)CCC2(C)CCC(=O)O2)O)C;Cc1c(C)c(O)c(CCC2(C)CCC(=O)O2)c(C)c1O;Cc1c(C)c(O)c(CCC2(C)CCC(=O)O2)c(C)c1O;0,012;False;0,93452381;0,09377791;Cc1c(c(c(c(c1O)C)CCC2(C)CCC(=O)O2)O)C;17;O;0
mol_38;Cc1c(c(c(c(c1O)C)CCC2(C)CCC(=O)O2)O)C;18;O;O1a;0,209199;mol_38;18;0,9895277976989746;5;1;38;18;Cc1c(c(c(c(c1O)C)CCC2(C)CCC(=O)O2)O)C;Cc1c(C)c(O)c(CCC2(C)CCC(=O)O2)c(C)c1O;Cc1c(C)c(O)c(CCC2(C)CCC(=O)O2)c(C)c1O;0,0;False;0,833333333;0,0;Cc1c(c(c(c(c1O)C)CCC2(C)CCC(=O)O2)O)C;18;O;0
mol_38;Cc1c(c(c(c(c1O)C)CCC2(C)CCC(=O)O2)O)C;19;C;C1a;0,122028;mol_38;19;0,0045560799073427;0;0;38;19;Cc1c(c(c(c(c1O)C)CCC2(C)CCC(=O)O2)O)C;Cc1c(C)c(O)c(CCC2(C)CCC(=O)O2)c(C)c1O;Cc1c(C)c(O)c(CCC2(C)CCC(=O)O2)c(C)c1O;0,428;True;0,897435897;0,98499001;Cc1c(c(c(c(c1O)C)CCC2(C)CCC(=O)O2)O)C;19;C;0
mol_41;C(C(C1C(=C(C(=O)O1)O)O)O)O;0;C;C1b;0,071987;mol_41;0;0,0152723000384867;0;0;41;0;C(C(C1C(=C(C(=O)O1)O)O)O)O;O=C1OC(C(O)CO)C(O)=C1O;O=C1OC(C(O)CO)C(O)=C1O;0,0;False;0,715617716;0,0;C(C(C1C(=C(C(=O)O1)O)O)O)O;0;C;0
mol_41;C(C(C1C(=C(C(=O)O1)O)O)O)O;1;C;C1c;0,069305;mol_41;1;0,0138104220386594;0;0;41;1;C(C(C1C(=C(C(=O)O1)O)O)O)O;O=C1OC(C(O)CO)C(O)=C1O;O=C1OC(C(O)CO)C(O)=C1O;0,08;False;0,627350427;0,40217919;C(C(C1C(=C(C(=O)O1)O)O)O)O;1;C;0
mol_41;C(C(C1C(=C(C(=O)O1)O)O)O)O;2;C;C1y;0,148958;mol_41;2;0,0049430119339376;0;0;41;2;C(C(C1C(=C(C(=O)O1)O)O)O)O;O=C1OC(C(O)CO)C(O)=C1O;O=C1OC(C(O)CO)C(O)=C1O;0,06;False;0,525641026;0,327444919;C(C(C1C(=C(C(=O)O1)O)O)O)O;2;C;0
mol_41;C(C(C1C(=C(C(=O)O1)O)O)O)O;3;C;C2y;0,530309;mol_41;3;0,0069514486007392;0;0;41;3;C(C(C1C(=C(C(=O)O1)O)O)O)O;O=C1OC(C(O)CO)C(O)=C1O;O=C1OC(C(O)CO)C(O)=C1O;0,092;False;0,479084967;0,443110558;C(C(C1C(=C(C(=O)O1)O)O)O)O;3;C;0
mol_41;C(C(C1C(=C(C(=O)O1)O)O)O)O;4;C;C2y;0,513398;mol_41;4;0,008168063731864;0;0;41;4;C(C(C1C(=C(C(=O)O1)O)O)O)O;O=C1OC(C(O)CO)C(O)=C1O;O=C1OC(C(O)CO)C(O)=C1O;0,1;False;0,492063492;0,468995594;C(C(C1C(=C(C(=O)O1)O)O)O)O;4;C;0
mol_41;C(C(C1C(=C(C(=O)O1)O)O)O)O;5;C;C7x;0,21472;mol_41;5;0,0047221211716532;0;0;41;5;C(C(C1C(=C(C(=O)O1)O)O)O)O;O=C1OC(C(O)CO)C(O)=C1O;O=C1OC(C(O)CO)C(O)=C1O;0,2;False;0,551587302;0,721928095;C(C(C1C(=C(C(=O)O1)O)O)O)O;5;C;0
mol_41;C(C(C1C(=C(C(=O)O1)O)O)O)O;6;O;O6a2;0,024224;mol_41;6;0,0045709382044151;0;0;41;6;C(C(C1C(=C(C(=O)O1)O)O)O)O;O=C1OC(C(O)CO)C(O)=C1O;O=C1OC(C(O)CO)C(O)=C1O;0,036;False;0,546031746;0,223641664;C(C(C1C(=C(C(=O)O1)O)O)O)O;6;O;0
mol_41;C(C(C1C(=C(C(=O)O1)O)O)O)O;7;O;O7x1;0,06092;mol_41;7;0,0042831757105886;0;0;41;7;C(C(C1C(=C(C(=O)O1)O)O)O)O;O=C1OC(C(O)CO)C(O)=C1O;O=C1OC(C(O)CO)C(O)=C1O;0,252;False;0,601010101;0,814432688;C(C(C1C(=C(C(=O)O1)O)O)O)O;7;O;0
mol_41;C(C(C1C(=C(C(=O)O1)O)O)O)O;8;O;O1a;0,302487;mol_41;8;0,0147333226166665;0;0;41;8;C(C(C1C(=C(C(=O)O1)O)O)O)O;O=C1OC(C(O)CO)C(O)=C1O;O=C1OC(C(O)CO)C(O)=C1O;0,132;False;0,492063492;0,562897791;C(C(C1C(=C(C(=O)O1)O)O)O)O;8;O;1
mol_41;C(C(C1C(=C(C(=O)O1)O)O)O)O;9;O;O1a;0,397437;mol_41;9;0,0081210598349571;0;0;41;9;C(C(C1C(=C(C(=O)O1)O)O)O)O;O=C1OC(C(O)CO)C(O)=C1O;O=C1OC(C(O)CO)C(O)=C1O;0,252;False;0,5;0,814432688;C(C(C1C(=C(C(=O)O1)O)O)O)O;9;O;0
mol_41;C(C(C1C(=C(C(=O)O1)O)O)O)O;10;O;O1a;0,119689;mol_41;10;0,8939244508743286;5;1;41;10;C(C(C1C(=C(C(=O)O1)O)O)O)O;O=C1OC(C(O)CO)C(O)=C1O;O=C1OC(C(O)CO)C(O)=C1O;0,068;False;0,611111111;0,358415325;C(C(C1C(=C(C(=O)O1)O)O)O)O;10;O;0
mol_41;C(C(C1C(=C(C(=O)O1)O)O)O)O;11;O;O1a;0,351376;mol_41;11;0,9441068649291992;5;1;41;11;C(C(C1C(=C(C(=O)O1)O)O)O)O;O=C1OC(C(O)CO)C(O)=C1O;O=C1OC(C(O)CO)C(O)=C1O;0,344;True;0,527777778;0,928595094;C(C(C1C(=C(C(=O)O1)O)O)O)O;11;O;0
mol_51;c1c(cc(c(c1O)O)O)C(=O)O;0;C;C8x;0,187061;mol_51;0;0,0071490837726742;0;0;51;0;c1c(cc(c(c1O)O)O)C(=O)O;O=C(O)c1cc(O)c(O)c(O)c1;O=C(O)c1cc(O)c(O)c(O)c1;0,004;False;0,878787879;0,03762236;c1c(cc(c(c1O)O)O)C(=O)O;0;C;0
mol_51;c1c(cc(c(c1O)O)O)C(=O)O;1;C;C8y;0,229812;mol_51;1;0,0049276106525212;0;0;51;1;c1c(cc(c(c1O)O)O)C(=O)O;O=C(O)c1cc(O)c(O)c(O)c1;O=C(O)c1cc(O)c(O)c(O)c1;0,1;False;0,861111111;0,468995594;c1c(cc(c(c1O)O)O)C(=O)O;1;C;0
mol_51;c1c(cc(c(c1O)O)O)C(=O)O;2;C;C8x;0,16182;mol_51;2;0,0071490837726742;0;0;51;2;c1c(cc(c(c1O)O)O)C(=O)O;O=C(O)c1cc(O)c(O)c(O)c1;O=C(O)c1cc(O)c(O)c(O)c1;0,232;False;0,878787879;0,781481493;c1c(cc(c(c1O)O)O)C(=O)O;2;C;0
mol_51;c1c(cc(c(c1O)O)O)C(=O)O;3;C;C8y;0,285141;mol_51;3;0,0220996921882033;0;0;51;3;c1c(cc(c(c1O)O)O)C(=O)O;O=C(O)c1cc(O)c(O)c(O)c1;O=C(O)c1cc(O)c(O)c(O)c1;0,0;False;0,83974359;0,0;c1c(cc(c(c1O)O)O)C(=O)O;3;C;0
mol_51;c1c(cc(c(c1O)O)O)C(=O)O;4;C;C8y;0,222667;mol_51;4;0,0489551063627004;0;0;51;4;c1c(cc(c(c1O)O)O)C(=O)O;O=C(O)c1cc(O)c(O)c(O)c1;O=C(O)c1cc(O)c(O)c(O)c1;0,004;False;0,888888889;0,03762236;c1c(cc(c(c1O)O)O)C(=O)O;4;C;0
mol_51;c1c(cc(c(c1O)O)O)C(=O)O;5;C;C8y;0,299073;mol_51;5;0,0220996921882033;0;0;51;5;c1c(cc(c(c1O)O)O)C(=O)O;O=C(O)c1cc(O)c(O)c(O)c1;O=C(O)c1cc(O)c(O)c(O)c1;0,0;False;0,888888889;0,0;c1c(cc(c(c1O)O)O)C(=O)O;5;C;0
mol_51;c1c(cc(c(c1O)O)O)C(=O)O;6;O;O1a;0,644418;mol_51;6;0,9879112124443056;5;1;51;6;c1c(cc(c(c1O)O)O)C(=O)O;O=C(O)c1cc(O)c(O)c(O)c1;O=C(O)c1cc(O)c(O)c(O)c1;0,736;True;0,818376068;0,832722637;c1c(cc(c(c1O)O)O)C(=O)O;6;O;1
mol_51;c1c(cc(c(c1O)O)O)C(=O)O;7;O;O1a;0,168557;mol_51;7;0,9867947220802308;5;1;51;7;c1c(cc(c(c1O)O)O)C(=O)O;O=C(O)c1cc(O)c(O)c(O)c1;O=C(O)c1cc(O)c(O)c(O)c1;0,096;False;0,83974359;0,456186103;c1c(cc(c(c1O)O)O)C(=O)O;7;O;0
mol_51;c1c(cc(c(c1O)O)O)C(=O)O;8;O;O1a;0,586628;mol_51;8;0,9879112124443056;5;1;51;8;c1c(cc(c(c1O)O)O)C(=O)O;O=C(O)c1cc(O)c(O)c(O)c1;O=C(O)c1cc(O)c(O)c(O)c1;0,804;True;0,903030303;0,713855596;c1c(cc(c(c1O)O)O)C(=O)O;8;O;0
mol_51;c1c(cc(c(c1O)O)O)C(=O)O;9;C;C6a;0,329474;mol_51;9;0,0065378638450056;0;0;51;9;c1c(cc(c(c1O)O)O)C(=O)O;O=C(O)c1cc(O)c(O)c(O)c1;O=C(O)c1cc(O)c(O)c(O)c1;0,0;False;0,888888889;0,0;c1c(cc(c(c1O)O)O)C(=O)O;9;C;0
mol_51;c1c(cc(c(c1O)O)O)C(=O)O;10;O;O6a2;0,01195;mol_51;10;0,0063468865584582;0;0;51;10;c1c(cc(c(c1O)O)O)C(=O)O;O=C(O)c1cc(O)c(O)c(O)c1;O=C(O)c1cc(O)c(O)c(O)c1;0,736;True;0,818376068;0,832722637;c1c(cc(c(c1O)O)O)C(=O)O;10;O;0
mol_51;c1c(cc(c(c1O)O)O)C(=O)O;11;O;O6a1;0,358757;mol_51;11;0,0063468865584582;0;0;51;11;c1c(cc(c(c1O)O)O)C(=O)O;O=C(O)c1cc(O)c(O)c(O)c1;O=C(O)c1cc(O)c(O)c(O)c1;0,004;False;0,888888889;0,03762236;c1c(cc(c(c1O)O)O)C(=O)O;11;O;0
mol_54;c1cc(ccc1n2c(c3cc(ccc3n2)O)Cl)O;0;C;C8x;0,015528;mol_54;0;0,0044282597023993;0;0;54;0;c1cc(ccc1n2c(c3cc(ccc3n2)O)Cl)O;Oc1ccc(-n2nc3ccc(O)cc3c2Cl)cc1;Oc1ccc(-n2nc3ccc(O)cc3c2Cl)cc1;0,888;True;0,884259259;0,505919244;c1cc(ccc1n2c(c3cc(ccc3n2)O)Cl)O;0;C;0
mol_54;c1cc(ccc1n2c(c3cc(ccc3n2)O)Cl)O;1;C;C8x;0,037974;mol_54;1;0,0127502218820154;0;0;54;1;c1cc(ccc1n2c(c3cc(ccc3n2)O)Cl)O;Oc1ccc(-n2nc3ccc(O)cc3c2Cl)cc1;Oc1ccc(-n2nc3ccc(O)cc3c2Cl)cc1;0,008;False;0,878787879;0,067221545;c1cc(ccc1n2c(c3cc(ccc3n2)O)Cl)O;1;C;0
mol_54;c1cc(ccc1n2c(c3cc(ccc3n2)O)Cl)O;2;C;C8y;0,020258;mol_54;2;0,0150699939578771;0;0;54;2;c1cc(ccc1n2c(c3cc(ccc3n2)O)Cl)O;Oc1ccc(-n2nc3ccc(O)cc3c2Cl)cc1;Oc1ccc(-n2nc3ccc(O)cc3c2Cl)cc1;0,004;False;0,857142857;0,03762236;c1cc(ccc1n2c(c3cc(ccc3n2)O)Cl)O;2;C;0
mol_54;c1cc(ccc1n2c(c3cc(ccc3n2)O)Cl)O;3;C;C8x;0,030632;mol_54;3;0,0127502218820154;0;0;54;3;c1cc(ccc1n2c(c3cc(ccc3n2)O)Cl)O;Oc1ccc(-n2nc3ccc(O)cc3c2Cl)cc1;Oc1ccc(-n2nc3ccc(O)cc3c2Cl)cc1;0,004;False;0,780827887;0,03762236;c1cc(ccc1n2c(c3cc(ccc3n2)O)Cl)O;3;C;0
mol_54;c1cc(ccc1n2c(c3cc(ccc3n2)O)Cl)O;4;C;C8x;0,014874;mol_54;4;0,0044282597023993;0;0;54;4;c1cc(ccc1n2c(c3cc(ccc3n2)O)Cl)O;Oc1ccc(-n2nc3ccc(O)cc3c2Cl)cc1;Oc1ccc(-n2nc3ccc(O)cc3c2Cl)cc1;0,0;False;0,796296296;0,0;c1cc(ccc1n2c(c3cc(ccc3n2)O)Cl)O;4;C;0
mol_54;c1cc(ccc1n2c(c3cc(ccc3n2)O)Cl)O;5;C;C8y;0,012158;mol_54;5;0,0043938381597399;0;0;54;5;c1cc(ccc1n2c(c3cc(ccc3n2)O)Cl)O;Oc1ccc(-n2nc3ccc(O)cc3c2Cl)cc1;Oc1ccc(-n2nc3ccc(O)cc3c2Cl)cc1;0,064;False;0,695906433;0,343122907;c1cc(ccc1n2c(c3cc(ccc3n2)O)Cl)O;5;C;0
mol_54;c1cc(ccc1n2c(c3cc(ccc3n2)O)Cl)O;6;N;N4y;0,405338;mol_54;6;0,004353999858722;0;0;54;6;c1cc(ccc1n2c(c3cc(ccc3n2)O)Cl)O;Oc1ccc(-n2nc3ccc(O)cc3c2Cl)cc1;Oc1ccc(-n2nc3ccc(O)cc3c2Cl)cc1;0,048;False;0,677777778;0,277839574;c1cc(ccc1n2c(c3cc(ccc3n2)O)Cl)O;6;N;0
mol_54;c1cc(ccc1n2c(c3cc(ccc3n2)O)Cl)O;7;C;C8y;0,112792;mol_54;7;0,0042570953257381;0;0;54;7;c1cc(ccc1n2c(c3cc(ccc3n2)O)Cl)O;Oc1ccc(-n2nc3ccc(O)cc3c2Cl)cc1;Oc1ccc(-n2nc3ccc(O)cc3c2Cl)cc1;0,004;False;0,808278867;0,03762236;c1cc(ccc1n2c(c3cc(ccc3n2)O)Cl)O;7;C;0
mol_54;c1cc(ccc1n2c(c3cc(ccc3n2)O)Cl)O;8;C;C8y;0,006969;mol_54;8;0,0042583660688251;0;0;54;8;c1cc(ccc1n2c(c3cc(ccc3n2)O)Cl)O;Oc1ccc(-n2nc3ccc(O)cc3c2Cl)cc1;Oc1ccc(-n2nc3ccc(O)cc3c2Cl)cc1;0,008;False;0,783333333;0,067221545;c1cc(ccc1n2c(c3cc(ccc3n2)O)Cl)O;8;C;0
mol_54;c1cc(ccc1n2c(c3cc(ccc3n2)O)Cl)O;9;C;C8x;0,069188;mol_54;9;0,0070644764229655;0;0;54;9;c1cc(ccc1n2c(c3cc(ccc3n2)O)Cl)O;Oc1ccc(-n2nc3ccc(O)cc3c2Cl)cc1;Oc1ccc(-n2nc3ccc(O)cc3c2Cl)cc1;0,008;False;0,785714286;0,067221545;c1cc(ccc1n2c(c3cc(ccc3n2)O)Cl)O;9;C;0
mol_54;c1cc(ccc1n2c(c3cc(ccc3n2)O)Cl)O;10;C;C8y;0,107031;mol_54;10;0,0150136605836451;0;0;54;10;c1cc(ccc1n2c(c3cc(ccc3n2)O)Cl)O;Oc1ccc(-n2nc3ccc(O)cc3c2Cl)cc1;Oc1ccc(-n2nc3ccc(O)cc3c2Cl)cc1;0,012;False;0,731623932;0,09377791;c1cc(ccc1n2c(c3cc(ccc3n2)O)Cl)O;10;C;0
mol_54;c1cc(ccc1n2c(c3cc(ccc3n2)O)Cl)O;11;C;C8x;0,084758;mol_54;11;0,0126934156753122;0;0;54;11;c1cc(ccc1n2c(c3cc(ccc3n2)O)Cl)O;Oc1ccc(-n2nc3ccc(O)cc3c2Cl)cc1;Oc1ccc(-n2nc3ccc(O)cc3c2Cl)cc1;0,868;True;0,722943723;0,562897791;c1cc(ccc1n2c(c3cc(ccc3n2)O)Cl)O;11;C;0
mol_54;c1cc(ccc1n2c(c3cc(ccc3n2)O)Cl)O;12;C;C8x;0,031988;mol_54;12;0,0045683274511247;0;0;54;12;c1cc(ccc1n2c(c3cc(ccc3n2)O)Cl)O;Oc1ccc(-n2nc3ccc(O)cc3c2Cl)cc1;Oc1ccc(-n2nc3ccc(O)cc3c2Cl)cc1;0,04;False;0,75;0,242292189;c1cc(ccc1n2c(c3cc(ccc3n2)O)Cl)O;12;C;0
mol_54;c1cc(ccc1n2c(c3cc(ccc3n2)O)Cl)O;13;C;C8y;0,027565;mol_54;13;0,00450240066275;0;0;54;13;c1cc(ccc1n2c(c3cc(ccc3n2)O)Cl)O;Oc1ccc(-n2nc3ccc(O)cc3c2Cl)cc1;Oc1ccc(-n2nc3ccc(O)cc3c2Cl)cc1;0,008;False;0,759259259;0,067221545;c1cc(ccc1n2c(c3cc(ccc3n2)O)Cl)O;13;C;0
mol_54;c1cc(ccc1n2c(c3cc(ccc3n2)O)Cl)O;14;N;N5x;0,50938;mol_54;14;0,0043793141376227;0;0;54;14;c1cc(ccc1n2c(c3cc(ccc3n2)O)Cl)O;Oc1ccc(-n2nc3ccc(O)cc3c2Cl)cc1;Oc1ccc(-n2nc3ccc(O)cc3c2Cl)cc1;0,044;False;0,721804511;0,260340625;c1cc(ccc1n2c(c3cc(ccc3n2)O)Cl)O;14;N;0
mol_54;c1cc(ccc1n2c(c3cc(ccc3n2)O)Cl)O;15;O;O1a;0,483273;mol_54;15;0,9897179245948792;5;1;54;15;c1cc(ccc1n2c(c3cc(ccc3n2)O)Cl)O;Oc1ccc(-n2nc3ccc(O)cc3c2Cl)cc1;Oc1ccc(-n2nc3ccc(O)cc3c2Cl)cc1;0,056;False;0,736842105;0,31135737;c1cc(ccc1n2c(c3cc(ccc3n2)O)Cl)O;15;O;1
mol_54;c1cc(ccc1n2c(c3cc(ccc3n2)O)Cl)O;16;Cl;X;0,208265;mol_54;16;0,0040806593839079;0;0;54;16;c1cc(ccc1n2c(c3cc(ccc3n2)O)Cl)O;Oc1ccc(-n2nc3ccc(O)cc3c2Cl)cc1;Oc1ccc(-n2nc3ccc(O)cc3c2Cl)cc1;0,004;False;0,780827887;0,03762236;c1cc(ccc1n2c(c3cc(ccc3n2)O)Cl)O;16;Cl;0
mol_54;c1cc(ccc1n2c(c3cc(ccc3n2)O)Cl)O;17;O;O1a;0,353974;mol_54;17;0,989715838432312;5;1;54;17;c1cc(ccc1n2c(c3cc(ccc3n2)O)Cl)O;Oc1ccc(-n2nc3ccc(O)cc3c2Cl)cc1;Oc1ccc(-n2nc3ccc(O)cc3c2Cl)cc1;0,004;False;0,857142857;0,03762236;c1cc(ccc1n2c(c3cc(ccc3n2)O)Cl)O;17;O;0
