mol_name;atom_idx;Atom_Symbol;label;xenosom_prob_mean;xenosom_n_voti_positivi;xenosom_y_pred_ensemble;gnnsom_score;fame3r_prediction;fame3r_prediction_binary
3-methylindole;0;N;0;0,0143355520442128;0;0;0,485581;0,744;1
3-methylindole;1;C;1;0,0060289692133665;0;0;0,487108;0,62;1
3-methylindole;2;C;1;0,0069724751636385;0;0;0,290305;0,76;1
3-methylindole;3;C;0;0,0069950560107827;0;0;0,036884;0,752;1
3-methylindole;4;C;0;0,002026349643711;0;0;0,075087;0,008;0
3-methylindole;5;C;0;0,0017413957160897;0;0;0,054163;0,096;0
3-methylindole;6;C;0;0,0018723444431088;0;0;0,055415;0,76;1
3-methylindole;7;C;0;0,0031055211322382;0;0;0,085737;0,756;1
3-methylindole;8;C;0;0,0080997523851692;0;0;0,08324;0,036;0
3-methylindole;9;C;0;0,0009635477093979;0;0;0,275939;0,004;0
DBAJAC;0;C;0;0,0049562049563974;0;0;0,029488;0,736;1
DBAJAC;1;C;0;0,006321167666465;0;0;0,019717;0,072;0
DBAJAC;2;C;0;0,0021900988649576;0;0;0,101159;0,104;0
DBAJAC;3;C;0;0,0067155294120311;0;0;0,137093;0,0;0
DBAJAC;4;C;1;0,018111340329051;0;0;0,32268;0,004;0
DBAJAC;5;N;1;0,0133688692003488;0;0;0,757763;0,5;1
DBAJAC;6;C;1;0,018111340329051;0;0;0,307177;0,24;0
DBAJAC;7;C;0;0,0067155294120311;0;0;0,142714;0,12;0
DBAJAC;8;C;0;0,0021900988649576;0;0;0,096221;0,004;0
DBAJAC;9;C;0;0,006321167666465;0;0;0,016917;0,056;0
DBAJAC;10;C;0;0,0049562049563974;0;0;0,018873;0,004;0
DBAJAC;11;C;1;0,0122389455325901;0;0;0,147347;0,12;0
DBAJAC;12;C;1;0,0032921991543844;0;0;0,304076;0,24;0
DBAJAC;13;C;1;0,0122389455325901;0;0;0,131311;0,004;0
DBAJAC;14;C;0;0,0017184015596285;0;0;0,041599;0,5;1
DBAJAC;15;C;0;0,0017269580275751;0;0;0,019748;0,736;1
DBAJAC;16;C;0;0,0017295494093559;0;0;0,021881;0,072;0
DBAJAC;17;C;0;0,0019420488504692;0;0;0,05739;0,104;0
DBAJAC;18;C;0;0,0019420488504692;0;0;0,044525;0,0;0
DBAJAC;19;C;0;0,0017295494093559;0;0;0,025849;0,004;0
DBAJAC;20;C;0;0,0017269580275751;0;0;0,011708;0,056;0
DBAJAC;21;C;0;0,0017184015596285;0;0;0,024494;0,004;0
O6-benzylguanine;0;N;0;0,0181913584470748;0;0;0,113096;0,072;0
O6-benzylguanine;1;C;1;0,0079202964901924;0;0;0,077839;0,024;0
O6-benzylguanine;2;N;1;0,0077618684619665;0;0;0,128499;0,016;0
O6-benzylguanine;3;C;0;0,0261541252955794;0;0;0,006104;0,056;0
O6-benzylguanine;4;N;0;0,0122177519835531;0;0;0,035215;0,028;0
O6-benzylguanine;5;C;0;0,0198023507371544;0;0;0,15075;0,072;0
O6-benzylguanine;6;N;0;0,010260834544897;0;0;0,180681;0,004;0
O6-benzylguanine;7;N;0;0,0081219665706157;0;0;0,118036;0,0;0
O6-benzylguanine;8;C;0;0,0135973896831274;0;0;0,282421;0,012;0
O6-benzylguanine;9;O;0;0,0017507438315078;0;0;0,431945;0,008;0
O6-benzylguanine;10;C;0;0,0216381462290883;0;0;0,008491;0,012;0
O6-benzylguanine;11;C;0;0,000901614036411;0;0;0,559093;0,0;0
O6-benzylguanine;12;C;0;0,0038322930049616;0;0;0,033867;0,02;0
O6-benzylguanine;13;C;0;0,001410967123229;0;0;0,024056;0,128;0
O6-benzylguanine;14;C;0;0,0016766975284554;0;0;0,03181;0,66;1
O6-benzylguanine;15;C;0;0,0013960623939055;0;0;0,007387;0,044;0
O6-benzylguanine;16;C;0;0,0016766975284554;0;0;0,024432;0,056;0
O6-benzylguanine;17;C;0;0,001410967123229;0;0;0,022036;0,008;0
acetaminophen;0;O;0;0,0049319833982735;0;0;0,196227;0,028;0
acetaminophen;1;O;0;0,0021793327061459;0;0;0,091346;0,876;1
acetaminophen;2;N;0;0,0020679522538557;0;0;0,768104;0,012;0
acetaminophen;3;C;1;0,005920040118508;0;0;0,072854;0,88;1
acetaminophen;4;C;1;0,002069995587226;0;0;0,027748;0,004;0
acetaminophen;5;C;1;0,002069995587226;0;0;0,030507;0,04;0
acetaminophen;6;C;1;0,0025944173568859;0;0;0,179872;0,916;1
acetaminophen;7;C;1;0,0025944173568859;0;0;0,177946;0,028;0
acetaminophen;8;C;1;0,0060995308682322;0;0;0,200694;0,728;1
acetaminophen;9;C;0;0,0022168105002492;0;0;0,787825;0,916;1
acetaminophen;10;C;0;0,0023304485250264;0;0;0,038345;0,04;0
clopidogrel;0;C;1;0,002463727700524;0;0;0,013054;0,072;0
clopidogrel;1;C;1;0,0020385201787576;0;0;0,043793;0,012;0
clopidogrel;2;C;1;0,0035374673549085;0;0;0,084799;0,768;1
clopidogrel;3;S;0;0,0044212207198143;0;0;0,302263;0,012;0
clopidogrel;4;C;1;0,0043149304110556;0;0;0,009485;0,14;0
clopidogrel;5;C;0;0,0006126573134679;0;0;0,061536;0,0;0
clopidogrel;6;C;0;0,0003431722492678;0;0;0,100243;0,004;0
clopidogrel;7;N;0;0,0006417259457521;0;0;0,272729;0,048;0
clopidogrel;8;C;0;0,0029872382991015;0;0;0,393143;0,048;0
clopidogrel;9;C;0;0,004229822428897;0;0;0,019736;0,044;0
clopidogrel;10;C;0;0,0005466958507895;0;0;0,213935;0,0;0
clopidogrel;11;C;0;0,0031326288823038;0;0;0,054347;0,012;0
clopidogrel;12;Cl;0;0,0018280796706676;0;0;0,22279;0,156;0
clopidogrel;13;C;0;0,0017645128187723;0;0;0,018814;0,044;0
clopidogrel;14;C;0;0,0016980138258077;0;0;0,004971;0,26;0
clopidogrel;15;C;0;0,0016766499611549;0;0;0,009937;0,036;0
clopidogrel;16;C;0;0,0016982601373456;0;0;0,014554;0,228;0
clopidogrel;17;C;0;0,0023306487128138;0;0;0,439589;0,852;1
clopidogrel;18;O;0;0,0023139631841331;0;0;0,002814;0,268;0
clopidogrel;19;O;0;0,0012035666732117;0;0;0,24821;0,016;0
clopidogrel;20;C;0;0,0007957644236739;0;0;0,083286;0,164;0
dy_9760e;0;C;0;0,0069826390827074;0;0;0,110611;0,508;1
dy_9760e;1;C;0;0,0026095226639881;0;0;0,053046;0,0;0
dy_9760e;2;C;0;0,0032668905332684;0;0;0,013715;0,008;0
dy_9760e;3;C;0;0,0031950799631886;0;0;0,014172;0,048;0
dy_9760e;4;C;0;0,0024145437870174;0;0;0,048143;0,008;0
dy_9760e;5;C;0;0,0065273649990558;0;0;0,039813;0,016;0
dy_9760e;6;N;0;0,0055244304123334;0;0;0,677234;0,192;0
dy_9760e;7;C;0;0,0048627276439219;0;0;0,090486;0,32;1
dy_9760e;8;N;0;0,0034045737003907;0;0;0,62079;0,096;0
dy_9760e;9;C;0;0,0014881256094668;0;0;0,122628;0,2;0
dy_9760e;10;C;0;0,0065176264499314;0;0;0,01396;0,244;0
dy_9760e;11;N;1;0,0047592222690582;0;0;0,059826;0,216;0
dy_9760e;12;C;1;0,0045218928018584;0;0;0,018673;0,084;0
dy_9760e;13;N;0;0,013798746606335;0;0;0,037557;0,028;0
dy_9760e;14;C;0;0,0038426224607974;0;0;0,020935;0,08;0
dy_9760e;15;C;0;0,000723182427464;0;0;0,081675;0,508;1
dy_9760e;16;C;0;0,0003686831652885;0;0;0,167503;0,1;0
dy_9760e;17;N;0;0,0003585903221392;0;0;0,276451;0,016;0
dy_9760e;18;C;0;0,0003141794135444;0;0;0,145972;0,024;0
dy_9760e;19;C;0;0,0004181074007647;0;0;0,162877;0,332;1
dy_9760e;20;N;0;0,0009500861517153;0;0;0,242357;0,244;0
dy_9760e;21;C;0;0,0004181074007647;0;0;0,158995;0,2;0
dy_9760e;22;C;0;0,0003141794135444;0;0;0,172961;0,064;0
dy_9760e;23;C;0;0,0033426190260797;0;0;0,062697;0,096;0
dy_9760e;24;C;0;0,0029516776325181;0;0;0,017946;0,264;0
dy_9760e;25;C;0;0,0032156081171706;0;0;0,09845;0,096;0
dy_9760e;26;C;0;0,0018276208895258;0;0;0,050119;0,136;0
dy_9760e;27;C;0;0,0021266908966936;0;0;0,111651;0,052;0
dy_9760e;28;C;0;0,0018073522136546;0;0;0,130298;0,18;0
dy_9760e;29;Cl;0;0,0018560631084255;0;0;0,199385;0,088;0
dy_9760e;30;C;0;0,0010813610162585;0;0;0,017538;0,008;0
dy_9760e;31;O;0;0,0009686219622381;0;0;0,042191;0,06;0
dy_9760e;32;O;0;0,0009703274583444;0;0;0,031959;0,02;0
dy_9760e;33;C;0;0,0005108158948132;0;0;0,014078;0,016;0
dy_9760e;34;C;0;0,0005107374716317;0;0;0,023157;0,768;1
h259_31;0;C;0;0,0066912927199155;0;0;0,016601;0,032;0
h259_31;1;C;0;0,0022045264602638;0;0;0,003172;0,276;0
h259_31;2;C;0;0,0042237501591444;0;0;0,008234;0,164;0
h259_31;3;C;0;0,0071558712050318;0;0;0,003707;0,028;0
h259_31;4;C;0;0,0371301686391234;0;0;0,024613;0,052;0
h259_31;5;C;0;0,0278345063328743;0;0;0,012045;0,02;0
h259_31;6;F;0;0,0012423194129951;0;0;0,045331;0,036;0
h259_31;7;N;0;0,0269464019685983;0;0;0,164843;0,512;1
h259_31;8;C;0;0,0577721800655126;0;0;0,169508;0,452;1
h259_31;9;N;0;0,0202091514132916;0;0;0,375662;0,388;1
h259_31;10;S;1;0,9877710938453674;5;1;0,979186;0,388;1
h259_31;11;C;0;0,0086315753869712;0;0;0,184196;0,056;0
h259_31;12;O;1;0,98834308385849;5;1;0,842157;0,016;0
h259_31;13;C;0;0,0049185495590791;0;0;0,013211;0,072;0
h259_31;14;C;0;0,0019655392388813;0;0;0,005505;0,032;0
h259_31;15;C;0;0,0042059720959514;0;0;0,002652;0,028;0
h259_31;16;C;0;0,0019734064815565;0;0;0,018424;0,016;0
h259_31;17;C;0;0,0028514164267107;0;0;0,021717;0,032;0
h259_31;18;N;0;0,0025287491676863;0;0;0,045649;0,056;0
h259_31;19;O;0;0,0010548748105065;0;0;0,027339;0,016;0
h259_31;20;C;0;0,0005432235338957;0;0;0,057578;0,084;0
h259_31;21;C;0;0,0004430703731486;0;0;0,012735;0,024;0
h259_31;22;C;0;0,000316624752304;0;0;0,006041;0,004;0
h259_31;23;C;0;0,000316624752304;0;0;0,005506;0,064;0
linoleic_acid;0;C;0;0,0004088752626557;0;0;0,118551;0,08;0
linoleic_acid;1;C;0;0,0008813597669359;0;0;0,126336;0,076;0
linoleic_acid;2;C;0;0,0003621728697908;0;0;0,077245;0,084;0
linoleic_acid;3;C;1;0,0033764756750315;0;0;0,135397;0,04;0
linoleic_acid;4;C;0;0,0003599323361413;0;0;0,032387;0,104;0
linoleic_acid;5;C;1;0,0039534410461783;0;0;0,14415;0,124;0
linoleic_acid;6;C;0;0,0003742255983524;0;0;0,028723;0,14;0
linoleic_acid;7;C;0;0,0022684186697006;0;0;0,121047;0,14;0
linoleic_acid;8;C;0;0,0016464585554786;0;0;0,025639;0,132;0
linoleic_acid;9;C;1;0,0039534410461783;0;0;0,156543;0,08;0
linoleic_acid;10;C;0;0,0154225886799395;0;0;0,047852;0,052;0
linoleic_acid;11;C;1;0,003376467525959;0;0;0,267589;0,032;0
linoleic_acid;12;C;0;0,0166988058015704;0;0;0,264656;0,02;0
linoleic_acid;13;C;0;0,0008817944995826;0;0;0,042637;0,064;0
linoleic_acid;14;O;0;0,0128200881183147;0;0;0,035714;0,044;0
linoleic_acid;15;O;0;0,0128200881183147;0;0;0,258166;0,14;0
linoleic_acid;16;C;0;0,0004109992936719;0;0;0,014144;0,116;0
linoleic_acid;17;C;0;0,0003646843091701;0;0;0,01863;0,152;0
linoleic_acid;18;C;0;0,0003630070772487;0;0;0,03138;0,028;0
linoleic_acid;19;C;0;0,0003219866077415;0;0;0,052455;0,008;0
para_cresol;0;C;1;0,0034753718762658;0;0;0,179605;0,796;1
para_cresol;1;C;1;0,0017802694812417;0;0;0,091696;0,048;0
para_cresol;2;C;0;0,0025460404693149;0;0;0,491194;0,004;0
para_cresol;3;C;1;0,0060823406558483;0;0;0,581803;0,916;1
para_cresol;4;C;1;0,0025460404693149;0;0;0,50783;0,012;0
para_cresol;5;C;0;0,0017802694812417;0;0;0,095254;0,652;1
para_cresol;6;C;0;0,000760229921434;0;0;0,421734;0,916;1
para_cresol;7;O;0;0,0049340482102707;0;0;0,507643;0,004;0
ticlopidine;0;C;1;0,0024487941525876;0;0;0,006118;0,012;0
ticlopidine;1;C;1;0,0020392735954374;0;0;0,089158;0,012;0
ticlopidine;2;C;1;0,0035376474261283;0;0;0,198495;0,06;0
ticlopidine;3;S;0;0,0044214459136128;0;0;0,465005;0,044;0
ticlopidine;4;C;1;0,0043146641924977;0;0;0,017446;0,02;0
ticlopidine;5;C;0;0,0006069435563404;0;0;0,029248;0,0;0
ticlopidine;6;C;0;0,0003249893678002;0;0;0,101869;0,012;0
ticlopidine;7;N;0;0,0003955533087719;0;0;0,453352;0,76;1
ticlopidine;8;C;0;0,0005665898905135;0;0;0,20731;0,76;1
ticlopidine;9;C;0;0,0022068821592256;0;0;0,044169;0,08;0
ticlopidine;10;C;0;0,0005125180614413;0;0;0,287997;0,7;1
ticlopidine;11;C;0;0,0029188642511144;0;0;0,110961;0,044;0
ticlopidine;12;Cl;0;0,0017974205431528;0;0;0,260689;0,684;1
ticlopidine;13;C;0;0,0017478941474109;0;0;0,03238;0,868;1
ticlopidine;14;C;0;0,0016952571691945;0;0;0,028854;0,612;1
ticlopidine;15;C;0;0,0016612145467661;0;0;0,023789;0,02;0
ticlopidine;16;C;0;0,0015101920696906;0;0;0,038762;0,78;1
troglitazone;0;C;1;0,0032234333222731;0;0;0,137596;0,124;0
troglitazone;1;C;1;0,0029385799891315;0;0;0,023187;0,0;0
troglitazone;2;O;0;0,0012860233488027;0;0;0,151251;0,004;0
troglitazone;3;C;1;0,0034860814223065;0;0;0,029339;0,084;0
troglitazone;4;C;0;0,0006032058707205;0;0;0,025208;0,004;0
troglitazone;5;C;1;0,0053433185210451;0;0;0,158395;0,004;0
troglitazone;6;C;0;0,0005885311897145;0;0;0,135688;0,0;0
troglitazone;7;C;1;0,005521113006398;0;0;0,036145;0,584;1
troglitazone;8;C;0;0,0011275450058747;0;0;0,040553;0,004;0
troglitazone;9;C;0;0,0004107952088816;0;0;0,02619;0,732;1
troglitazone;10;C;1;0,0074145702412351;0;0;0,427816;0,024;0
troglitazone;11;C;0;0,0013556439371313;0;0;0,065989;0,036;0
troglitazone;12;C;0;0,000614132816554;0;0;0,164856;0,7;1
troglitazone;13;C;0;0,0004407300017192;0;0;0,051393;0,06;0
troglitazone;14;C;0;0,0013759922760073;0;0;0,007547;0,108;0
troglitazone;15;O;0;0,0100017506163567;0;0;0,121713;0,012;0
troglitazone;16;O;0;0,0010369004448875;0;0;0,119504;0,008;0
troglitazone;17;C;0;0,0038278860389254;0;0;0,003955;0,004;0
troglitazone;18;C;0;0,0017832527868449;0;0;0,005454;0,012;0
troglitazone;19;C;0;0,0017832527868449;0;0;0,006021;0,004;0
troglitazone;20;C;0;0,0016853363486006;0;0;0,002826;0,068;0
troglitazone;21;C;0;0,0016853363486006;0;0;0,003514;0,144;0
troglitazone;22;C;0;0,004470759932883;0;0;0,00116;0,66;1
troglitazone;23;C;0;0,0010357526130974;0;0;0,036894;0,352;1
troglitazone;24;C;0;0,003538116835989;0;0;0,203606;0,0;0
troglitazone;25;C;0;0,0028454099316149;0;0;0,367645;0,028;0
troglitazone;26;S;0;0,0016791670117527;0;0;0,477527;0,108;0
troglitazone;27;N;0;0,0014736974961124;0;0;0,064401;0,004;0
troglitazone;28;O;0;0,0034340853337198;0;0;0,071769;0,012;0
troglitazone;29;C;0;0,0015476176515221;0;0;0,275312;0,004;0
troglitazone;30;O;0;0,0023752566659823;0;0;0,124678;0,008;0
barnidipine;0;C;0;0,0394255686551332;0;0;0,044838;0,152;0
barnidipine;1;C;0;0,4723763078451156;2;0;0,063069;0,02;0
barnidipine;2;C;0;0,0078092023264616;0;0;0,006104;0,28;0
barnidipine;3;C;1;0,4723523765802383;2;0;0,020672;0,008;0
barnidipine;4;C;0;0,0090644969139248;0;0;0,594659;0,032;0
barnidipine;5;C;0;0,4487143218517303;2;0;0,122075;0,06;0
barnidipine;6;C;0;0,0027783294674009;0;0;0,025488;0,048;0
barnidipine;7;C;0;0,0015979030402377;0;0;0,031007;0,044;0
barnidipine;8;C;1;0,4507076248526573;2;0;0,062412;0,052;0
barnidipine;9;C;0;0,0094866837374866;0;0;0,068492;0,032;0
barnidipine;10;O;0;0,0014233796391636;0;0;0,554264;0,068;0
barnidipine;11;O;0;0,0028976374771445;0;0;0,029689;0,328;1
barnidipine;12;N;0;0,0105182062834501;0;0;0,113263;0,012;0
barnidipine;13;C;0;0,0028339354088529;0;0;0,023079;0,032;0
barnidipine;14;C;0;0,037788125872612;0;0;0,089932;0,084;0
barnidipine;15;C;0;0,0022623552009463;0;0;0,013644;0,04;0
barnidipine;16;C;0;0,0028333455324172;0;0;0,023423;0,244;0
barnidipine;17;O;0;0,0013297954690642;0;0;0,053397;0,256;0
barnidipine;18;O;0;0,0029820963973179;0;0;0,000937;0,608;1
barnidipine;19;C;0;0,0008366984489839;0;0;0,165429;0,024;0
barnidipine;20;C;0;0,0024477039696648;0;0;0,010357;0,048;0
barnidipine;21;N;0;0,918092167377472;5;1;0,560258;0,028;0
barnidipine;22;C;0;0,0008078479615505;0;0;0,032936;0,228;0
barnidipine;23;C;0;0,0003434410667978;0;0;0,064795;0,028;0
barnidipine;24;C;0;0,0003420742868911;0;0;0,015175;0,048;0
barnidipine;25;O;0;0,9287891745567322;5;1;0,334431;0,164;0
barnidipine;26;O;0;0,2555415898561478;0;0;0,422699;0,06;0
barnidipine;27;N;0;0,0003802328792517;0;0;0,259788;0,012;0
barnidipine;28;C;0;0,0002970974892377;0;0;0,037233;0,016;0
barnidipine;29;C;0;0,000548681980581;0;0;0,232103;0,044;0
barnidipine;30;C;0;0,0037279150215908;0;0;0,016608;0,044;0
barnidipine;31;C;0;0,0014128372306004;0;0;0,029047;0,004;0
barnidipine;32;C;0;0,0014128372306004;0;0;0,022023;0,3;0
barnidipine;33;C;0;0,0016786626190878;0;0;0,038832;0,0;0
barnidipine;34;C;0;0,0016786626190878;0;0;0,040811;0,004;0
barnidipine;35;C;0;0,0013960185402538;0;0;0,035185;0,008;0
cisapride;0;C;0;0,0038587754766922;0;0;0,105203;0,16;0
cisapride;1;C;0;0,0017836206941865;0;0;0,049499;0,004;0
cisapride;2;C;0;0,0018702348228543;0;0;0,01066;0,008;0
cisapride;3;C;1;0,0034062626305967;0;0;0,017758;0,172;0
cisapride;4;C;0;0,0018702348228543;0;0;0,007033;0,008;0
cisapride;5;C;0;0,0017836206941865;0;0;0,057785;0,028;0
cisapride;6;F;1;0,0011685470410156;0;0;0,098843;0,008;0
cisapride;7;O;0;0,0010399242164567;0;0;0,182778;0,0;0
cisapride;8;C;0;0,0005162001732969;0;0;0,120788;0,012;0
cisapride;9;C;0;0,0003837362281046;0;0;0,042009;0,004;0
cisapride;10;C;0;0,000333862521802;0;0;0,032306;0,068;0
cisapride;11;N;0;0,0003597230082959;0;0;0,071402;0,004;0
cisapride;12;C;0;0,0003038783077499;0;0;0,042738;0,068;0
cisapride;13;C;0;0,0003986790252383;0;0;0,017962;0,052;0
cisapride;14;C;0;0,0009395228524226;0;0;0,018596;0,028;0
cisapride;15;C;0;0,0004966805514413;0;0;0,013006;0,264;0
cisapride;16;C;0;0,0003293296264018;0;0;0,026011;0,18;0
cisapride;17;O;0;0,0003619120994699;0;0;0,023971;0,184;0
cisapride;18;C;0;0,0002953467381303;0;0;0,020804;0,036;0
cisapride;19;N;0;0,0014113290351815;0;0;0,370474;0,116;0
cisapride;20;C;0;0,0024846171028912;0;0;0,681145;0,068;0
cisapride;21;O;0;0,0022868768544867;0;0;0,136977;0,024;0
cisapride;22;C;0;0,0048053113278001;0;0;0,069166;0,048;0
cisapride;23;C;0;0,0055678650736808;0;0;0,007055;0,04;0
cisapride;24;C;0;0,003105220850557;0;0;0,013331;0,26;0
cisapride;25;C;0;0,0078640875406563;0;0;0,066871;0,008;0
cisapride;26;C;0;0,0056886259000748;0;0;0,062816;0,04;0
cisapride;27;C;0;0,0055197826586663;0;0;0,036394;0,048;0
cisapride;28;Cl;0;0,0020147220930084;0;0;0,087504;0,232;0
cisapride;29;N;0;0,0058344863820821;0;0;0,322192;0,1;0
cisapride;30;O;0;0,0010722648061346;0;0;0,072427;0,02;0
cisapride;31;C;0;0,0005194803350605;0;0;0,05438;0,212;0
indole;0;C;0;0,001759982749354;0;0;0,079196;0,544;1
indole;1;C;0;0,0018751831143163;0;0;0,068566;0,452;1
indole;2;C;0;0,0031366918003186;0;0;0,137026;0,268;0
indole;3;C;0;0,007729422301054;0;0;0,057301;0,048;0
indole;4;C;0;0,0097043253481388;0;0;0,055502;0,444;1
indole;5;C;0;0,0018361990107223;0;0;0,075923;0,58;1
indole;6;C;1;0,0049018314573913;0;0;0,64437;0,356;1
indole;7;C;1;0,0061411924660205;0;0;0,380789;0,04;0
indole;8;N;0;0,0131397620774805;0;0;0,402673;0,224;0
MOP-13031;0;C;0;0,0446847774088382;0;0;0,14498;0,156;0
MOP-13031;1;C;0;0,008279347536154;0;0;0,020296;0,056;0
MOP-13031;2;C;1;0,5426908493041992;3;1;0,159437;0,32;1
MOP-13031;3;C;1;0,4884959131479263;2;0;0,097916;0,02;0
MOP-13031;4;C;0;0,0026874738046899;0;0;0,064276;0,068;0
MOP-13031;5;C;0;0,0015656318049877;0;0;0,06795;0,088;0
MOP-13031;6;C;1;0,4539534777402877;2;0;0,179456;0,12;0
MOP-13031;7;C;0;0,0576715329661965;0;0;0,332657;0,136;0
MOP-13031;8;C;1;0,4521616205573082;2;0;0,143447;0,1;0
MOP-13031;9;C;0;0,0096892309840768;0;0;0,130429;0,164;0
MOP-13031;10;C;0;0,0376466438174247;0;0;0,142877;0,116;0
MOP-13031;11;C;0;0,0022631797706708;0;0;0,020816;0,148;0
MOP-13031;12;N;0;0,0104099633172154;0;0;0,210291;0,032;0
MOP-13031;13;C;0;0,0028310116846114;0;0;0,086777;0,052;0
MOP-13031;14;O;0;0,0255484286695718;0;0;0,177141;0,148;0
MOP-13031;15;O;0;0,0255484286695718;0;0;0,030926;0,016;0
MOP-13031;16;C;0;0,002830324624665;0;0;0,055539;0,012;0
MOP-13031;17;O;0;0,0013320445199497;0;0;0,069228;0,08;0
MOP-13031;18;O;0;0,0029967970680445;0;0;0,004073;0,076;0
MOP-13031;19;C;0;0,002445328910835;0;0;0,034491;0,012;0
MOP-13031;20;N;0;0,9180939197540284;5;1;0,672562;0,376;1
MOP-13031;21;C;0;0,0008079588180407;0;0;0,048034;0,004;0
MOP-13031;22;O;0;0,92878919839859;5;1;0,408307;0,004;0
MOP-13031;23;O;0;0,2555416226387024;0;0;0,440826;0,008;0
muraglitazar;0;O;0;0,0010511515749385;0;0;0,119658;0,852;1
muraglitazar;1;O;0;0,0088559436611831;0;0;0,24128;0,008;0
muraglitazar;2;O;0;0,0019787310855463;0;0;0,602471;0,012;0
muraglitazar;3;O;0;0,0016680950066074;0;0;0,004417;0,004;0
muraglitazar;4;O;0;0,0154548574239015;0;0;0,064012;0,0;0
muraglitazar;5;O;0;0,0154548574239015;0;0;0,00823;0,0;0
muraglitazar;6;O;0;0,0009776197926839;0;0;0,051555;0,004;0
muraglitazar;7;N;0;0,0058409515069797;0;0;0,727593;0,664;1
muraglitazar;8;N;1;0,0069881816394627;0;0;0,487029;0,004;0
muraglitazar;9;C;0;0,0009724580158945;0;0;0,059944;0,012;0
muraglitazar;10;C;0;0,0013900412828661;0;0;0,198138;0,036;0
muraglitazar;11;C;0;0,0040307672461494;0;0;0,00095;0,032;0
muraglitazar;12;C;0;0,0118466760963201;0;0;0,128932;0,004;0
muraglitazar;13;C;0;0,0005878010910237;0;0;0,167321;0,016;0
muraglitazar;14;C;0;0,0038669949164614;0;0;0,009377;0,028;0
muraglitazar;15;C;0;0,0121655889786779;0;0;0,314033;0,008;0
muraglitazar;16;C;0;0,0016526918625459;0;0;0,011033;0,0;0
muraglitazar;17;C;0;0,0016526918625459;0;0;0,017136;0,0;0
muraglitazar;18;C;0;0,0017876998055726;0;0;0,01408;0,0;0
muraglitazar;19;C;0;0,0017876998055726;0;0;0,011716;0,0;0
muraglitazar;20;C;0;0,0340705505572259;0;0;0,194955;0,892;1
muraglitazar;21;C;1;0,0154170496389269;0;0;0,173106;0,916;1
muraglitazar;22;C;0;0,0173030143603682;0;0;0,016677;0,68;1
muraglitazar;23;C;0;0,0019236748106777;0;0;0,284507;0,648;1
muraglitazar;24;C;0;0,0014009432750754;0;0;0,755343;0,636;1
muraglitazar;25;C;0;0,0017929295776411;0;0;0,026347;0,0;0
muraglitazar;26;C;0;0,0017929295776411;0;0;0,026948;0,0;0
muraglitazar;27;C;0;0,0235878121107816;0;0;0,06691;0,0;0
muraglitazar;28;C;0;0,0050060623558238;0;0;0,083956;0,928;1
muraglitazar;29;C;0;0,001763932663016;0;0;0,026414;0,0;0
muraglitazar;30;C;0;0,001763932663016;0;0;0,02882;0,0;0
muraglitazar;31;C;0;0,0014058444357942;0;0;0,021292;0,008;0
muraglitazar;32;C;0;0,0019684276892803;0;0;0,033526;0,636;1
muraglitazar;33;C;0;0,0019684276892803;0;0;0,036516;0,892;1
muraglitazar;34;C;0;0,0018184644985012;0;0;0,04174;0,0;0
muraglitazar;35;C;0;0,0018184644985012;0;0;0,041301;0,0;0
muraglitazar;36;C;0;0,0039167776703834;0;0;0,018567;0,0;0
muraglitazar;37;C;0;0,0005161938985111;0;0;0,043187;0,004;0
vicriviroc;0;N;0;0,0005056207912275;0;0;0,155261;0,7;1
vicriviroc;1;C;0;0,0008832648280076;0;0;0,172981;0,044;0
vicriviroc;2;C;0;0,0004691019508754;0;0;0,125888;0,112;0
vicriviroc;3;O;0;0,0003344792654388;0;0;0,070046;0,444;1
vicriviroc;4;C;0;0,0002770904451608;0;0;0,070923;0,008;0
vicriviroc;5;C;0;0,0048898017965257;0;0;0,019497;0,016;0
vicriviroc;6;C;0;0,0019717095536179;0;0;0,023012;0,012;0
vicriviroc;7;C;0;0,0021644748747348;0;0;0,017743;0,02;0
vicriviroc;8;C;0;0,0060378584079444;0;0;0,013142;0,012;0
vicriviroc;9;C;0;0,0021644748747348;0;0;0,016445;0,0;0
vicriviroc;10;C;0;0,0019717095536179;0;0;0,020849;0,0;0
vicriviroc;11;C;0;0,0044444375089369;0;0;0,274086;0,0;0
vicriviroc;12;F;0;0,003095196862705;0;0;0,212407;0,012;0
vicriviroc;13;F;0;0,003095196862705;0;0;0,210391;0,016;0
vicriviroc;14;F;0;0,003095196862705;0;0;0,227854;0,056;0
vicriviroc;15;C;0;0,000477122204029;0;0;0,106106;0,136;0
vicriviroc;16;C;0;0,0003862477853544;0;0;0,038714;0,252;0
vicriviroc;17;C;0;0,0003550172492396;0;0;0,108355;0,052;0
vicriviroc;18;N;0;0,0003980960187618;0;0;0,188176;0,068;0
vicriviroc;19;C;0;0,0004067229572683;0;0;0,012717;0,048;0
vicriviroc;20;C;0;0,000385614921106;0;0;0,005743;0,004;0
vicriviroc;21;C;0;0,0003151033160975;0;0;0,160527;0,016;0
vicriviroc;22;C;0;0,0003493456781143;0;0;0,080346;0,004;0
vicriviroc;23;C;0;0,0003781875740969;0;0;0,040302;0,08;0
vicriviroc;24;C;0;0,0006384959327988;0;0;0,04582;0,016;0
vicriviroc;25;N;0;0,001229014666751;0;0;0,250909;0,008;0
vicriviroc;26;C;0;0,0006384959327988;0;0;0,041917;0,008;0
vicriviroc;27;C;0;0,0003781875740969;0;0;0,035158;0,044;0
vicriviroc;28;C;0;0,0022252690978348;0;0;0,810858;0,904;1
vicriviroc;29;C;0;0,0042812593979761;0;0;0,038281;0,036;0
vicriviroc;30;O;0;0,0021686242194846;0;0;0,203375;0,904;1
vicriviroc;31;C;1;0,0066848383285105;0;0;0,027786;0,008;0
vicriviroc;32;C;0;0,0011744850547984;0;0;0,013844;0,044;0
vicriviroc;33;N;1;0,0028514429577626;0;0;0,32753;0,016;0
vicriviroc;34;C;0;0,0030025871354155;0;0;0,19278;0,004;0
vicriviroc;35;N;0;0,0028514429577626;0;0;0,368465;0,508;1
vicriviroc;36;C;0;0,0066848383285105;0;0;0,045863;0,416;1
vicriviroc;37;C;0;0,0011744848685339;0;0;0,010818;0,028;0
delavirdine;0;C;0;0,0009155353996902;0;0;0,006898;0,188;0
delavirdine;1;S;0;0,0019868671603035;0;0;0,918682;0,324;1
delavirdine;2;O;0;0,0015455491433385;0;0;0,36797;0,188;0
delavirdine;3;O;0;0,0015455491433385;0;0;0,326534;0,128;0
delavirdine;4;N;0;0,0024987799173686;0;0;0,774168;0,024;0
delavirdine;5;C;0;0,0074248672230169;0;0;0,023059;0,064;0
delavirdine;6;C;0;0,0022865259088575;0;0;0,009736;0,132;0
delavirdine;7;C;0;0,0021353136049583;0;0;0,013769;0,112;0
delavirdine;8;C;0;0,0043225439731031;0;0;0,005963;0,064;0
delavirdine;9;C;0;0,0122316169552505;0;0;0,00086;0,016;0
delavirdine;10;C;0;0,0106193764135241;0;0;0,002106;0,16;0
delavirdine;11;C;0;0,0071434221230447;0;0;0,019177;0,24;0
delavirdine;12;N;0;0,0131411364302039;0;0;0,042492;0,368;1
delavirdine;13;C;0;0,0078214878216385;0;0;0,054413;0,104;0
delavirdine;14;C;0;0,0030220340006053;0;0;0,559029;0,18;0
delavirdine;15;N;0;0,0012226734776049;0;0;0,236656;0,012;0
delavirdine;16;O;0;0,0024194829165935;0;0;0,090745;0,024;0
delavirdine;17;C;0;0,0006660510320216;0;0;0,153289;0,012;0
delavirdine;18;C;0;0,0006660510320216;0;0;0,128677;0,008;0
delavirdine;19;C;0;0,000450905735488;0;0;0,143008;0,032;0
delavirdine;20;C;0;0,000450905735488;0;0;0,163478;0,02;0
delavirdine;21;N;0;0,0012839894770877;0;0;0,182848;0,06;0
delavirdine;22;C;1;0,004903137095971;0;0;0,12855;0,004;0
delavirdine;23;C;1;0,0063550392864271;0;0;0,093204;0,016;0
delavirdine;24;C;1;0,0020026380661875;0;0;0,021956;0,0;0
delavirdine;25;C;1;0,0021952985902316;0;0;0,035715;0,0;0
delavirdine;26;C;1;0,002777177124517;0;0;0,054192;0,056;0
delavirdine;27;N;1;0,0032372634974308;0;0;0,220901;0,116;0
delavirdine;28;N;0;0,0029075278434902;0;0;0,332045;0,008;0
delavirdine;29;C;0;0,0019901463238056;0;0;0,087176;0,064;0
delavirdine;30;C;0;0,0009827588510233;0;0;0,011599;0,368;1
delavirdine;31;C;0;0,0009827588510233;0;0;0,005818;0,24;0
cj_12_458;0;C;0;0,0060717456042766;0;0;0,004813;0,42;1
cj_12_458;1;C;0;0,0015637179021723;0;0;0,013422;0,264;0
cj_12_458;2;C;0;0,0017172187566757;0;0;0,019994;0,344;1
cj_12_458;3;C;0;0,001400940172607;0;0;0,033301;0,008;0
cj_12_458;4;C;0;0,0017172187566757;0;0;0,028201;0,06;0
cj_12_458;5;C;0;0,0015637179021723;0;0;0,017785;0,068;0
cj_12_458;6;C;0;0,0012829078768845;0;0;0,219394;0,02;0
cj_12_458;7;C;0;0,0060717456042766;0;0;0,00693;0,02;0
cj_12_458;8;C;0;0,0015637179021723;0;0;0,017015;0,764;1
cj_12_458;9;C;0;0,0017172187566757;0;0;0,025799;0,008;0
cj_12_458;10;C;0;0,001400940172607;0;0;0,033857;0,088;0
cj_12_458;11;C;0;0,0017172187566757;0;0;0,020842;0,068;0
cj_12_458;12;C;0;0,0015637179021723;0;0;0,017287;0,128;0
cj_12_458;13;C;0;0,0005538736353628;0;0;0,127168;0,124;0
cj_12_458;14;C;0;0,0004543260962236;0;0;0,176946;0,068;0
cj_12_458;15;C;0;0,0004476504313061;0;0;0,015444;0,144;0
cj_12_458;16;C;0;0,0003256250667618;0;0;0,022936;0,096;0
cj_12_458;17;C;0;0,0003045474091777;0;0;0,059656;0,144;0
cj_12_458;18;N;0;0,0003918966714991;0;0;0,102484;0,068;0
cj_12_458;19;C;0;0,0003256250667618;0;0;0,029891;0,112;0
cj_12_458;20;C;0;0,0003045474091777;0;0;0,080106;0,06;0
cj_12_458;21;N;0;0,0003892659340635;0;0;0,486691;0,008;0
cj_12_458;22;C;0;0,0005843779887072;0;0;0,205494;0,012;0
cj_12_458;23;C;0;0,0025136573356576;0;0;0,023157;0,004;0
cj_12_458;24;C;0;0,002037825260777;0;0;0,082438;0,02;0
cj_12_458;25;C;0;0,0203165515325963;0;0;0,011754;0,004;0
cj_12_458;26;C;0;0,0021044451859779;0;0;0,030836;0,012;0
cj_12_458;27;C;0;0,0020623443066142;0;0;0,015622;0,008;0
cj_12_458;28;C;0;0,002911032247357;0;0;0,009685;0,012;0
cj_12_458;29;O;0;0,0009711124061141;0;0;0,021359;0,004;0
cj_12_458;30;C;0;0,0005133173632202;0;0;0,0451;0,02;0
cj_12_458;31;C;1;0,0098214883357286;0;0;0,066862;0,004;0
cj_12_458;32;C;0;0,0029939976288005;0;0;0,008418;0,012;0
cj_12_458;33;C;1;0,0123925820924341;0;0;0,225383;0,0;0
furan;0;C;1;0,0022917515365406;0;0;0,253606;0,068;0
furan;1;C;1;0,0022917515365406;0;0;0,281491;0,068;0
furan;2;C;1;0,0034988468047231;0;0;0,674429;0,908;1
furan;3;O;0;0,0046507405815646;0;0;0,316763;0,048;0
furan;4;C;1;0,0034988468047231;0;0;0,65783;0,908;1
imidacloprid;0;N;0;0,0013214834732934;0;0;0,296075;0,012;0
imidacloprid;1;C;0;0,0040356933837756;0;0;0,306705;0,844;1
imidacloprid;2;C;0;0,0010525178804527;0;0;0,169536;0,0;0
imidacloprid;3;C;0;0,0006361927895341;0;0;0,040199;0,164;0
imidacloprid;4;N;0;0,0011615339317359;0;0;0,205211;0,172;0
imidacloprid;5;N;0;0,0229917990043759;0;0;0,570492;0,044;0
imidacloprid;6;C;0;0,005308141518617;0;0;0,043911;0,296;0
imidacloprid;7;C;0;0,0006274724641116;0;0;0,02296;0,3;0
imidacloprid;8;N;1;0,9005437612533569;5;1;0,595535;0,016;0
imidacloprid;9;C;0;0,001721922494471;0;0;0,047292;0,764;1
imidacloprid;10;C;0;0,0029311882215552;0;0;0,103846;0,0;0
imidacloprid;11;O;1;0,9198700547218324;5;1;0,206611;0,012;0
imidacloprid;12;O;0;0,2495425283908844;0;0;0,25651;0,016;0
imidacloprid;13;C;0;0,0026874772738665;0;0;0,024278;0,72;1
imidacloprid;14;N;0;0,0039126661489717;0;0;0,126653;0,0;0
imidacloprid;15;C;0;0,0066048278938978;0;0;0,061385;0,012;0
imidacloprid;16;Cl;0;0,0024028123996686;0;0;0,113697;0,016;0
nifedipine;0;C;0;0,0287028174847364;0;0;0,149961;0,152;0
nifedipine;1;C;0;0,0029443629318848;0;0;0,019982;0,052;0
nifedipine;2;C;0;0,001777708530426;0;0;0,00576;0,3;0
nifedipine;3;C;0;0,0016956345178186;0;0;0,029314;0,028;0
nifedipine;4;C;0;0,001793782657478;0;0;0,040448;0,08;0
nifedipine;5;C;0;0,0089967481791973;0;0;0,021469;0,104;0
nifedipine;6;C;0;0,1258426442742347;0;0;0,073305;0,148;0
nifedipine;7;C;1;0,6092930912971497;3;1;0,055405;0,124;0
nifedipine;8;C;1;0,5060121566057205;3;1;0,144954;0,104;0
nifedipine;9;N;0;0,01095866933465;0;0;0,267733;0,148;0
nifedipine;10;C;1;0,5060121566057205;3;1;0,165494;0,08;0
nifedipine;11;C;1;0,6092930912971497;3;1;0,047103;0,3;0
nifedipine;12;C;0;0,0029059851542115;0;0;0,029953;0,028;0
nifedipine;13;C;0;0,0029059851542115;0;0;0,049025;0,052;0
nifedipine;14;C;0;0,010720279905945;0;0;0,109696;0,152;0
nifedipine;15;O;0;0,0013410935760475;0;0;0,038691;0,056;0
nifedipine;16;O;0;0,0030963562894612;0;0;0,004538;0,008;0
nifedipine;17;C;0;0,010720279905945;0;0;0,113798;0,016;0
nifedipine;18;O;0;0,0013410935760475;0;0;0,040012;0,084;0
nifedipine;19;O;0;0,0030963562894612;0;0;0,003768;0,124;0
nifedipine;20;C;0;0,00080940349726;0;0;0,037983;0,088;0
nifedipine;21;O;0;0,9195846796035768;5;1;0,438534;0,016;0
nifedipine;22;O;0;0,2510823130607605;0;0;0,518369;0,388;1
nifedipine;23;C;0;0,00080940349726;0;0;0,021456;0,004;0
nifedipine;24;N;0;0,9061845779418946;5;1;0,829755;0,016;0
pinacidil;0;C;0;0,0031260436400771;0;0;0,371927;0,368;1
pinacidil;1;N;0;0,0029935543658211;0;0;0,374373;0,428;1
pinacidil;2;N;0;0,0024138847948051;0;0;0,547912;0,084;0
pinacidil;3;N;0;0,001972679386381;0;0;0,250327;0,14;0
pinacidil;4;C;0;0,0075874512083828;0;0;0,005894;0,116;0
pinacidil;5;C;0;0,0025236968998797;0;0;0,125701;0,24;0
pinacidil;6;C;0;0,0018873662222176;0;0;0,005453;0,084;0
pinacidil;7;C;0;0,0018873662222176;0;0;0,002811;0,056;0
pinacidil;8;C;0;0,0011416847934015;0;0;0,009167;0,044;0
pinacidil;9;C;0;0,0011214758618734;0;0;0,018523;0,036;0
pinacidil;10;C;0;0,0019494722131639;0;0;0,015874;0,168;0
pinacidil;11;C;0;0,0019494722131639;0;0;0,012102;0,236;0
pinacidil;12;C;0;0,0008328201132826;0;0;0,013119;0,168;0
pinacidil;13;C;0;0,0008328201132826;0;0;0,009535;0,036;0
pinacidil;14;C;0;0,0008328201132826;0;0;0,01479;0,24;0
pinacidil;15;N;0;0,0022647697333013;0;0;0,018307;0,472;1
pinacidil;16;C;1;0,0019352201372385;0;0;0,549012;0,472;1
pinacidil;17;N;1;0,0018613493652082;0;0;0,112597;0,472;1
reduced_haloperidol;0;C;1;0,0006517663132399;0;0;0,404486;0,28;0
reduced_haloperidol;1;O;1;0,0005400680645834;0;0;0,333594;0,316;1
reduced_haloperidol;2;C;0;0,0043519528699107;0;0;0,048876;0,124;0
reduced_haloperidol;3;C;0;0,00037304253201;0;0;0,059519;0,028;0
reduced_haloperidol;4;C;0;0,00037304253201;0;0;0,065908;0,372;1
reduced_haloperidol;5;C;0;0,0018138966057449;0;0;0,019521;0,164;0
reduced_haloperidol;6;C;0;0,0018138966057449;0;0;0,017646;0,2;0
reduced_haloperidol;7;C;0;0,0003005279810167;0;0;0,037648;0,392;1
reduced_haloperidol;8;C;0;0,0003005279810167;0;0;0,030052;0,032;0
reduced_haloperidol;9;C;0;0,00196089920355;0;0;0,015126;0,172;0
reduced_haloperidol;10;C;0;0,00196089920355;0;0;0,015916;0,016;0
reduced_haloperidol;11;N;0;0,0003530710746417;0;0;0,285732;0,016;0
reduced_haloperidol;12;C;0;0,0050960315857082;0;0;0,02218;0,016;0
reduced_haloperidol;13;C;0;0,0003404260074603;0;0;0,190271;0,032;0
reduced_haloperidol;14;Cl;0;0,0014633296872489;0;0;0,131605;0,0;0
reduced_haloperidol;15;C;0;0,0004261881636921;0;0;0,06298;0,016;0
reduced_haloperidol;16;C;0;0,0008983961801277;0;0;0,049367;0,016;0
reduced_haloperidol;17;C;0;0,0030889615532942;0;0;0,627507;0,392;1
reduced_haloperidol;18;C;0;0,0051136104855686;0;0;0,034961;0,2;0
reduced_haloperidol;19;O;0;0,0027107837377116;0;0;0,548451;0,004;0
reduced_haloperidol;20;C;0;0,0022590184700675;0;0;0,036562;0,02;0
reduced_haloperidol;21;C;0;0,0022590184700675;0;0;0,035329;0,084;0
reduced_haloperidol;22;C;0;0,0020104356692172;0;0;0,007736;0,204;0
reduced_haloperidol;23;C;0;0,0020104356692172;0;0;0,007161;0,0;0
reduced_haloperidol;24;C;0;0,0034233001293614;0;0;0,008638;0,084;0
reduced_haloperidol;25;F;0;0,0011679555755108;0;0;0,098641;0,02;0
riddelliine;0;C;0;0,0006609204690903;0;0;0,124193;0,1;0
riddelliine;1;C;0;0,0009803529595956;0;0;0,086963;0,048;0
riddelliine;2;C;1;0,00174300102517;0;0;0,016357;0,048;0
riddelliine;3;N;0;0,0004175481182755;0;0;0,422558;0,048;0
riddelliine;4;O;0;0,0017462764400988;0;0;0,070427;0,092;0
riddelliine;5;C;0;0,0003523590115946;0;0;0,031762;0,012;0
riddelliine;6;C;0;0,0009360261261463;0;0;0,089801;0,168;0
riddelliine;7;C;1;0,0013597246550489;0;0;0,022844;0,04;0
riddelliine;8;C;0;0,0003083885763771;0;0;0,044952;0,024;0
riddelliine;9;C;0;0,0005325947946403;0;0;0,191888;0,048;0
riddelliine;10;C;0;0,0255442542955279;0;0;0,140496;0,044;0
riddelliine;11;O;0;0,0015183524694293;0;0;0,024648;0,116;0
riddelliine;12;C;0;0,9747561454772948;5;1;0,027243;0,1;0
riddelliine;13;O;0;0,0101357971783727;0;0;0,034005;0,452;1
riddelliine;14;C;0;0,0034956301096826;0;0;0,104547;0,148;0
riddelliine;15;C;0;0,0249604016542434;0;0;0,028497;0,06;0
riddelliine;16;C;0;0,9763179779052734;5;1;0,032285;0,08;0
riddelliine;17;C;0;0,006785472203046;0;0;0,348071;0,012;0
riddelliine;18;O;0;0,0045506105292588;0;0;0,0096;0,16;0
riddelliine;19;C;0;0,0299533607903867;0;0;0,026117;0,016;0
riddelliine;20;C;0;0,0090731919277459;0;0;0,037243;0,052;0
riddelliine;21;C;0;0,0016769880196079;0;0;0,594026;0,036;0
riddelliine;22;O;0;0,0013149822130799;0;0;0,18278;0,048;0
riddelliine;23;C;0;0,0054165860638022;0;0;0,070862;0,048;0
riddelliine;24;O;0;0,0005294170929118;0;0;0,410836;0,396;1
simvastatin;0;C;0;0,0030689537059515;0;0;0,111805;0,012;0
simvastatin;1;C;0;0,0032018404919654;0;0;0,044555;0,048;0
simvastatin;2;C;0;0,0011634910712018;0;0;0,170797;0,028;0
simvastatin;3;C;0;0,0004570207354845;0;0;0,007829;0,012;0
simvastatin;4;O;0;0,0039644744247198;0;0;0,007466;0,012;0
simvastatin;5;O;0;0,0014234642847441;0;0;0,034309;0,344;1
simvastatin;6;C;0;0,0008974911412224;0;0;0,059979;0,004;0
simvastatin;7;O;0;0,0005658785375999;0;0;0,054084;0,032;0
simvastatin;8;C;0;0,0004065694636665;0;0;0,046613;0,088;0
simvastatin;9;C;0;0,0004061421874212;0;0;0,037723;0,048;0
simvastatin;10;C;0;0,0005216557910898;0;0;0,034145;0,044;0
simvastatin;11;C;0;0,0006860350084025;0;0;0,014585;0,064;0
simvastatin;12;C;0;0,0007593423099024;0;0;0,098946;0,104;0
simvastatin;13;C;1;0,0023395646363496;0;0;0,035124;0,084;0
simvastatin;14;C;1;0,0042633451055735;0;0;0,019844;0,048;0
simvastatin;15;C;1;0,0039406687486916;0;0;0,036208;0,1;0
simvastatin;16;C;0;0,0004160424039582;0;0;0,008105;0,052;0
simvastatin;17;C;0;0,0008986850560177;0;0;0,232174;0,06;0
simvastatin;18;C;0;0,0004224855161737;0;0;0,0672;0,044;0
simvastatin;19;C;0;0,0007187492010416;0;0;0,043282;0,04;0
simvastatin;20;C;1;0,001916870905552;0;0;0,092895;0,016;0
simvastatin;21;C;0;0,0003989118122262;0;0;0,051025;0,04;0
simvastatin;22;O;0;0,0013361650286242;0;0;0,448043;0,032;0
simvastatin;23;C;0;0,0026360811898484;0;0;0,618205;0,12;0
simvastatin;24;C;0;0,0046313060913234;0;0;0,074498;0,164;0
simvastatin;25;C;0;0,0020782325300388;0;0;0,034918;0,084;0
simvastatin;26;C;0;0,0025958418613299;0;0;0,016688;0,712;1
simvastatin;27;C;0;0,0025958418613299;0;0;0,01071;0,008;0
simvastatin;28;C;0;0,0004811602266272;0;0;0,01653;0,012;0
simvastatin;29;O;0;0,0024498760001733;0;0;0,021798;0,036;0
nisoldipine;0;C;0;0,0029059851542115;0;0;0,035928;0,088;0
nisoldipine;1;C;1;0,506012137234211;3;1;0,073196;0,08;0
nisoldipine;2;C;1;0,6091304183006286;3;1;0,049225;0,064;0
nisoldipine;3;C;0;0,1249528788030147;0;0;0,057307;0,288;0
nisoldipine;4;C;1;0,6081466495990753;3;1;0,096451;0,016;0
nisoldipine;5;C;1;0,5050129473209382;3;1;0,093304;0,032;0
nisoldipine;6;N;0;0,0109560627490282;0;0;0,148144;0,168;0
nisoldipine;7;C;0;0,0029049939708784;0;0;0,032494;0,044;0
nisoldipine;8;C;0;0,0103171522263437;0;0;0,57046;0,016;0
nisoldipine;9;O;0;0,0030062442179769;0;0;0,022876;0,024;0
nisoldipine;10;O;0;0,0014277031412348;0;0;0,426458;0,12;0
nisoldipine;11;C;0;0,000938611687161;0;0;0,153539;0,168;0
nisoldipine;12;C;0;0,0007259644364239;0;0;0,005119;0,08;0
nisoldipine;13;C;0;0,0005897663155337;0;0;0,004893;0,02;0
nisoldipine;14;C;0;0,0005897663155337;0;0;0,004168;0,404;1
nisoldipine;15;C;0;0,0089904037769883;0;0;0,006721;0,004;0
nisoldipine;16;C;0;0,0017937824246473;0;0;0,020727;0,012;0
nisoldipine;17;C;0;0,0016956342384219;0;0;0,018729;0,056;0
nisoldipine;18;C;0;0,001777708530426;0;0;0,004195;0,324;1
nisoldipine;19;C;0;0,0029443625593557;0;0;0,010722;0,02;0
nisoldipine;20;C;0;0,02870281226933;0;0;0,115588;0,024;0
nisoldipine;21;N;0;0,9061845779418946;5;1;0,760213;0,14;0
nisoldipine;22;O;0;0,2510823130607605;0;0;0,47182;0,152;0
nisoldipine;23;O;0;0,9195846796035768;5;1;0,372947;0,196;0
nisoldipine;24;C;0;0,010720279905945;0;0;0,096983;0,196;0
nisoldipine;25;O;0;0,0030963565222918;0;0;0,001986;0,076;0
nisoldipine;26;O;0;0,0013410935760475;0;0;0,015178;0,092;0
nisoldipine;27;C;0;0,0008094034041278;0;0;0,0203;0,076;0
Zaltoprofen;0;O;0;0,0120758241042494;0;0;0,373857;0,004;0
Zaltoprofen;1;C;0;0,0179692121222615;0;0;0,519213;0,188;0
Zaltoprofen;2;O;0;0,0120758241042494;0;0;0,054239;0,0;0
Zaltoprofen;3;C;0;0,0225087450817227;0;0;0,264674;0,068;0
Zaltoprofen;4;C;0;0,0242293437942862;0;0;0,045149;0,016;0
Zaltoprofen;5;C;0;0,0021359834587201;0;0;0,064478;0,108;0
Zaltoprofen;6;C;0;0,0088638575747609;0;0;0,072664;0,016;0
Zaltoprofen;7;C;0;0,0053458903450518;0;0;0,099374;0,02;0
Zaltoprofen;8;S;0;0,003900006879121;0;0;0,493884;0,016;0
Zaltoprofen;9;C;0;0,0196615654975175;0;0;0,04334;0,044;0
Zaltoprofen;10;C;0;0,0031439341139048;0;0;0,01983;0,66;1
Zaltoprofen;11;C;0;0,0017265875241719;0;0;0,015312;0,016;0
Zaltoprofen;12;C;0;0,002133375883568;0;0;0,02616;0,068;0
Zaltoprofen;13;C;0;0,0102042075246572;0;0;0,022523;0,088;0
Zaltoprofen;14;C;0;0,0210221799090504;0;0;0,024388;0,1;0
Zaltoprofen;15;C;1;0,952519702911377;5;1;0,616301;0,056;0
Zaltoprofen;16;O;1;0,9426264882087708;5;1;0,150472;0,016;0
Zaltoprofen;17;C;0;0,0228788588196039;0;0;0,341466;0,216;0
Zaltoprofen;18;C;0;0,0028186514042317;0;0;0,072152;0,232;0
Zaltoprofen;19;C;0;0,002207610127516;0;0;0,069842;0,084;0
Zaltoprofen;20;C;0;0,0067664033733308;0;0;0,038792;0,124;0
p-Hydroxynefazodone;0;O;0;0,0063985798507928;0;0;0,215043;0,224;0
p-Hydroxynefazodone;1;C;1;0,0059813892003148;0;0;0,231142;0,128;0
p-Hydroxynefazodone;2;C;1;0,0032904275227338;0;0;0,108145;0,1;0
p-Hydroxynefazodone;3;C;1;0,001979689777363;0;0;0,074824;0,032;0
p-Hydroxynefazodone;4;C;1;0,0050042219692841;0;0;0,131895;0,184;0
p-Hydroxynefazodone;5;C;1;0,0021479669609107;0;0;0,038047;0,428;1
p-Hydroxynefazodone;6;C;1;0,0048891988815739;0;0;0,21749;0,696;1
p-Hydroxynefazodone;7;Cl;0;0,0021800661925226;0;0;0,160776;0,052;0
p-Hydroxynefazodone;8;N;0;0,0008714705880265;0;0;0,175544;0,492;1
p-Hydroxynefazodone;9;C;0;0,0004128380416659;0;0;0,141462;0,824;1
p-Hydroxynefazodone;10;C;0;0,0003143467693007;0;0;0,118147;0,012;0
p-Hydroxynefazodone;11;N;0;0,0003562827085261;0;0;0,1483;0,028;0
p-Hydroxynefazodone;12;C;0;0,0003357269568368;0;0;0,069513;0,036;0
p-Hydroxynefazodone;13;C;0;0,0004245900621754;0;0;0,047463;0,024;0
p-Hydroxynefazodone;14;C;0;0,0014429807080887;0;0;0,043541;0,632;1
p-Hydroxynefazodone;15;N;0;0,0104591086972504;0;0;0,233664;0,544;1
p-Hydroxynefazodone;16;N;0;0,0134049786021932;0;0;0,184982;0,056;0
p-Hydroxynefazodone;17;C;0;0,0131567992269992;0;0;0,052027;0,016;0
p-Hydroxynefazodone;18;N;0;0,0054782512132078;0;0;0,108348;0,056;0
p-Hydroxynefazodone;19;C;0;0,0074931626906618;0;0;0,241654;0,076;0
p-Hydroxynefazodone;20;O;0;0,011923892982304;0;0;0,076352;0,016;0
p-Hydroxynefazodone;21;C;0;0,0023925816174596;0;0;0,077482;0,036;0
p-Hydroxynefazodone;22;C;0;0,000722389362636;0;0;0,241748;0,012;0
p-Hydroxynefazodone;23;O;0;0,0010660639847628;0;0;0,367909;0,004;0
p-Hydroxynefazodone;24;C;0;0,0038495413027703;0;0;0,033508;0,148;0
p-Hydroxynefazodone;25;C;0;0,0015441343537531;0;0;0,040766;0,004;0
p-Hydroxynefazodone;26;C;0;0,001668881624937;0;0;0,048249;0,012;0
p-Hydroxynefazodone;27;C;0;0,001395574590424;0;0;0,010233;0,08;0
p-Hydroxynefazodone;28;C;0;0,001668881624937;0;0;0,050962;0,012;0
p-Hydroxynefazodone;29;C;0;0,0015441343537531;0;0;0,057289;0,052;0
p-Hydroxynefazodone;30;C;0;0,0012605394585989;0;0;0,057116;0,696;1
p-Hydroxynefazodone;31;C;0;0,0004471362772164;0;0;0,043035;0,02;0
p-Hydroxynefazodone;32;C;0;0,0003143467693007;0;0;0,144497;0,144;0
p-Hydroxynefazodone;33;C;0;0,0004128380416659;0;0;0,142992;0,052;0
Nimodipine;0;C;0;0,0029049078933894;0;0;0,037771;0,048;0
Nimodipine;1;C;1;0,5045609280467034;3;1;0,038001;0,06;0
Nimodipine;2;C;1;0,6094142019748687;3;1;0,040959;0,052;0
Nimodipine;3;C;0;0,1270765215158462;0;0;0,099894;0,36;1
Nimodipine;4;C;1;0,6256048500537872;3;1;0,060681;0,012;0
Nimodipine;5;C;1;0,5147387966513634;3;1;0,073453;0,008;0
Nimodipine;6;N;0;0,0109595756977796;0;0;0,047655;0,068;0
Nimodipine;7;C;0;0,0029083394212648;0;0;0,036787;0,14;0
Nimodipine;8;C;0;0,0140558817889541;0;0;0,604181;0,052;0
Nimodipine;9;O;0;0,0040590778458863;0;0;0,018701;0,572;1
Nimodipine;10;O;0;0,0019571753917261;0;0;0,372601;0,052;0
Nimodipine;11;C;0;0,0016500194673426;0;0;0,058528;0,012;0
Nimodipine;12;C;0;0,0007120105437934;0;0;0,005566;0,012;0
Nimodipine;13;C;0;0,0007120105437934;0;0;0,003948;0,004;0
Nimodipine;14;C;0;0,012558293249458;0;0;0,00291;0,296;0
Nimodipine;15;C;0;0,0029083839152008;0;0;0,031627;0,004;0
Nimodipine;16;C;0;0,0379776962101459;0;0;0,047107;0,0;0
Nimodipine;17;C;0;0,0024490162730216;0;0;0,009599;0,06;0
Nimodipine;18;C;0;0,0022927285870537;0;0;0,007221;0,068;0
Nimodipine;19;C;0;0,001658947172109;0;0;0,025414;0,016;0
Nimodipine;20;N;0;0,9180877089500428;5;1;0,603066;0,048;0
Nimodipine;21;O;0;0,2555416136980056;0;0;0,364898;0,288;0
Nimodipine;22;O;0;0,92878919839859;5;1;0,316123;0,024;0
Nimodipine;23;C;0;0,010297726560384;0;0;0,567927;0,024;0
Nimodipine;24;O;0;0,0030064087361097;0;0;0,007629;0,16;0
Nimodipine;25;O;0;0,001360652083531;0;0;0,438612;0,08;0
Nimodipine;26;C;0;0,0007575967814773;0;0;0,090592;0,08;0
Nimodipine;27;C;0;0,0003579959302442;0;0;0,01941;0,052;0
Nimodipine;28;O;0;0,0003176505822921;0;0;0,014919;0,032;0
Nimodipine;29;C;0;0,0002709683816647;0;0;0,004204;0,056;0
